"","plot_ID","SP_code","b0","b1","b2","bias","rsme","R2","mean_h","SSres","SStot","pseu_R2","diff_h"
"1","50001","gki",41.8249616579206,0.000703887865825851,0.165162468240026,0.0205254167672448,3.48984692714938,0.475896713425517,22.32,3.03368958983819,5.78800000000001,0.475865654830997,0.00458127302244904
"2","50002","gki",7.16456727426983,0.000345070549529589,-0.238886524980744,-0.0360177879981981,9.40344835824799,0.166173438066598,21.14,19.7585130423444,23.692,0.166025956342039,-0.00761416038281908
"3","50003","dgl",11.7797857079687,0.317994672359713,6.77051651708304,0.000195928261500658,9.16964771289114,0.681221159712387,10.5,4.63504445971645,14.54,0.681221151326241,2.05724674575691e-05
"4","50003","vbe",20.7834373884609,0.00455339811259492,0.30087860043644,0.022380073290193,5.38919401249324,0.523122718676449,8.08,0.948069910002857,1.988,0.523103667000574,0.0018083099218476
"5","50004","gfi",34.3822433666618,0.0753754593022385,1.86172717048509,0.00157232677054853,2.92106338641035,0.926027850805099,30.2,6.22566625346064,84.16,0.926025828737397,0.000474842684705656
"6","50005","bah",83.3385011826619,0.000885914022796,0.356926290264096,0.0696069876353006,4.02031984591638,0.927493015811455,20.6666666666667,4.14203087162502,57.0933333333333,0.927451584453088,0.0143854441112955
"7","50006","hbu",39.8522001804777,0.00188420083984001,0.280903188543459,0.0161935037972791,1.83685335266207,0.969664153202712,13.975,0.263580085792761,8.68749999999999,0.969659846239682,0.00226304215566975
"8","50006","rbu",131.651982097841,0.000400218374849432,0.457889921769979,0.0838512304469654,17.2237302728877,0.493856314325928,15.6833333333333,43.7806724592701,86.4883333333333,0.493796784237525,0.0131506679750991
"9","50006","rei",28.306577138679,0.107375911082193,2.81246658497328,-0.00494334432866019,5.37722359301457,0.910350637626637,25.35,11.1486779091719,124.355,0.910347972263505,-0.00125313778731536
"10","50007","pa",25.9088853787372,0.101348877474104,1.9999251691872,0.000817304864131355,3.14550347123313,0.939924909479514,21.9714285714286,3.34345104404546,55.6542857142857,0.939924643697525,0.000179573554433432
"11","50007","sbi",10.6145733436455,0.000126492471961313,-0.0605727625699739,-0.0202992697616814,6.9762824750698,0.0783552191777796,15.56,5.89165494958326,6.39199999999999,0.0782767600777119,-0.00315856637491763
"12","50008","gfi",18.3190274870511,0.213711488716055,4.62876420765797,-0.00161060683228285,3.13887914501311,0.958472815329339,16.38,1.32174290643785,31.828,0.958472322909456,-0.00026381739912793
"13","50009","gfi",99.3526309975049,0.00063306644621867,0.345166444488366,0.0638205392190194,5.74591510888724,0.534143384644577,28.06,12.9976173878167,27.892,0.534001957987355,0.0179080433048568
"14","50010","sbi",11.8612698638535,0.267855805967651,3.0314615042755,-0.0046496996005538,8.80784274052937,0.770781903671347,9.48,3.48598715791084,15.208,0.770779382041633,-0.0004407915221325
"15","50011","rbu",30.707994741361,0.0015868130290603,0.151403936317452,0.0183035036805997,1.93886985818826,0.72497409378495,19.98,0.75034033071066,2.728,0.724948559123658,0.00365704003538383
"16","50011","tei",16.0845334213501,0.169897330469753,6.52199350123489,0.00379524601510996,8.45714469544565,0.782625239553593,14.7,9.27328147140728,42.66,0.782623500435835,0.000557901164221164
"17","50012","mbi",99.3976070868306,0.000807926220211145,0.413755561205444,0.0585124600283189,6.94806549060081,0.792120726128401,18.76,8.49500187569657,40.852,0.792054198675791,0.0109769375013126
"18","50012","sei",60.1629180109403,0.00295074963358167,0.409605496030115,0.0129686442546343,2.91732678747469,0.892706588507248,22.4,2.13518839634407,19.9,0.892704100686228,0.00290497631303808
"19","50013","mbi",19.0479725118396,0.500143379137094,195.071565968517,0.00019877041940305,3.81322914394872,0.840082187428111,17.94,2.33991827315521,14.632,0.840082130046801,3.56594132409072e-05
"20","50013","sei",31.1635904542663,0.0355987753903593,1.24238534137469,-0.0482778437839239,4.04204507685083,0.98532979425474,18.1428571428571,3.76453818595328,256.237142857143,0.98530838213392,-0.00875898022936905
"21","50014","sei",22.3747996726818,0.150152652448367,4.08582565699174,-0.000589905431461216,2.07195410143117,0.993892577512079,19.26,0.796237873172625,130.372,0.993892569929336,-0.00011361578609943
"22","50015","gfi",31.2157354259548,0.343317210445079,16161.7636613048,-0.00925063498937725,1.16147152047786,0.930933711007105,30.04,0.608677140320851,8.812,0.930926334507393,-0.00277889075080893
"23","50016","rbu",32.873395406798,0.0770706544033122,6.46400699302379,0.000307206388932356,4.83427986580034,0.441033684872049,30.1,10.5868454561689,18.94,0.441032446875982,9.24691230686392e-05
"24","50017","rbu",297.406649441063,0.0026141571197872,0.997323329206887,0.298739710028011,13.8088564071739,0.661140104037525,12.05,11.0751473316261,32.53,0.659540506251887,0.0359981350583753
"25","50017","tei",35.4584471578894,0.00114624788475162,0.165232172172742,0.0279494557448026,4.96439553080625,0.232125177146168,20.36,5.1080872132086,6.652,0.232097532590409,0.0056905091896418
"26","50018","eta",89.2325825009916,0.00603354053317638,1.03794698452798,0.0414053230871324,5.79655459807804,0.857886973000064,6.8,0.776833045220512,5.46,0.857722885490749,0.00281556196992501
"27","50018","gki",7.77591509689596,0.349576080538047,19.0778650022148,-0.00306931594218868,9.71177384181932,0.600243556661926,5.73333333333333,1.86021334490603,4.65333333333333,0.600240685192113,-0.000175974114018818
"28","50018","nta",62.6441659099712,0.00280112068182394,0.681866235369267,0.0141442977926253,6.1601868317609,0.74623266154983,5.34,0.541053594315412,2.132,0.746222516737611,0.000755305502126191
"29","50019","gfi",51.9043065783065,0.00154279577869867,0.262874965710384,0.0214317038939091,0.843508359591627,0.969837018471059,24.28,0.209723043317052,6.948,0.969815336310154,0.00520361770544113
"30","50020","gfi",37.0491821075382,0.0407719730199299,1.77638067815691,0.00182988989730263,4.1774697321946,0.970703046695785,17.95,2.24913498472861,76.77,0.970702944057202,0.000328465236565822
"31","50020","gki",28.873236546183,0.039438407842875,1.04102624595677,-0.000343969228502714,2.70530411971541,0.908126804325686,19.76,1.42881523591206,15.552,0.908126592341045,-6.79683195521363e-05
"32","50021","gki",36.1977640174219,0.000616237829570837,0.127176087871019,0.0188194384554869,2.55554099780912,0.433955150729949,22.22,1.61221819724268,2.848,0.433912149844567,0.00418167922480919
"33","50022","gki",24.7688888594697,0.0517302886247897,0.950879763194657,-0.00233048878497093,2.33159060333461,0.968919664291372,19.575,1.6664723842936,53.615,0.968917795686028,-0.00045619317965806
"34","50022","tei",17.8605199136035,0.327746867961436,153.540158080566,-0.00943964460782351,0.13167499013266,0.999980821856068,14.7,0.00112399017029477,57.66,0.999980506587404,-0.00138762775735006
"35","50023","ela",28.2897683536026,0.0891539136048072,3.3172037314698,0.0183410689590987,3.45419060372761,0.982518263766841,20.6,3.03793367518731,173.7,0.982510456677102,0.00377826020557433
"36","50023","rbu",20.5305730057135,0.29954513772647,9.97617349876816,0.000535598676804558,3.80984482603253,0.980427278139852,15.66,1.77978726310283,90.932,0.980427272433216,8.38747527875938e-05
"37","50024","rbu",59.9676426658176,0.00473639168891657,0.567201795999427,0.0088884082335026,6.3877852237706,0.41220798587049,31.08,19.7075499275645,33.528,0.412206217860757,0.00276251727897261
"38","50025","sbi",23.1270288396412,0.489426819271197,5522.93111911193,-0.025933939014561,1.97567096873324,0.940190588640491,22.1,0.762559568838309,12.74,0.940144460844717,-0.00573140052221799
"39","50025","sei",63.1808466438343,0.000783337798412079,0.320844227360531,0.0404753351171473,2.06521397724025,0.935405460562712,20.9714285714286,1.31305882368782,20.3142857142857,0.935362786456999,0.0084882559931389
"40","50026","rbu",36.303342259158,0.0117119521644512,0.617086766769844,0.00063565449800225,5.32091161169961,0.957876119977769,12.26,2.12776192950235,50.512,0.957876110043111,7.79312414550759e-05
"41","50026","rei",37.8959520071798,0.000509612293409862,0.104984234457209,0.0176237192870161,7.54288784276387,0.0217613766498707,25,14.2237892521287,14.54,0.0217476442827551,0.00440592982175403
"42","50027","gki",63.7166776046747,0.00297599274799979,0.473289654232843,0.018889753515706,2.3923809188145,0.849596262398381,21.32,1.30078363610879,8.648,0.849585610995746,0.00402729544954852
"43","50027","rbu",88.9353268037076,0.00148734869908931,0.455503335325547,0.0282408783324444,7.97807297844541,0.893539582901377,18.5285714285714,15.2960016383455,143.674285714286,0.89353695713676,0.00523263131388292
"44","50028","gki",27.4941459476768,0.0665005092233092,5.3295302411514,0.00105216748576033,1.31766299341297,0.99364889057828,20.16,0.35282533110526,55.552,0.993648737559309,0.000212116965129283
"45","50028","rbu",118.222907905004,0.000869041437392207,0.509587089227374,0.0943671396862228,5.31983253023263,0.957083269520955,16.04,3.64061415927467,84.772,0.957054048986993,0.0151364892056701
"46","50028","slb",136.518342706953,0.00468204896367473,0.868419122538998,0.105637322189365,7.63513435628914,0.816237777605664,8.7,2.20618474438732,11.98,0.81584434520974,0.00919044703047476
"47","50028","tei",20.5587773536107,0.116320780636376,2.12895382205004,-0.00429950685152081,4.57510150645431,0.940449105636818,17.1833333333333,3.70823755880121,62.2683333333333,0.940447457635483,-0.000738798593986327
"48","50029","ski",18.1823773298437,0.243269609139846,14.2036646543663,-0.00186564642986506,2.96979662769038,0.947885058498169,16.6,1.4582125981391,27.98,0.947883752746994,-0.0003096973073576
"49","50030","rbu",28.4590845044998,0.0900291084615715,1.87644966972552,-0.0129487222920374,7.30497570206001,0.812266755681409,26.3,44.2925102611405,235.9,0.812240312585246,-0.00340551396280582
"50","50031","rbu",31.0275436183504,0.0642415632239414,1.21727073126773,0.000793604119473628,6.50554389681033,0.699578392519082,27.7571428571429,22.825210137579,75.9771428571429,0.699577935162731,0.000220281829162466
"51","50031","sei",31.169455397013,0.0795442384084021,4.65860605989195,-4.50210116219253e-05,1.63608732560478,0.818069293786082,28.72,1.10395618255004,6.068,0.818069185472966,-1.29300345378169e-05
"52","50032","gfi",24.9303449572243,0.429846456452349,1110.0451422831,-0.00731536356559788,4.71713892274495,0.630267732073907,24.08,6.45119698128733,17.448,0.630261521017462,-0.00176153954659597
"53","50033","bah",24.1070703251028,0.171262505983537,5.24025577201718,0.0103804183740344,7.91912804169655,0.829521277479359,21.2625,22.6815834442319,133.03875,0.829511451030381,0.00220713645677906
"54","50033","ges",154.088497912448,0.000774734182257328,0.495790803062271,0.154215142073073,16.5756915003973,0.479216667614412,23.25,89.1128791067866,170.955,0.478734876974721,0.0358550205319895
"55","50033","sli",181.602156860298,0.00120390265881055,0.592437721388253,0.221706730317263,12.4417379331477,0.86038518648206,18,20.0616708265077,143.46,0.860158435616146,0.0399072114571073
"56","50033","wli",414.946621455437,0.00316335413838821,1.0777849487995,0.303189162120237,2.95083055719046,0.994750490241674,16.475,0.945364700950167,173.3275,0.994545789323967,0.049950414459309
"57","50034","rbu",35.7456231685354,0.0511735307352525,1.82830405308069,-0.000176409380590933,3.11193565656551,0.708954217948827,32.7714285714286,7.28031222065949,25.0142857142857,0.708953823274606,-5.78118741536571e-05
"58","50035","gki",197.915365722932,0.00253131288683342,0.85285556290395,0.143479269313766,6.00350661985754,0.956829356388284,20.84,7.82664113804118,180.932,0.956742637355243,0.0299010797249888
"59","50036","gki",85.2578082624087,0.00130718873279378,0.46814313175138,0.0312427073697314,7.57944536746732,0.546183018351613,23.2,18.5524843537739,40.88,0.546172104848976,0.00724830810977769
"60","50036","sbi",13.5656471159634,1.22087498686982,257025.59969728,-0.0684401977404096,10.5918550946806,0.450850178159202,12.85,7.40986520920594,13.49,0.450714217256788,-0.00879456540964263
"61","50036","sei",149.305348565695,0.000860027524555592,0.650146970683684,0.319774233187422,9.64997765985534,0.916595824962506,9.5,3.36170668496903,39.92,0.915788910697169,0.030378552152805
"62","50037","bah",4.95591671672405,0.00344050011785671,-0.283676076722834,-0.0173160547479315,1.31135742550839,0.895557786693786,12.2,0.102381576396149,0.979999999999999,0.895529003677399,-0.00211255867924764
"63","50037","hbu",14.1959092942928,0.797863784212801,1993.82011523533,-0.173961060468349,3.20438586652666,0.986172380480409,10.68,0.585601424920949,42.048,0.98607302547277,-0.0185790412580197
"64","50037","tei",27.6362388622287,0.31400188117155,12527.0129462976,-0.00284486452479581,7.1967902935922,0.89527792672911,25.0285714285714,22.7116067438317,216.874285714286,0.895277549069361,-0.000712028949634609
"65","50038","rbu",26.8928820753186,0.0972025033572025,1.9359208695656,0.119316813344236,7.34590534011348,0.931630310234045,21.46,24.8513559944289,362.124,0.931373352789572,0.025605388143673
"66","50039","bah",20.9468529188541,0.305721393770149,11.9682212118631,0.0117262849262414,6.87306257364894,0.860797145627238,19.1625,13.8769785940092,99.67875,0.86078297938117,0.002247049348991
"67","50039","ser",22.6443010909826,0.0987707154976446,1.3185046944455,-0.00713430756293125,7.92476309564522,0.731222399173838,19.2833333333333,14.0116101061799,52.1283333333333,0.731209321107908,-0.00137573230838524
"68","50039","wli",17.5020809335818,0.38320484881791,35.5250780432792,1.36061374932785e-13,1.70705470232329e-13,1,15.6666666666667,2.14570166220115e-27,9.24666666666666,1,2.1316282072803e-14
"69","50040","rbu",80.0902136665461,0.00224586398932625,0.429853426319145,0.00722946155150303,6.64725460144348,0.703161013531791,27.9285714285714,24.1257103872012,81.2742857142857,0.703156906576657,0.00201908533331263
"70","50040","sei",51.4864924877928,0.000950545924743247,0.179912218972822,0.0181844155789373,8.21641626154909,0.0178096816361652,29.64,29.6545453389475,30.192,0.0178012275123386,0.00538986077759702
"71","50041","dgl",34.7155229805908,0.084615340429349,3.70731210505665,0.00172166915790107,4.08032655979876,0.875650681221309,29.5166666666667,8.7031349264825,69.9883333333333,0.875648775846224,0.000508179346440466
"72","50041","gfi",30.5792438416716,0.369736513938702,1942.1921094216,0.000730747860762924,1.97742954355543,0.976915170867168,27.9,1.21750410636103,52.74,0.97691497712626,0.000203878653152856
"73","50042","gfi",32.1624109031843,0.0590085490100322,1.15167082501097,-0.00132509126214668,3.16968611128293,0.974871628052372,26.1666666666667,4.12743809460054,164.253333333333,0.974871510910379,-0.000346732213595047
"74","50042","ser",195.689252958993,0.000990857646948532,0.636993939655093,0.303986762072384,13.7156366415737,0.827832131758448,12.26,14.1378342905647,81.852,0.827275640295109,0.0372687770300743
"75","50043","jla",33.9248787014996,0.0584852238855096,1.22435433076874,0.00313224028924681,3.63465978982088,0.90408712690843,26.5,4.63862522147046,48.36,0.904081364320296,0.000830043676650405
"76","50043","rbu",26.3500336144692,0.0710552950649176,1.21197171398416,0.0375498880567259,4.80601687934161,0.953139038151629,19.7,5.37841471242864,114.62,0.953076123604706,0.007397327947175
"77","50044","ela",28.2643515400697,0.00405667939716413,0.381673103664397,0.0321700694119107,7.02589420719994,0.321423351587544,8.88,1.94625234153614,2.868,0.321390396953926,0.00285670216377767
"78","50044","sbi",11.8723024667565,0.229644896407599,1.87892528389362,-0.000685699825138475,3.0382292443642,0.935344937709019,8.72,0.350949035839047,5.428,0.93534468757571,-5.9793024752075e-05
"79","50045","jla",33.3155663479355,0.577294940946332,12526768.4048298,0.019007690258487,3.94444333591417,0.37807736216808,32.66,8.29800721802188,13.332,0.377587217370096,0.00620791163842185
"80","50045","rbu",22.8428890638392,0.142897640116202,2.89799077380243,0.122943425076772,53.2655080119983,0.228290308756035,18.625,787.362445577208,1020.215,0.228238708921935,0.0228982129205488
"81","50045","sbi",54.6934845591037,0.0109482706487486,0.45095988812938,0.0108337020931403,2.82465047063356,0.606652052146252,30.04,3.59997338982041,9.152,0.606646264224168,0.00325444410877935
"82","50046","rbu",26.1401024212499,0.14270928789926,1.89175979333796,0.00069572145731887,1.58161748123261,0.965823035039378,24.5857142857143,1.05844090050783,30.9685714285714,0.96582209473404,0.000171048089720825
"83","50047","gfi",130.465912321589,0.000480607933619571,0.491690762219009,0.155121510039784,14.5360593963021,0.589379780827014,14.3833333333333,26.2279120589154,63.7883333333333,0.588829011696255,0.0223116438607223
"84","50048","ela",31.2157805018024,0.356780915549384,8174.58032444535,-0.0062432969492821,0.294797707842918,0.989162579005482,30.55,0.0324437185549648,2.99,0.989149258008373,-0.00190732721800568
"85","50048","gfi",29.5427660436034,0.143054613179348,3.52303682178681,0.00128779619839147,6.0025891580584,0.639617109801216,25.76,11.9547076679681,33.172,0.639614504161095,0.000331736300705643
"86","50049","gfi",40.132370483,0.000586735931719721,0.0757910909534243,0.00314410160584842,1.60030726980636,0.410180365113237,30.2,1.16785963082171,1.97999999999999,0.410171903625397,0.000949518684966222
"87","50050","gfi",15.0192989961668,0.0951311242904874,1.10180100800964,0.0159501578051388,9.07761475116842,0.758697712148421,11.3,5.26102525363691,21.8,0.758668566346931,0.00180236783198069
"88","50051","rbu",34.2635975641121,0.239970650146976,274851.039647308,-0.233638617250726,1.68805158375523,0.944792507267885,32.3,1.48643689505343,25.38,0.941432746451796,-0.0754652733719844
"89","50052","gfi",662.312384783441,0.281927232750324,78.4590984591677,0.0383425524815126,12.6693221203655,0.456403655077182,6.13333333333333,1.81142829784509,3.32666666666667,0.455482475597669,0.00235167655219944
"90","50052","rbu",21.3123513487029,0.294978858907091,19.6285422160448,0.026034833822229,4.14724200871908,0.9785424268266,16.6,2.36976313090468,110.38,0.978530864912985,0.00432178241449002
"91","50052","tei",28.2895879556849,0.032445556623252,0.67420234482168,0.00117271565450012,6.98725370524736,0.598967691927122,21.35,13.3524215312551,33.295,0.598966165152271,0.000250374792235775
"92","50054","rbu",28.108143209988,0.0640655802692909,1.45713924534361,-2.55436285059477e-05,3.54154693976474,0.628514691559147,26.38,4.3642095107259,11.748,0.62851468243736,-6.73840919986901e-06
"93","50055","rbu",25.8063070760931,0.0499081954195104,1.09773360854505,-0.0220655500206498,12.2678351077246,0.695156678466107,20.7888888888889,58.5384104626634,192.008888888889,0.695126560018072,-0.0045871826765151
"94","50055","tei",25.104212259344,0.00401070739461846,0.078532625716206,0.000132429362431022,3.65018005300398,0.252783723305547,21.3857142857143,4.26554114686984,5.70857142857142,0.252783082380157,2.83209650798913e-05
"95","50056","rbu",30.2677012740197,0.159785999549285,11.6326928052444,-0.0343206762994316,6.08307123972399,0.942781106848717,26.4,20.6321100623512,360.38,0.942749014755671,-0.00906065854304994
"96","50057","rbu",180.060259205312,0.0014235664430819,0.715153364184077,0.120668348231717,8.78971739685984,0.852580773091268,16.5333333333333,12.6713217317394,85.8733333333333,0.852441715723864,0.0199505002409772
"97","50057","tei",19.404776999601,0.932228448846837,1685498.43209375,-0.0725787902205076,9.05389880121076,0.477747065415591,18.7285714285714,20.1269800072304,38.5142857142857,0.4774152075274,-0.0135929705684408
"98","50058","pa",36.443629606465,0.3202537415825,-1545897.26492493,0.0123001930729686,3.95975655146088,0.0705312748966341,36.78,10.6054823660241,11.408,0.07034691742426,0.00452401101223785
"99","50058","ser",125.518215744914,0.00104185223598416,0.522970408470401,0.101282737139357,7.84702309563085,0.711450649547329,15.375,5.82237404043271,20.1275,0.710725423404163,0.0155722208351761
"100","50059","sbi",35.4900559318908,0.0161025999882084,0.555136072561755,0.00635517559954162,0.338727091447521,0.998033500212624,17.6,0.0106621909556276,5.42,0.998032806096748,0.00111851090551932
"101","50059","sei",20.8605703608931,0.888144025505112,3048238.29452229,-0.0494730326708728,12.1095577750318,0.594027723851228,19.5666666666667,33.6853846273198,82.9533333333333,0.593923676436714,-0.00968022339260077
"102","50060","sbi",200.134950727706,0.00142647174115602,0.756854074176242,0.165737886375923,7.10084351534294,0.975812579624485,10.2285714285714,3.69273283946107,152.294285714286,0.975752650060759,0.0169526180921659
"103","50061","gfi",20.7936160776273,0.121736319453453,1.10899992577635,-0.00751816659823863,3.64233058371736,0.947629880975514,17.5166666666667,2.4423781312227,46.6283333333333,0.947620299577023,-0.00131693218245813
"104","50062","sbi",11.6140674606373,0.191597683378497,0.613466237204278,0.000114018217193711,3.61871405663022,0.467968034437572,10.62,0.738461014580932,1.388,0.467967568745726,1.21087346659721e-05
"105","50062","sei",9.05036426302235,0.67956725866085,20.539969559516,-0.041896915114878,9.2377862443714,0.0373995996801892,8.82,3.31927314426169,3.448,0.0373337748661006,-0.00369530791313224
"106","50063","ser",24.0332161029601,0.211886070477294,6.8778263949829,0.00343716963422729,4.29566977685404,0.884395539154999,21.7,4.34461451204778,37.58,0.884390247151469,0.000745865810627322
"107","50064","rbu",150.718018490303,0.000208706435929331,0.398694961293318,0.0476499065773728,7.68438644148843,0.910891334751152,22.8625,24.6919744019774,277.05875,0.910878200374551,0.0108939598912519
"108","50065","gfi",165.320889830426,0.00690511714785295,1.15941934532884,0.066851806436218,8.04905894789552,0.748651684955155,7.56,1.85141514195677,7.352,0.748175307133192,0.00505399656657808
"109","50065","sbi",30.2965416805881,0.0322722113650386,0.82471279892255,0.00907731345312399,15.7930058108221,0.451373510328844,11.5666666666667,20.0215308594589,36.4933333333333,0.451364700599409,0.00104994258941134
"110","50065","vbe",7.96707259532746,3.93210811438012e-09,-0.00682722072658079,-0.184903339374104,7.05077734748471,0,8.93333333333333,1.190206545834,1.12666666666667,-0.0563963424562093,-0.0165180316507533
"111","50067","rbu",26.0411647772869,0.109245314375349,1.76876671470384,-0.000343587429553118,6.35560456004064,0.897938800547554,22.5125,16.3776344944711,160.46875,0.897938791855292,-7.73501200781457e-05
"112","50067","tei",26.0717173565448,0.0549061003968052,0.437705348312773,0.00061569789374489,2.16379909429106,0.921400186633023,23.46,1.28842721365257,16.392,0.921399023081224,0.000144442725872551
"113","50068","rbu",30.2472730268513,0.0744342003706048,1.37463424656192,-0.00695370741072753,6.42675018503596,0.941983345028658,22.6555555555556,19.0798422449557,328.862222222222,0.941982262006176,-0.00157540104560816
"114","50068","tei",24.3915955954149,0.267187918411673,-374.740426702964,-0.000216372080770637,4.72981880491246,0.406969663348586,25.42,7.22786619311783,12.188,0.406968641851179,-5.50017829318961e-05
"115","50069","ges",26.7472786700167,0.143895472040362,2.31844064039002,0.00633807228542313,3.7541889331232,0.936920917106436,23.12,3.76684642298171,59.708,0.936912198985367,0.00146536231238983
"116","50069","ser",28.6771557532277,0.081278307117372,1.26968068501448,0.00747333014484516,5.53115724969596,0.880457929252433,23.6714285714286,11.9999376059157,100.374285714286,0.880448089662392,0.00176904400714406
"117","50070","gfi",31.7238475310922,0.0969248733122708,4.0372821521928,-0.000756204613300672,4.41127293073467,0.883880080140546,26.4285714285714,9.51422186509038,81.9342857142857,0.883879846121225,-0.00019985407637232
"118","50070","kta",21.5573591916587,0.118666177209521,2.87972197680313,-0.0131746166652297,5.13675874007361,0.986213309218553,10.08,1.34050798609824,97.228,0.986212737214606,-0.00132800135985516
"119","50072","gfi",35.8680187366736,0.0568762543192338,1.00389542287615,0.000606122710889613,3.6055918992051,0.672777374421718,32.9285714285714,9.86726877382028,30.1542857142857,0.672773917866487,0.00019958754980008
"120","50073","dgl",27.7597593534455,0.00255489657447541,-0.0488418265639206,-0.00247009838625063,3.10672117078279,0.0403673077268985,30.925,3.69218932063796,3.84750000000001,0.0403666483072239,-0.000763877925948009
"121","50073","gfi",27.6575459045162,0.563570687206533,144348.106509868,-0.0561884600260191,1.60661650098557,0.885419944195968,26.8,1.11235979838551,9.66,0.884848882154709,-0.0150585072869731
"122","50074","gfi",42.5966656369633,0.00368123112808841,0.248961666765788,0.0112270037506825,3.02251269036992,0.742985736820077,23.64,2.55270844244464,9.932,0.742981429475973,0.00265406368666135
"123","50076","gfi",28.2348896054975,0.0621622733645918,0.972586837564904,0.00440103630123195,4.29045206642562,0.855171213640346,23.6142857142857,7.18544675884007,49.6085714285714,0.85515715224362,0.00103927328656234
"124","50077","ges",76.1685487545542,0.000140518018377783,0.19354911631288,0.0278141860039774,13.3068465661101,0.293848820333124,26.46,61.9869092853903,87.772,0.293773535006718,0.00735963361665242
"125","50077","kir",15.6757563660913,0.797215439768345,30232.6516000586,-0.030863841681649,7.08619928492035,0.741120413666676,14.65,4.31084059901594,16.65,0.741090654713758,-0.00452155280636157
"126","50077","sei",64.6897512935433,0.000952272076925621,0.294321540633846,0.0339199185591036,6.51824852166252,0.361118029533586,24.92,13.1925245170475,20.648,0.361074945900452,0.00845284370492863
"127","50078","dgl",26.216799010109,0.243080044011327,20.5590158348547,-2.13651166250889e-14,6.18768417419405e-14,1,19.4,4.32295776061114e-28,82.46,1,-4.14483262526725e-15
"128","50078","ela",34.2817883993928,0.00396413835519915,0.120646790563529,0.00213858880527856,2.93433266946977,0.367239523815958,27.72,3.3080735280016,5.228,0.367239187451874,0.000592816816823216
"129","50078","kta",24.5051722718744,0.540564213060251,404.998734867106,-0.00411787708929358,7.06399519082786,0.768157793946715,23.02,13.2215214137337,57.028,0.768157371576529,-0.000947935305955383
"130","50079","gfi",2.32874411340316,6.18880651463897e-05,-0.301228340127878,-0.150947382911855,41.4366380074938,0.0729526830983547,16.3571428571429,321.574761387221,346.477142857143,0.0718730859547345,-0.0246906790620106
"131","50080","gfi",34.8205917568102,0.190827807779196,24.2153879378847,0.000152903967575671,3.52115382676452,0.498825751569987,33.58,6.99038965230513,13.948,0.498824946063584,5.13451523119101e-05
"132","50081","gfi",29.5717869191442,0.13764847077895,6.36142767947471,0.00013678388682634,2.41506938441968,0.93644130350643,26.14,1.99269300243587,31.352,0.936441279585485,3.57553080164053e-05
"133","50082","gfi",35.4250493757947,0.117045615604553,9.18768824731326,7.37796634301605e-05,1.15163748931924,0.923771829591276,33.68,0.752221527395574,9.86799999999999,0.923771632813582,2.48489906432781e-05
"134","50083","gfi",55.8943712459627,0.00288524067316268,0.318694432855607,0.0186501840912873,3.97304068748099,0.693582243122022,25.6,5.17244593909905,16.88,0.693575477541526,0.00477444712736954
"135","50085","gfi",33.6719329199345,0.0781452126606311,1.77889501325298,-0.000211969827369817,3.71543158487743,0.584287512381359,31.5666666666667,8.25329248909533,19.8533333333333,0.584286812167797,-6.69118088397387e-05
"136","50086","rbu",31.9928408307638,0.0968136396644851,2.4811875603805,0.00466551490907526,2.89205118514529,0.984649878784319,26.4875,4.6944409069682,305.80875,0.984649095531216,0.00123577826154131
"137","50086","sei",28.3044409811026,0.427653054701734,-754063.863526765,0.0540294757147625,5.00515138817709,0.0623600118948882,28.8,8.31149987391183,8.85999999999999,0.0619074634411023,0.0155604890058516
"138","50087","sei",38.2612410541536,0.0867815979899856,14.2644280468469,7.03451867845053e-05,3.26440571311775,0.774348109161224,34.02,6.16661565902271,27.328,0.774348080392904,2.39314325440887e-05
"139","50087","wli",52.3745040188261,0.002087139177255,0.281217886726952,0.0180052877923605,7.04536817695189,0.701455507942727,19.72,9.65141993710771,32.328,0.701453231344107,0.00355064275265349
"140","50088","ela",26.8859082366963,0.149052202719303,13.1030382283768,-9.32378144536501e-06,0.785645198866218,0.989395391835945,24.82,0.190119419840206,17.928,0.989395391575178,-2.3141625547396e-06
"141","50088","gfi",85.3728472612182,0.000973984547237984,0.386213699682814,0.038830771919023,4.24564165386723,0.856997361570221,21.55,5.02264484971212,35.115,0.856965830849719,0.00836803134854947
"142","50088","rbu",112.551598454678,0.000732445540867683,0.445900583880898,0.0760995506916546,4.99407152022565,0.904482726615061,16.8166666666667,4.23195067603192,44.2683333333333,0.904402303918559,0.0127974077746466
"143","50089","rbu",28.8434839464415,0.202576535279706,90.8696373224761,0.000168599099182484,2.96227603142501,0.796466813473448,27.8,3.39086613783335,16.66,0.79646661837735,4.68705495727306e-05
"144","50090","gfi",47.3000293864185,0.00181788147657023,0.242556425140434,0.0174078722582743,0.937248166018006,0.945137701153937,22.8,0.228322597693094,4.16,0.945114760169929,0.00396899487488653
"145","50091","gfi",31.8260071197656,0.0820954019806451,1.97118509493154,0.00173943986169864,3.00331343939034,0.911796816757026,27.5,4.09277582040727,46.4,0.911793624560188,0.000478345961967127
"146","50092","gfi",79.6956027659327,0.000416673121678444,0.216071311005993,0.0257594265723352,4.71196943195261,0.29059209871858,33.34,12.3397432656295,17.392,0.290493142500603,0.00858819281921654
"147","50093","rbu",148.717962816125,0.00754135310191808,1.46314262474713,0.0343530666517546,1.69003480756265,0.877008970535935,32.2,0.88843221270834,7.21999999999998,0.876948446993304,0.011061687461865
"148","50094","gfi",27.8882341857795,0.0847755341103984,1.41125587739603,0.00293525272628015,3.38464897211746,0.925452197112187,24.2428571428571,4.71295086950538,63.2171428571429,0.925448214574397,0.000711589125213915
"149","50095","rbu",33.6165988818156,0.0765135194756318,1.7023076049636,0.000729777437869779,2.56413285526243,0.967602578210315,28.7142857142857,3.79467968106464,117.128571428571,0.967602442044819,0.000209550378588322
"150","50096","gfi",28.2513420337116,0.317009100083779,2206.11608310451,-0.0275419395322592,1.84015675794113,0.916076996490824,26.8,1.21604384610017,14.48,0.916019071401922,-0.00738123979464547
"151","50096","jla",46.7674561612424,0.000908605143688563,0.169250404506655,0.0207480749061085,7.15043597331839,0.255986851423692,26.0166666666667,20.7644102206702,27.9083333333333,0.255978134822208,0.00539795748807255
"152","50096","rbu",1772.93329038024,0.00243667069584465,1.61966839297894,3.77715898178667,46.1900426031572,0.627537551455322,9.9,104.553149348571,275.72,0.6207995453773,0.37393873919688
"153","50097","gfi",55.1424624222982,0.0019361839371847,0.236877480187018,0.0152449984787849,5.26357665947712,0.345751744689581,31.0833333333333,16.0608426318334,24.5483333333333,0.345746107739831,0.00473865369382231
"154","50097","rbu",29.8791105058287,0.0896661033224189,2.29724292643248,0.00297101746201721,3.47355375063299,0.945523613479069,26.48,4.23013291111975,77.648,0.945521675881932,0.000786725423942158
"155","50098","gfi",9.80810004050385,0.349677839029305,3.83950450844819,-0.000719642233264924,6.37090980459484,0.531324856739078,8.56666666666667,1.78721952721456,3.81333333333333,0.531323550555623,-6.16493513163618e-05
"156","50099","rbu",70.8356580398089,0.000215034773604882,0.16771038875072,0.0249528708959701,4.52263960597049,0.466542412136339,32.2285714285714,14.8718197795915,27.8742857142857,0.466468130088456,0.00804195382018692
"157","50100","gfi",21.5047918977172,0.119488506374828,1.9846165829391,-0.00563664301838364,4.53096697605289,0.910994818780262,17.74,3.23042028720178,36.292,0.910988088636565,-0.000999940471461258
"158","50100","rbu",15.6236840196477,0.556158748856055,86.0148949367579,-0.0318374805603506,0.119132768235903,0.999911144230626,12.7666666666667,0.000693966905669446,7.00666666666667,0.999900956198049,-0.00406458501820476
"159","50101","gfi",26.4136976072547,0.156847192176885,4.11710435388771,0.00105845604769654,3.9674924156127,0.870917147519696,24.5571428571429,6.64486135456125,51.4771428571429,0.870916274957183,0.000259926563712907
"160","50101","sbi",110.604536443355,0.000422795835891833,0.349621637224076,0.0669129388637168,5.34944270727738,0.78290853222622,22.14,7.01362139826618,32.272,0.782671622512823,0.0148145246644269
"161","50102","rbu",25.7928321633632,0.183592782751183,16.8230829261338,0.162751003482127,7.61014384041349,0.949115409593384,21,17.8781410981995,349.74,0.948881623210958,0.0341777107312467
"162","50103","dgl",78.4214014818731,0.000855575231560495,0.308141455576678,0.0266954896785454,4.92582619614633,0.75850799293282,26.7142857142857,12.1211364762471,50.1885714285714,0.758488115297366,0.00713150938555428
"163","50103","gfi",27.3147168556661,0.248158592576788,34.0739803606386,2.21996102525032e-05,1.50182683184829,0.96355279094936,25.86,0.754165678096459,20.692,0.963552789575853,5.74081921129731e-06
"164","50104","gfi",28.3093882627426,0.125237820008116,3.06937505374998,-1.20762825312064e-05,2.96003893352496,0.334420247457307,27.55,3.99015074697345,5.99500000000001,0.334420225692502,-3.32701583734734e-06
"165","50104","rbu",113.880955963831,0.00113119832260752,0.422442704505998,0.0562081890744281,3.16440352377465,0.932340591677648,22.8,2.60269583595922,38.44,0.932291991780457,0.0128154671089696
"166","50105","rbu",24.9548929656535,0.185495619821554,8.05184849727048,0.00893995345511917,2.44086014842557,0.987619995955466,22.0666666666667,2.61096934248383,210.84,0.987616347265776,0.0019727497290963
"167","50106","rbu",31.764219296972,0.271317939915864,560.593002930197,-0.000965443352431642,2.05008808011603,0.943989829521751,29.9571428571429,2.64024276946071,47.1371428571429,0.943988061018836,-0.000289219244292736
"168","50107","gfi",42.7795704941659,0.0531823465765387,1.94252206741398,0.00147721931886975,6.14651892734492,0.67369172583356,35.6625,38.4389931027935,117.79875,0.673689295490882,0.000526813339591925
"169","50108","rbu",31.1125705708531,0.0781125682699139,1.87329353692472,-0.0475121127823421,12.3944523992396,0.841003243761752,22.46,38.7475454190807,243.652,0.8409717735989,-0.010671220530914
"170","50108","tei",31.9222827648169,0.155845834898704,31.5103131074272,-7.75337517903686e-06,1.78734628740298,0.757201277499561,30.22,1.45873475203255,6.008,0.757201272963957,-2.34306997910493e-06
"171","50109","gfi",121.687123535426,0.00111456860261615,0.534708964244662,0.0602691972540075,6.65844447280194,0.760271604262026,19.72,8.62043914321764,35.948,0.7601969749856,0.0118850856984903
"172","50109","jla",20.4676689655578,0.361334676039702,7422.44549523661,-0.228611409525509,9.58643241080926,0.0621117324920814,19.4666666666667,10.4476464778628,11.1266666666667,0.0610263800602628,-0.0445030210542991
"173","50109","rbu",157.481036083797,0.00316834061854358,0.921430780450711,-0.00480631382082272,12.739795654187,0.857327486131661,12.26,12.1976416063743,85.492,0.857324175286877,-0.000589254074432866
"174","50109","sei",62.4844459128494,0.00224529205505393,0.531711860569701,0.0491083383477404,14.7692471131628,0.385470000981141,11.08,13.3895579466928,21.788,0.385461816289115,0.00544120388892964
"175","50110","gfi",38.3774165306048,0.158723566898661,126.300755363091,9.59475594841211e-05,2.28117118709111,0.650239239637709,37.34,3.62772523906133,10.372,0.650238600167631,3.58268187113709e-05
"176","50111","gfi",31.597506127209,0.0497282914077068,1.05236991692796,0.00318512544673807,2.3664482002883,0.988600072903165,23.9166666666667,1.92196978910563,168.588333333333,0.988599627559604,0.000761775836011521
"177","50111","rbu",22.1137838431241,0.282004914770283,7.74612878364674,0.0827638998398642,8.79613318189685,0.902280944941536,18.7285714285714,18.9972586664008,194.154285714286,0.90215380208317,0.0155004960985803
"178","50112","gfi",31.8171633664315,0.0623521870509916,1.22076288407196,0.00318882931347172,3.09758749406493,0.934298549147639,25.1666666666667,3.64627826515862,55.4933333333334,0.93429339983496,0.000802522043890382
"179","50113","fah",167.687045856537,0.000592400531492832,0.565533285045052,0.158098007170346,11.0472291436256,0.88307012955429,15,10.9837144576593,93.78,0.882877858203676,0.0237147010755518
"180","50113","hbu",17.9060130274283,0.483389436221633,-431.358608674297,1.19324588833194e-05,5.15568611998147,0.0772090203780307,18.08,4.34449994018623,4.708,0.0772090186520314,2.15738856610416e-06
"181","50113","sei",2.01044668359529,0.00123478862467045,-0.703328116305192,-0.043521395601224,6.04993228677013,0.44928826199009,18.5333333333333,3.77163238566446,6.84666666666666,0.449128668111326,-0.00806596531809352
"182","50114","gfi",29.7971075356069,7.92017900155551e-05,0.010149238233281,0.00170717341456559,3.57675790798997,0.00526183098569715,28.14,5.06520798197935,5.092,0.00526159034184037,0.000480398598858756
"183","50114","rbu",22.4870010996829,0.166286704595653,2.32275969398965,0.0104058957945159,13.7069046410047,0.331727736342528,20.7285714285714,56.5087327009011,84.5542857142857,0.331686948526209,0.00215699354254895
"184","50115","rbu",32.8315970468398,0.420876384750168,342343.887014724,-0.0433121745905959,2.80945660879251,0.488264249704773,32.4166666666667,4.97659866602521,9.70833333333333,0.487388978606845,-0.0140403632631182
"185","50116","rbu",29.1266704763969,0.149570111977374,6.09082522921093,0.00305049810455224,2.8606097635601,0.966519196961751,26.05,4.44245129871095,132.68,0.966517551260846,0.000794654756235857
"186","50117","rbu",26.2494968027052,0.22127599500814,24.5618542607002,0.031707738123783,2.60096235727913,0.988663509708868,22.8222222222222,3.17122095675432,278.995555555556,0.988633435574127,0.00723641045625002
"187","50117","sei",22.6953921709155,0.00107364323787979,-0.0407569752449062,-0.00717494612255228,2.73385735148763,0.0214410469872073,25.65,1.9669187947555,2.01,0.021433435445023,-0.00184037368043466
"188","50118","rbu",34.3206443872836,0.127627867074382,17.8182812633433,0.000405143611633641,3.19145882697399,0.88883158720271,32.1666666666667,9.48490790974049,85.32,0.888831365333562,0.000130321195075488
"189","50119","rbu",44.4579190056269,0.00179097846228019,0.122137983318284,0.00799793866484771,3.33589801637951,0.275132293044995,33.2333333333333,7.37436429078053,10.1733333333333,0.275128018599556,0.00265798161628439
"190","50121","ela",30.4477373958168,0.347481257571001,230712.501856712,-0.0350351225057485,2.90609001530932,0.680620755184186,29.4,3.64991532915066,11.42,0.680392703226737,-0.0103003260166901
"191","50121","rbu",17.2807203151253,0.60673992304353,346.701333808324,0.00706551077240753,2.23519799589814,0.979848750958192,14.96,0.559068714937087,27.732,0.979840303081744,0.00105700041155217
"192","50121","rei",34.526299587078,0.038489523882876,0.894751659998154,-0.00273050960434085,6.70369071310314,0.915909549253849,23.4,19.6856445940225,234.1,0.915909249918742,-0.00063893924741576
"193","50122","gfi",50.7600109883087,0.00139540234179754,0.311021162059283,0.0206810422208277,5.90268752117077,0.734620101900863,19.475,10.5716920949418,39.835,0.734612976153087,0.00402763297250619
"194","50123","gki",110.549755705652,0.000262117228183345,0.369990384228025,0.0691319941983105,9.50512715694765,0.850036207755562,17.2125,21.4138006704359,142.74875,0.849989574896902,0.0118993445013842
"195","50124","ela",21.6081376264713,0.154083269834853,2.74276039759262,0.000312166154006405,7.8554125764247,0.48545583952898,18.12,10.1303486014475,19.688,0.485455678512417,5.65645071059606e-05
"196","50124","gfi",15.8820305610858,0.247073335957995,5.74034810873924,-0.0215699306982398,4.40520121074463,0.969844075350361,13.2,1.69063309624656,56.04,0.969831672086964,-0.00284723085216765
"197","50124","gki",24.8238582821223,0.535431779436336,7361904.98984407,-0.0776234681750498,5.20677231123337,0.548475001006236,24,7.80781763549563,17.24,0.54711034596893,-0.018629632362012
"198","50125","ela",21.8911807785635,0.00060272043401312,-0.0296703747973375,-0.00387999136157715,2.65314667552914,0.0190742156588814,24.55,1.69701430910082,1.73,0.0190668733521269,-0.00095253787926719
"199","50125","gfi",16.6353308039718,0.206225379519249,6.17124371352617,9.95157893221429e-15,3.22468012997097e-14,1,11.9,4.41762106923767e-29,27.44,1,1.1842378929335e-15
"200","50125","gki",24.6404618215357,0.476371127747349,2484.20089070053,-0.0228036501194998,5.37342616704713,0.435921505917757,24,8.31562812653955,14.74,0.435846124386734,-0.00547287602867996
"201","50126","rbu",25.8695098901698,0.125243920489779,2.82733491622713,-0.0156686661039175,7.67665264269656,0.813657241660342,22.7,27.3298975416363,146.64,0.813625903289442,-0.00355678720558927
"202","50127","bah",27.9336843627842,0.113819449343562,2.81032035653354,-0.000264072770339714,2.13227499445994,0.89720106062361,25.44,1.47126412747764,14.312,0.897200661858745,-6.71801127744231e-05
"203","50127","rbu",26.3959137790789,0.208394121105173,187.991667208061,-0.0435725167641139,0.59314157216557,0.967667816258297,23.8666666666667,0.0601203524378842,1.84666666666666,0.96744385247046,-0.0103993073343685
"204","50128","gfi",23.254828944329,0.128032251903688,2.66588844290611,0.00444230125088199,3.12049058336505,0.957938264957381,18.62,1.68801037012406,40.128,0.957934350824261,0.000827156492914227
"205","50129","gfi",29.6181262813174,0.105676817935593,2.79683894677946,0.00614321335380012,4.66053301693569,0.972198886413061,23.2875,9.42338426044399,338.94875,0.97219820323738,0.0014306008097662
"206","50130","ges",19.9249464206533,0.232845239750306,1.98100027481766,0.000230446946250311,2.93634638948854,0.834418308571663,18.58,1.48825036001714,8.988,0.834418072984296,4.28170426133079e-05
"207","50130","rbu",202.427726928292,0.000644198176262892,0.539650996175029,0.211975864370561,4.07870237802209,0.989363012022779,25.275,8.50190695490669,792.575,0.989273056865399,0.0535768997196593
"208","50131","bah",33.121303876965,0.0112737418121476,0.52632189706,0.00185992504042739,4.13743410033881,0.97838001461029,13.68,1.60178557468799,74.088,0.978379959309362,0.000254437745530467
"209","50131","rbu",19.063737828908,0.0649330468135255,0.795393874113216,-0.00235299157246457,4.48302730938406,0.907517915483718,16.0166666666667,3.09341576080966,33.4483333333333,0.907516594923225,-0.000376870816856408
"210","50132","rbu",38.2901364380611,0.0257591041505798,0.735259356709719,0.0322570521871634,6.84314109199512,0.877376663466501,24.5,22.4870841183781,183.26,0.877294095174189,0.00790297778585503
"211","50132","sei",32.2514910635948,0.220535926019453,29.707396371675,5.13577512654126e-05,4.58771952568613,0.000440219119954689,32.25,13.1342236274215,13.135,5.91071624299611e-05,1.65628747830956e-05
"212","50133","rbu",35.1464858987886,0.0325117512022259,0.545778074661228,0.00696935819154254,7.48374230690183,0.624490089042692,29.74,49.5358452339765,131.904,0.624455321794817,0.00207268712616475
"213","50133","sei",28.4598986309626,0.271394988463584,-2139.86515087212,-5.08125295009167e-06,3.02148595294972,0.128447098423999,28.68,3.75464998369266,4.308,0.128447078994275,-1.4573033460863e-06
"214","50134","ela",26.8008758285467,0.345602611384643,162.089737470434,-0.00778649044995295,2.38017463918197,0.979072483534174,24.0333333333333,0.981673170327951,46.9066666666667,0.979071777210177,-0.00187135320480536
"215","50134","gfi",23.3737959625754,0.140908907459475,2.36966909583824,-0.00273521516949352,2.18487205863162,0.974622674351551,19.42,0.900161588538299,35.468,0.97462045820068,-0.000531178785915642
"216","50135","gfi",33.8390095198959,0.0470378003149522,0.617533039896063,0.000234155607238934,3.24188113453639,0.846377543873897,29.5571428571429,6.42713046226791,41.8371428571428,0.846377404780867,6.9209707339622e-05
"217","50136","rbu",70.5525605820236,0.000752077436159575,0.22495183794399,0.0310675288390036,3.07025316190409,0.548791225598394,33.88,5.4100986245905,11.988,0.548707155105899,0.0105256787706544
"218","50137","rbu",26.3253438561913,0.0480079173871157,0.571851109176399,-0.00875884445402943,7.45341156314737,0.753367174390357,21.5875,20.7111824146477,83.96875,0.753346543629056,-0.0018908155465136
"219","50138","rbu",49.041234113398,0.000338529879790772,0.0984880938631214,0.0130682848306953,3.24113561735784,0.211543087717352,33.2142857142857,8.112267841011,10.2885714285714,0.211526313703456,0.00434053746162379
"220","50139","rbu",36.0081418733527,0.0878810669307573,3.7536012754985,0.000775329936570217,3.47636388067967,0.914278586577147,32.6,8.9904969509888,104.88,0.914278251802166,0.000252757559321891
"221","50140","rbu",79.5596450817263,0.000293195653421358,0.22672461318989,0.0197163711534208,4.78384316539193,0.774763609311975,27.22,8.47813079864593,37.628,0.774685585238495,0.00536679622796115
"222","50140","ser",28.6927164206398,0.461982026891557,224774.601267572,-0.0622782300240472,3.92438041601966,0.492141282489592,27.92,6.00265014300044,11.808,0.491645482469475,-0.017388081822714
"223","50141","rbu",17.0805386787153,0.128284971407125,0.727932635002295,0.000155653357270531,8.45139657666099,0.0994546546638252,15.8,8.91540631326236,9.89999999999999,0.0994539077512763,2.4593230448744e-05
"224","50142","bah",20.7454146810217,0.0807249657348789,0.849472291188062,-0.000469952278746327,6.10399048029473,0.903078980424033,16.1833333333333,5.85483829376699,60.4083333333333,0.903078963270515,-7.60539437771139e-05
"225","50142","hbu",85.7996219478055,0.000752939435384388,0.444809000158289,0.0661785055601131,12.4282748465251,0.380305301841998,15.6,15.0359504524819,24.26,0.380216386954582,0.0103238468673776
"226","50142","rob",22.0960008386692,0.166447507124806,39.6204520810605,0.00043072367080086,12.1124502429718,0.469629810924825,20.54,30.9481643768286,58.352,0.469629757731893,8.84706419824966e-05
"227","50143","pa",70.2572464835817,0.00556575157100906,0.600953085372335,0.00654199862239593,4.70939894044093,0.926789535762393,26.3625,12.3308818351348,168.41875,0.926784388109193,0.00172463438682913
"228","50143","ser",12.1155709132413,1.18246992601229,11002.7434494324,-0.0718288014856228,3.14716454171056,0.965005725242837,10.8333333333333,0.348726030476967,9.94666666666666,0.96494041248556,-0.0077814534942758
"229","50144","gfi",33.0703818817251,0.156791501187526,17.5154212955992,-5.99274433998222e-05,1.07594364970167,0.893509277544202,31.96,0.591238353574681,5.552,0.893508942079488,-1.91528109105832e-05
"230","50145","gfi",14.6516053415576,0.326416417884296,9.13598923078474,-0.000598743968520237,1.82213735902901,0.979875637236668,13.28,0.292771217927176,14.548,0.97987550055491,-7.95131990194875e-05
"231","50146","gfi",31.8070554979599,0.0780262973752119,2.60982919885702,0.00237338440619141,2.99008485434306,0.99302146310396,24.38,2.65707879329224,380.748,0.993021424161671,0.000578631118229467
"232","50146","gki",142.510697617684,0.00136525105221567,0.606043435207545,0.0280790399482961,2.29259118525771,0.931311094059532,25.98,1.77378727237648,25.808,0.931269867003391,0.00729493457856734
"233","50146","tei",24.4842710714496,0.147055936573833,23.0393005366401,0.00684667652432402,3.06677948539816,0.983657032644276,18.9,1.34384351110064,82.22,0.983655515554602,0.00129402186309724
"234","all","bah",22.4479161712016,0.135134243547307,2.31943318193741,0.0215586079317735,15.2114565812924,0.686704742264175,18.4957446808511,372.034406014627,1187.43914893617,0.686691813767523,0.00398742507980654
"235","all","dgl",32.7938047242266,0.0788389583928341,2.53740397551514,0.0764646575489092,9.05602221058563,0.927592739762746,23.94,117.506870149452,1621.66,0.927539144981407,0.0183056390172089
"236","all","ela",30.3998119715854,0.0790275429876724,2.30567430966861,-0.0163104226503188,9.4884095542196,0.884971113591849,23.7826923076923,264.796488911314,2301.89442307692,0.884965841066958,-0.00387905763300948
"237","all","eta",89.2325825009916,0.00603354053317638,1.03794698452798,0.0414053230871324,5.79655459807804,0.857886973000064,6.8,0.776833045220512,5.46,0.857722885490749,0.00281556196992501
"238","all","fah",140.595811950087,0.000802985499307419,0.562420120949323,0.0932618301354517,10.3767064421373,0.916083795985832,13.4333333333333,11.6583716172956,138.913333333333,0.916074495244309,0.0125281725148623
"239","all","ftk",0.00462505350349649,0.0404513135858134,-8.44690517289013,0.686128085661193,15.9483638813772,0.917482111605352,9.66666666666667,7.13028703748194,13.2066666666667,0.460099416647001,0.0663257149472486
"240","all","ges",39.9983134988108,0.00997745414645388,0.365963690060399,-0.00212067357254569,14.117823238079,0.53912945117591,23.452,274.053441198257,594.6424,0.539128993831827,-0.000497340366233416
"241","all","gfi",37.6652122041635,0.0390467959347305,1.20124344937184,-0.0444697605951936,16.699556099738,0.727146641831479,24.0091772151899,5079.85705039063,18615.6033860759,0.727118324072684,-0.0106768236284707
"242","all","gki",24.4881815670412,0.0940139990618775,2.5474765516924,0.0557764403042734,13.1387322531091,0.758425773940625,20.3444444444444,578.740151399727,2394.88,0.758342734750916,0.0113474069107916
"243","all","hbu",20.6228603435181,0.0973031875230977,1.49621564786392,0.0347181732065525,20.9778185780365,0.566742821117368,15.2227272727273,224.351131724221,517.798636363636,0.566721277406639,0.00528505282130657
"244","all","jla",88.2670855782251,0.00150849011369243,0.401369941596696,0.0387135003559931,15.1841475034035,0.27827712577506,26.8578947368421,315.993655998708,437.826315789474,0.278267101352923,0.0103976311745596
"245","all","kir",24.9959932288236,0.0942700886296938,2.61792044269668,0.020556006689856,14.3342056212609,0.661855302652361,18.0222222222222,60.0629211754448,177.615555555556,0.661837495102404,0.00370464920566071
"246","all","kta",24.3938447058262,0.180951755509859,6.19524685117517,0.0257727679708695,15.063951463896,0.89150406783615,16.55,62.1546766788264,572.865,0.891502052527513,0.0042653930991789
"247","all","mbi",55.0024543060878,0.0020895035892286,0.350691266908144,0.0252213331075851,6.93768736275098,0.716491819602156,18.35,16.2069610099843,57.165,0.716488043208531,0.00462811462524186
"248","all","nta",62.6441659099712,0.00280112068182394,0.681866235369267,0.0141442977926253,6.1601868317609,0.74623266154983,5.34,0.541053594315412,2.132,0.746222516737611,0.000755305502126191
"249","all","pa",52.2600703073708,0.0132255366913902,0.717770223173852,0.0289030183745775,7.06525412770118,0.915453028492631,28.8583333333333,99.7721446358223,1179.69833333333,0.915425713661977,0.00834092938593015
"250","all","rbu",33.867077989,0.0400801151494966,1.03313444799121,0.000525197838040904,16.7901162936197,0.729082022529043,23.6124087591241,6459.95980635749,23844.7067153285,0.729082018769192,0.000124011860312301
"251","all","rei",31.9257083125661,0.0434858641035966,0.873063088630851,-0.00382240017115202,7.32264634279993,0.860157368251134,24.5333333333333,67.7748450839052,484.646666666667,0.860156172021049,-0.00093776217532263
"252","all","rob",22.0960008386692,0.166447507124806,39.6204520810605,0.00043072367080086,12.1124502429718,0.469629810924825,20.54,30.9481643768286,58.352,0.469629757731893,8.84706419824966e-05
"253","all","sbi",33.0053470315061,0.0420157071776937,1.09856578288666,0.0502180220542719,23.6387014881561,0.707031680326362,15.3695652173913,910.792588055419,3108.72608695652,0.707020637206704,0.00771829165051526
"254","all","sei",41.0746867658687,0.0220052778181519,1.01953656642314,0.0272802033317249,15.2360113305081,0.807364867375477,22.4041666666667,1118.59119509265,5806.57833333333,0.807357942857458,0.00611190222144521
"255","all","ser",32.0119214992437,0.0519903127108417,1.1929866755717,-0.00199748799166595,12.4288227766274,0.8415835268867,19.9526315789474,233.692058663113,1475.17473684211,0.84158347290886,-0.000398551419810822
"256","all","ski",18.1823773298437,0.243269609139846,14.2036646543663,-0.00186564642986506,2.96979662769038,0.947885058498169,16.6,1.4582125981391,27.98,0.947883752746994,-0.0003096973073576
"257","all","slb",136.518342706953,0.00468204896367473,0.868419122538998,0.105637322189365,7.63513435628914,0.816237777605664,8.7,2.20618474438732,11.98,0.81584434520974,0.00919044703047476
"258","all","sli",181.602156860298,0.00120390265881055,0.592437721388253,0.221706730317263,12.4417379331477,0.86038518648206,18,20.0616708265077,143.46,0.860158435616146,0.0399072114571073
"259","all","tei",26.9959737029222,0.0593698291639435,1.42779781248483,-0.00636037068643513,21.5099677362726,0.409837224588205,21.1767123287671,1514.67498194061,2566.5304109589,0.409835560306218,-0.0013469174033096
"260","all","vbe",828.518314193384,0.00167072055968923,1.13828445058246,1.02028643605108,15.9455425309193,0.910624680819503,10.00625,40.7325202134487,449.149375,0.909311862643806,0.102092411507362
"261","all","wli",22.9921925579115,0.102502762957378,1.10792397862778,0.0434058249884885,19.2740725593921,0.454125312079194,17.625,138.47981560508,253.6425,0.454035441201377,0.0076502766542211
