"","plot_ID","SP_code","compartiment","mean_DBH_cm","sd_DBH_cm","mean_H_m","sd_height_m","SP_BA_plot","SP_BA_m2ha","SP_BA_m2MA","tot_BA_m2ha","BA_SP_per","dom_SP","Nt_P_SP","Nt_ha","Nt_MA","B_t_P_SP","C_t_P_SP","N_t_P_SP","B_t_P_SP_ha","C_t_P_SP_ha","N_t_P_SP_ha","B_t_P_SP_MA","C_t_P_SP_MA","N_t_P_SP_MA"
"1",26010,"MBI","ag",22.6220930232558,7.01505823076057,17.3011833304607,2.7157473288008,17.0467711278278,340.701109444421,85.1752773611052,340.701109444421,100,"MBI",387,7734.6805659725,1933.67014149312,11.314485708824,5.65724285441202,0.028478702123233,226.134193090478,113.067096545239,0.569182593944936,56.5335482726194,28.2667741363097,0.142295648486234
"2",26010,"MBI","bg",22.6220930232558,7.01505823076057,17.3011833304607,2.7157473288008,17.0467711278278,340.701109444421,85.1752773611052,340.701109444421,100,"MBI",387,7734.6805659725,1933.67014149312,0.00857355634733521,0.00428677817366761,0.0011610035844036,0.171353280777788,0.0856766403888938,0.0232041133367207,0.0428383201944469,0.0214191600972235,0.00580102833418018
"3",26010,"MBI","f",22.6220930232558,7.01505823076057,17.3011833304607,2.7157473288008,17.0467711278278,340.701109444421,85.1752773611052,340.701109444421,100,"MBI",387,7734.6805659725,1933.67014149312,0.254303606594818,0.127151803297409,0.0011441237505784,5.08257665060893,2.54128832530446,0.0228667486787244,1.27064416265223,0.635322081326116,0.0057166871696811
"4",26010,"MBI","fw",22.6220930232558,7.01505823076057,17.3011833304607,2.7157473288008,17.0467711278278,340.701109444421,85.1752773611052,340.701109444421,100,"MBI",387,7734.6805659725,1933.67014149312,2.56026258319456,1.28013129159728,0.00397626746789037,51.170060067239,25.5850300336195,0.0794706943385021,12.7925150168097,6.39625750840487,0.0198676735846255
"5",26010,"MBI","stw",22.6220930232558,7.01505823076057,17.3011833304607,2.7157473288008,17.0467711278278,340.701109444421,85.1752773611052,340.701109444421,100,"MBI",387,7734.6805659725,1933.67014149312,0.252777374937938,0.126388687468969,0.0040026804192367,5.05207299599487,2.52603649799743,0.0799985903112887,1.26301824899872,0.631509124499358,0.0199996475778222
"6",26010,"MBI","stwb",22.6220930232558,7.01505823076057,17.3011833304607,2.7157473288008,17.0467711278278,340.701109444421,85.1752773611052,340.701109444421,100,"MBI",387,7734.6805659725,1933.67014149312,0.0151195714027257,0.00755978570136286,0.00734004609822512,0.302183604895339,0.15109180244767,0.146700030773344,0.0755459012238348,0.0377729506119174,0.036675007693336
"7",26010,"MBI","sw",22.6220930232558,7.01505823076057,17.3011833304607,2.7157473288008,17.0467711278278,340.701109444421,85.1752773611052,340.701109444421,100,"MBI",387,7734.6805659725,1933.67014149312,7.90251569746266,3.95125784873133,0.010652956168863,157.941691440457,78.9708457202287,0.212912695218246,39.4854228601143,19.7427114300572,0.0532281738045615
"8",26010,"MBI","swb",22.6220930232558,7.01505823076057,17.3011833304607,2.7157473288008,17.0467711278278,340.701109444421,85.1752773611052,340.701109444421,100,"MBI",387,7734.6805659725,1933.67014149312,0.583810481826166,0.291905240913083,0.00136262821843947,11.6681849818912,5.83409249094559,0.0272338346248308,2.9170462454728,1.4585231227364,0.0068084586562077
"9",26010,"MBI","total",22.6220930232558,7.01505823076057,17.3011833304607,2.7157473288008,17.0467711278278,340.701109444421,85.1752773611052,340.701109444421,100,"MBI",387,7734.6805659725,1933.67014149312,11.3230592651714,5.66152963258569,0.0296397057076366,226.305546371255,113.152773185628,0.592386707281656,56.5763865928139,28.2881932964069,0.148096676820414
"10",26020,"MBI","ag",27.2666666666667,13.2597424270145,15.4,4.04122982043071,1.93561848608199,38.6857640502209,9.67144101255523,303.13590654911,12.7618547372426,"SER",27,539.628876695756,134.907219173939,1.23516924605686,0.61758462302843,0.00143550467795158,24.6864071399558,12.3432035699779,0.0286903621057227,6.17160178498895,3.08580089249448,0.00717259052643066
"11",26020,"MBI","bg",27.2666666666667,13.2597424270145,15.4,4.04122982043071,1.93561848608199,38.6857640502209,9.67144101255523,303.13590654911,12.7618547372426,"SER",27,539.628876695756,134.907219173939,0.00107769662139721,0.000538848310698603,1.49570254611991e-06,0.0215391191564217,0.0107695595782108,2.98934920308766e-05,0.00538477978910542,0.00269238989455271,7.47337300771915e-06
"12",26020,"MBI","f",27.2666666666667,13.2597424270145,15.4,4.04122982043071,1.93561848608199,38.6857640502209,9.67144101255523,303.13590654911,12.7618547372426,"SER",27,539.628876695756,134.907219173939,0.0350453766235919,0.0175226883117959,0.000164040268481969,0.700425822991428,0.350212911495714,0.00327855058569612,0.175106455747857,0.0875532278739286,0.00081963764642403
"13",26020,"MBI","fw",27.2666666666667,13.2597424270145,15.4,4.04122982043071,1.93561848608199,38.6857640502209,9.67144101255523,303.13590654911,12.7618547372426,"SER",27,539.628876695756,134.907219173939,0.298146928576823,0.149073464288411,0.000331464066206429,5.95884045030372,2.97942022515186,0.00662472524859195,1.48971011257593,0.744855056287965,0.00165618131214799
"14",26020,"MBI","stw",27.2666666666667,13.2597424270145,15.4,4.04122982043071,1.93561848608199,38.6857640502209,9.67144101255523,303.13590654911,12.7618547372426,"SER",27,539.628876695756,134.907219173939,0.0274468582646021,0.013723429132301,0.000155927870784646,0.548559899783513,0.274279949891756,0.00311641413915109,0.137139974945878,0.0685699874729391,0.000779103534787774
"15",26020,"MBI","stwb",27.2666666666667,13.2597424270145,15.4,4.04122982043071,1.93561848608199,38.6857640502209,9.67144101255523,303.13590654911,12.7618547372426,"SER",27,539.628876695756,134.907219173939,0.00153512974361082,0.000767564871805412,0.00017012264409578,0.030681494041739,0.0153407470208695,0.00340011449384879,0.00767037351043474,0.00383518675521737,0.000850028623462199
"16",26020,"MBI","sw",27.2666666666667,13.2597424270145,15.4,4.04122982043071,1.93561848608199,38.6857640502209,9.67144101255523,303.13590654911,12.7618547372426,"SER",27,539.628876695756,134.907219173939,0.848582379465538,0.424291189732769,0.000486725251721768,16.9599835635111,8.47999178175555,0.00972781484615099,4.23999589087778,2.11999794543889,0.00243195371153775
"17",26020,"MBI","swb",27.2666666666667,13.2597424270145,15.4,4.04122982043071,1.93561848608199,38.6857640502209,9.67144101255523,303.13590654911,12.7618547372426,"SER",27,539.628876695756,134.907219173939,0.0594579500062866,0.0297289750031433,0.000127224576660985,1.18834173231573,0.594170866157867,0.00254274279228371,0.297085433078934,0.148542716539467,0.000635685698070927
"18",26020,"MBI","total",27.2666666666667,13.2597424270145,15.4,4.04122982043071,1.93561848608199,38.6857640502209,9.67144101255523,303.13590654911,12.7618547372426,"SER",27,539.628876695756,134.907219173939,1.23624694267826,0.618123471339129,0.0014370003804977,24.7079462591122,12.3539731295561,0.0287202555977535,6.17698656477806,3.08849328238903,0.00718006389943838
"19",26020,"SER","ag",16.2592424242424,4.39192351639306,13.9561618430637,2.36863214659619,13.2316007460358,264.450142498889,66.1125356247222,303.13590654911,87.2381452627574,"SER",594,11871.8352873066,2967.95882182666,5.20021075320544,2.60010537660272,0.0335872360579095,103.932736567905,51.9663682839526,0.671283054268329,25.9831841419763,12.9915920709882,0.167820763567082
"20",26020,"SER","bg",16.2592424242424,4.39192351639306,13.9561618430637,2.36863214659619,13.2316007460358,264.450142498889,66.1125356247222,303.13590654911,87.2381452627574,"SER",594,11871.8352873066,2967.95882182666,0.00592299689426758,0.00296149844713379,0.00197858577335987,0.118378524471336,0.0591892622356678,0.0395445191971997,0.0295946311178339,0.014797315558917,0.00988612979929991
"21",26020,"SER","f",16.2592424242424,4.39192351639306,13.9561618430637,2.36863214659619,13.2316007460358,264.450142498889,66.1125356247222,303.13590654911,87.2381452627574,"SER",594,11871.8352873066,2967.95882182666,0.209696386137609,0.104848193068804,0.00138392260824951,4.19104538142952,2.09552269071476,0.0276594297230943,1.04776134535738,0.52388067267869,0.00691485743077356
"22",26020,"SER","fw",16.2592424242424,4.39192351639306,13.9561618430637,2.36863214659619,13.2316007460358,264.450142498889,66.1125356247222,303.13590654911,87.2381452627574,"SER",594,11871.8352873066,2967.95882182666,1.50250041382574,0.751250206912868,0.00494623126913604,30.0293559462107,15.0146779731054,0.0988566379126408,7.50733898655269,3.75366949327634,0.0247141594781602
"23",26020,"SER","stw",16.2592424242424,4.39192351639306,13.9561618430637,2.36863214659619,13.2316007460358,264.450142498889,66.1125356247222,303.13590654911,87.2381452627574,"SER",594,11871.8352873066,2967.95882182666,0.110331775663316,0.0551658878316579,0.00478829668279601,2.20511896907567,1.10255948453784,0.0957001170453046,0.551279742268919,0.275639871134459,0.0239250292613262
"24",26020,"SER","stwb",16.2592424242424,4.39192351639306,13.9561618430637,2.36863214659619,13.2316007460358,264.450142498889,66.1125356247222,303.13590654911,87.2381452627574,"SER",594,11871.8352873066,2967.95882182666,0.00713565734328861,0.0035678286716443,0.0100205228512864,0.142615065060913,0.0713075325304565,0.200272721857178,0.0356537662652282,0.0178268831326141,0.0500681804642946
"25",26020,"SER","sw",16.2592424242424,4.39192351639306,13.9561618430637,2.36863214659619,13.2316007460358,264.450142498889,66.1125356247222,303.13590654911,87.2381452627574,"SER",594,11871.8352873066,2967.95882182666,3.32283502397213,1.66141751198607,0.0110210141053308,66.4110270900517,33.2055135450259,0.220268794878064,16.6027567725129,8.30137838625647,0.055067198719516
"26",26020,"SER","swb",16.2592424242424,4.39192351639306,13.9561618430637,2.36863214659619,13.2316007460358,264.450142498889,66.1125356247222,303.13590654911,87.2381452627574,"SER",594,11871.8352873066,2967.95882182666,0.257407882400966,0.128703941200483,0.00142724854111076,5.14461949750616,2.57230974875308,0.0285253528520465,1.28615487437654,0.64307743718827,0.00713133821301163
"27",26020,"SER","total",16.2592424242424,4.39192351639306,13.9561618430637,2.36863214659619,13.2316007460358,264.450142498889,66.1125356247222,303.13590654911,87.2381452627574,"SER",594,11871.8352873066,2967.95882182666,5.20613375009971,2.60306687504985,0.0355658218312694,104.051115092377,52.0255575461883,0.710827573465528,26.0127787730941,13.0063893865471,0.177706893366382
"28",26030,"SER","ag",24.6220454545455,6.96148235399741,18.3800029974684,3.0877480796688,20.3587496926132,406.895156576109,101.723789144027,406.895156576109,100,"SER",396,7914.55685820442,1978.6392145511,10.7263658173907,5.36318290869533,0.0156522167793521,214.379879150603,107.189939575301,0.312829191053341,53.5949697876506,26.7974848938253,0.0782072977633353
"29",26030,"SER","bg",24.6220454545455,6.96148235399741,18.3800029974684,3.0877480796688,20.3587496926132,406.895156576109,101.723789144027,406.895156576109,100,"SER",396,7914.55685820442,1978.6392145511,0.010462026085157,0.0052310130425785,0.0010602095497064,0.20909671793685,0.104548358968425,0.0211896180877844,0.0522741794842126,0.0261370897421063,0.00529740452194609
"30",26030,"SER","f",24.6220454545455,6.96148235399741,18.3800029974684,3.0877480796688,20.3587496926132,406.895156576109,101.723789144027,406.895156576109,100,"SER",396,7914.55685820442,1978.6392145511,0.29582993274112,0.14791496637056,0.000633716586651274,5.91253238141005,2.95626619070503,0.0126656211036332,1.47813309535251,0.739066547676256,0.00316640527590829
"31",26030,"SER","fw",24.6220454545455,6.96148235399741,18.3800029974684,3.0877480796688,20.3587496926132,406.895156576109,101.723789144027,406.895156576109,100,"SER",396,7914.55685820442,1978.6392145511,2.25164565285128,1.12582282642564,0.00173305305648203,45.0019634950006,22.5009817475003,0.0346372397823535,11.2504908737501,5.62524543687507,0.00865930994558839
"32",26030,"SER","stw",24.6220454545455,6.96148235399741,18.3800029974684,3.0877480796688,20.3587496926132,406.895156576109,101.723789144027,406.895156576109,100,"SER",396,7914.55685820442,1978.6392145511,0.243127817381472,0.121563908690736,0.00211296403877625,4.85921448100202,2.42960724050101,0.042230237434939,1.21480362025051,0.607401810125253,0.0105575593587348
"33",26030,"SER","stwb",24.6220454545455,6.96148235399741,18.3800029974684,3.0877480796688,20.3587496926132,406.895156576109,101.723789144027,406.895156576109,100,"SER",396,7914.55685820442,1978.6392145511,0.0142861654500419,0.00714308272502093,0.00348580280563688,0.285526941262808,0.142763470631404,0.0696681426810647,0.0713817353157019,0.0356908676578509,0.0174170356702662
"34",26030,"SER","sw",24.6220454545455,6.96148235399741,18.3800029974684,3.0877480796688,20.3587496926132,406.895156576109,101.723789144027,406.895156576109,100,"SER",396,7914.55685820442,1978.6392145511,7.6549613887351,3.82748069436755,0.00720507209274024,152.994007976019,76.4970039880093,0.144002405922865,38.2485019940047,19.1242509970023,0.0360006014807162
"35",26030,"SER","swb",24.6220454545455,6.96148235399741,18.3800029974684,3.0877480796688,20.3587496926132,406.895156576109,101.723789144027,406.895156576109,100,"SER",396,7914.55685820442,1978.6392145511,0.562344792972764,0.281172396486382,0.000481608199065392,11.2391662573185,5.61958312865926,0.00962554412848606,2.80979156432963,1.40489578216481,0.00240638603212151
"36",26030,"SER","total",24.6220454545455,6.96148235399741,18.3800029974684,3.0877480796688,20.3587496926132,406.895156576109,101.723789144027,406.895156576109,100,"SER",396,7914.55685820442,1978.6392145511,10.7368278434758,5.36841392173791,0.0167124263290585,214.588975868539,107.29448793427,0.334018809141126,53.6472439671349,26.8236219835674,0.0835047022852814
"37",27011,"GFI","ag",24.8909523809524,10.7121889543647,20.6835951965423,6.22927394578427,21.7912348188739,435.52516915268,108.88129228817,576.102630280213,75.5985385695674,"GFI",378,7554.80427374058,1888.70106843514,13.3737886007091,6.68689430035456,0.0188204165148089,267.291945176561,133.645972588281,0.376149637882689,66.8229862941403,33.4114931470702,0.0940374094706722
"38",27011,"GFI","bg",24.8909523809524,10.7121889543647,20.6835951965423,6.22927394578427,21.7912348188739,435.52516915268,108.88129228817,576.102630280213,75.5985385695674,"GFI",378,7554.80427374058,1888.70106843514,1.83097227872514,0.915486139362571,0.000699663232004709,36.5942782973895,18.2971391486947,0.0139836475537786,9.14856957434737,4.57428478717368,0.00349591188844466
"39",27011,"GFI","f",24.8909523809524,10.7121889543647,20.6835951965423,6.22927394578427,21.7912348188739,435.52516915268,108.88129228817,576.102630280213,75.5985385695674,"GFI",378,7554.80427374058,1888.70106843514,0.875877969341821,0.43793898467091,0.000604597514056652,17.5055201747587,8.75276008737937,0.0120836399023495,4.37638004368969,2.18819002184484,0.00302090997558739
"40",27011,"GFI","fw",24.8909523809524,10.7121889543647,20.6835951965423,6.22927394578427,21.7912348188739,435.52516915268,108.88129228817,576.102630280213,75.5985385695674,"GFI",378,7554.80427374058,1888.70106843514,1.62925935656598,0.814629678282991,0.00255594197983398,32.5627924603611,16.2813962301806,0.0510837073880494,8.14069811509028,4.07034905754514,0.0127709268470124
"41",27011,"GFI","stw",24.8909523809524,10.7121889543647,20.6835951965423,6.22927394578427,21.7912348188739,435.52516915268,108.88129228817,576.102630280213,75.5985385695674,"GFI",378,7554.80427374058,1888.70106843514,0.430168555869557,0.215084277934778,0.00205781612697161,8.59745831828609,4.29872915914304,0.0411280372238556,2.14936457957152,1.07468228978576,0.0102820093059639
"42",27011,"GFI","stwb",24.8909523809524,10.7121889543647,20.6835951965423,6.22927394578427,21.7912348188739,435.52516915268,108.88129228817,576.102630280213,75.5985385695674,"GFI",378,7554.80427374058,1888.70106843514,0.0374129596957122,0.0187064798478561,0.00178799564609562,0.747744941276325,0.373872470638162,0.0357353363718326,0.186936235319081,0.0934681176595406,0.00893383409295816
"43",27011,"GFI","sw",24.8909523809524,10.7121889543647,20.6835951965423,6.22927394578427,21.7912348188739,435.52516915268,108.88129228817,576.102630280213,75.5985385695674,"GFI",378,7554.80427374058,1888.70106843514,9.52967310039216,4.76483655019608,0.0111423533217706,190.462473720088,95.2312368600441,0.222693911362011,47.615618430022,23.807809215011,0.0556734778405029
"44",27011,"GFI","swb",24.8909523809524,10.7121889543647,20.6835951965423,6.22927394578427,21.7912348188739,435.52516915268,108.88129228817,576.102630280213,75.5985385695674,"GFI",378,7554.80427374058,1888.70106843514,0.871396658843878,0.435698329421939,0.000671711926080435,17.415955561791,8.70797778089549,0.0134250056345899,4.35398889044775,2.17699444522387,0.00335625140864748
"45",27011,"GFI","total",24.8909523809524,10.7121889543647,20.6835951965423,6.22927394578427,21.7912348188739,435.52516915268,108.88129228817,576.102630280213,75.5985385695674,"GFI",378,7554.80427374058,1888.70106843514,15.2047608794343,7.60238043971713,0.0195200797468136,303.886223473951,151.943111736975,0.390133285436467,75.9715558684877,37.9857779342439,0.0975333213591168
"46",27011,"GKI","ag",44.16,6.39813182961174,26.5551142547289,2.04909730115136,7.03370707973321,140.577461127534,35.1443652818835,576.102630280213,24.4014614304326,"GFI",45,899.381461159593,224.845365289898,4.49577083314473,2.24788541657237,0.00240424670381817,89.8536209100531,44.9268104550265,0.0480518869659583,22.4634052275133,11.2317026137566,0.0120129717414896
"47",27011,"GKI","bg",44.16,6.39813182961174,26.5551142547289,2.04909730115136,7.03370707973321,140.577461127534,35.1443652818835,576.102630280213,24.4014614304326,"GFI",45,899.381461159593,224.845365289898,1.02506399043459,0.512531995217295,0.00065457065274817,20.4871899888699,10.2435949944349,0.0130824157800186,5.12179749721747,2.56089874860874,0.00327060394500465
"48",27011,"GKI","f",44.16,6.39813182961174,26.5551142547289,2.04909730115136,7.03370707973321,140.577461127534,35.1443652818835,576.102630280213,24.4014614304326,"GFI",45,899.381461159593,224.845365289898,0.149908718488629,0.0749543592443144,0.000165549758836857,2.99611382833033,1.49805691416517,0.00330871964438469,0.749028457082583,0.374514228541292,0.000827179911096173
"49",27011,"GKI","fw",44.16,6.39813182961174,26.5551142547289,2.04909730115136,7.03370707973321,140.577461127534,35.1443652818835,576.102630280213,24.4014614304326,"GFI",45,899.381461159593,224.845365289898,0.422804738076188,0.211402369038094,6.88543148869168e-05,8.45028318035913,4.22514159017957,0.00137613987400306,2.11257079508978,1.05628539754489,0.000344034968500766
"50",27011,"GKI","stw",44.16,6.39813182961174,26.5551142547289,2.04909730115136,7.03370707973321,140.577461127534,35.1443652818835,576.102630280213,24.4014614304326,"GFI",45,899.381461159593,224.845365289898,0.116327597759303,0.0581637988796514,0.000455648104738176,2.3249529965766,1.1624764982883,0.00910669907142265,0.581238249144151,0.290619124572075,0.00227667476785566
"51",27011,"GKI","stwb",44.16,6.39813182961174,26.5551142547289,2.04909730115136,7.03370707973321,140.577461127534,35.1443652818835,576.102630280213,24.4014614304326,"GFI",45,899.381461159593,224.845365289898,0.0113845928025749,0.00569229640128746,0.00164626717368173,0.227535371321929,0.113767685660965,0.0329027150249988,0.0568838428304823,0.0284419214152411,0.00822567875624969
"52",27011,"GKI","sw",44.16,6.39813182961174,26.5551142547289,2.04909730115136,7.03370707973321,140.577461127534,35.1443652818835,576.102630280213,24.4014614304326,"GFI",45,899.381461159593,224.845365289898,3.45282838438453,1.72641419219226,1.58026206540898e-05,69.0091074995793,34.5045537497897,0.000315835201200578,17.2522768748948,8.62613843744742,7.89588003001445e-05
"53",27011,"GKI","swb",44.16,6.39813182961174,26.5551142547289,2.04909730115136,7.03370707973321,140.577461127534,35.1443652818835,576.102630280213,24.4014614304326,"GFI",45,899.381461159593,224.845365289898,0.342516801633512,0.171258400816756,5.21247310204057e-05,6.84562803388573,3.42281401694287,0.00104177814994852,1.71140700847143,0.855703504235717,0.000260444537487129
"54",27011,"GKI","total",44.16,6.39813182961174,26.5551142547289,2.04909730115136,7.03370707973321,140.577461127534,35.1443652818835,576.102630280213,24.4014614304326,"GFI",45,899.381461159593,224.845365289898,5.52083482357932,2.76041741178966,0.00305881735656634,110.340810898923,55.1704054494615,0.0611343027459769,27.5852027247307,13.7926013623654,0.0152835756864942
"55",27040,"MBI","ag",10.5866666666667,0.243484322667016,6.9,1.15292270739663,0.23778983401193,4.75252818583438,1.18813204645859,4.75252818583438,100,"MBI",27,539.628876695756,134.907219173939,0.0769123605222979,0.038456180261149,0.000880242751356568,1.53719002639506,0.76859501319753,0.0175927558197824,0.384297506598765,0.192148753299382,0.00439818895494561
"56",27040,"MBI","bg",10.5866666666667,0.243484322667016,6.9,1.15292270739663,0.23778983401193,4.75252818583438,1.18813204645859,4.75252818583438,100,"MBI",27,539.628876695756,134.907219173939,8.91567865854893e-05,4.45783932927447e-05,7.15184096048643e-07,0.0017819102442567,0.000890955122128348,1.42938514956073e-05,0.000445477561064174,0.000222738780532087,3.57346287390184e-06
"57",27040,"MBI","f",10.5866666666667,0.243484322667016,6.9,1.15292270739663,0.23778983401193,4.75252818583438,1.18813204645859,4.75252818583438,100,"MBI",27,539.628876695756,134.907219173939,0.00611056264245578,0.00305528132122789,3.34379232611951e-05,0.122127261286202,0.0610636306431011,0.000668298850684355,0.0305318153215505,0.0152659076607753,0.000167074712671089
"58",27040,"MBI","fw",10.5866666666667,0.243484322667016,6.9,1.15292270739663,0.23778983401193,4.75252818583438,1.18813204645859,4.75252818583438,100,"MBI",27,539.628876695756,134.907219173939,0.0455917374656584,0.0227958687328292,5.85742284635086e-05,0.911208076859297,0.455604038429648,0.00117067944848458,0.227802019214824,0.113901009607412,0.000292669862121145
"59",27040,"MBI","stw",10.5866666666667,0.243484322667016,6.9,1.15292270739663,0.23778983401193,4.75252818583438,1.18813204645859,4.75252818583438,100,"MBI",27,539.628876695756,134.907219173939,0.0012417286038489,0.000620864301924449,0.000225493125865771,0.0248175041354063,0.0124087520677032,0.00450676304494669,0.00620437603385158,0.00310218801692579,0.00112669076123667
"60",27040,"MBI","stwb",10.5866666666667,0.243484322667016,6.9,1.15292270739663,0.23778983401193,4.75252818583438,1.18813204645859,4.75252818583438,100,"MBI",27,539.628876695756,134.907219173939,9.07583396498452e-05,4.53791698249226e-05,0.00011544487573174,0.00181391929170436,0.000906959645852181,0.00230731068931111,0.000453479822926091,0.000226739911463045,0.000576827672327779
"61",27040,"MBI","sw",10.5866666666667,0.243484322667016,6.9,1.15292270739663,0.23778983401193,4.75252818583438,1.18813204645859,4.75252818583438,100,"MBI",27,539.628876695756,134.907219173939,0.0272937653855388,0.0136468826927694,0.000400324381471384,0.545500146510955,0.272750073255478,0.00800098504767874,0.136375036627739,0.0681875183138694,0.00200024626191968
"62",27040,"MBI","swb",10.5866666666667,0.243484322667016,6.9,1.15292270739663,0.23778983401193,4.75252818583438,1.18813204645859,4.75252818583438,100,"MBI",27,539.628876695756,134.907219173939,0.00269437072760205,0.00134718536380102,4.69682165629689e-05,0.053850379597697,0.0269251897988485,0.000938718738676958,0.0134625948994243,0.00673129744971213,0.00023467968466924
"63",27040,"MBI","total",10.5866666666667,0.243484322667016,6.9,1.15292270739663,0.23778983401193,4.75252818583438,1.18813204645859,4.75252818583438,100,"MBI",27,539.628876695756,134.907219173939,0.0770015173088834,0.0385007586544417,0.000880957935452616,1.53897193663932,0.769485968319658,0.017607049671278,0.384742984159829,0.192371492079915,0.00440176241781951
"64",29080,"GFI","ag",21.2079166666667,7.89541638076051,15.181362089853,4.72386129858536,8.68290196900816,173.538690222046,43.3846725555115,173.538690222046,100,"GFI",216,4317.03101356604,1079.25775339151,4.48019237253856,2.24009618626928,0.0104520546659502,89.5422658286621,44.771132914331,0.208897426612938,22.3855664571655,11.1927832285828,0.0522243566532344
"65",29080,"GFI","bg",21.2079166666667,7.89541638076051,15.181362089853,4.72386129858536,8.68290196900816,173.538690222046,43.3846725555115,173.538690222046,100,"GFI",216,4317.03101356604,1079.25775339151,0.606995232228018,0.303497616114009,0.00253230629235174,12.1315613084031,6.06578065420157,0.0506113185181986,3.03289032710078,1.51644516355039,0.0126528296295496
"66",29080,"GFI","f",21.2079166666667,7.89541638076051,15.181362089853,4.72386129858536,8.68290196900816,173.538690222046,43.3846725555115,173.538690222046,100,"GFI",216,4317.03101356604,1079.25775339151,0.457313128938008,0.228656564469004,0.00109874545548897,9.13997666914957,4.56998833457478,0.0219598065155584,2.28499416728739,1.1424970836437,0.0054899516288896
"67",29080,"GFI","fw",21.2079166666667,7.89541638076051,15.181362089853,4.72386129858536,8.68290196900816,173.538690222046,43.3846725555115,173.538690222046,100,"GFI",216,4317.03101356604,1079.25775339151,0.733005398474292,0.366502699237146,0.00118764638433539,14.6500325848373,7.32501629241864,0.0237366031218771,3.66250814620932,1.83125407310466,0.00593415078046929
"68",29080,"GFI","stw",21.2079166666667,7.89541638076051,15.181362089853,4.72386129858536,8.68290196900816,173.538690222046,43.3846725555115,173.538690222046,100,"GFI",216,4317.03101356604,1079.25775339151,0.140771405082595,0.0703857025412974,0.00155466421341105,2.81349315539273,1.40674657769637,0.0310719149304479,0.703373288848183,0.351686644424092,0.00776797873261198
"69",29080,"GFI","stwb",21.2079166666667,7.89541638076051,15.181362089853,4.72386129858536,8.68290196900816,173.538690222046,43.3846725555115,173.538690222046,100,"GFI",216,4317.03101356604,1079.25775339151,0.0120750020867875,0.00603750104339373,0.00301572930032099,0.241334067118223,0.120667033559111,0.0602731338796552,0.0603335167795557,0.0301667583897779,0.0150682834699138
"70",29080,"GFI","sw",21.2079166666667,7.89541638076051,15.181362089853,4.72386129858536,8.68290196900816,173.538690222046,43.3846725555115,173.538690222046,100,"GFI",216,4317.03101356604,1079.25775339151,2.8521017906865,1.42605089534325,0.00246599700334136,57.0028327974114,28.5014163987057,0.0492860441795628,14.2507081993528,7.12535409967642,0.0123215110448907
"71",29080,"GFI","swb",21.2079166666667,7.89541638076051,15.181362089853,4.72386129858536,8.68290196900816,173.538690222046,43.3846725555115,173.538690222046,100,"GFI",216,4317.03101356604,1079.25775339151,0.284925647270384,0.142462823635192,0.00112927230905242,5.6945965547529,2.84729827737645,0.0225699239858363,1.42364913868823,0.711824569344113,0.00564248099645907
"72",29080,"GFI","total",21.2079166666667,7.89541638076051,15.181362089853,4.72386129858536,8.68290196900816,173.538690222046,43.3846725555115,173.538690222046,100,"GFI",216,4317.03101356604,1079.25775339151,5.08718760476658,2.54359380238329,0.0129843609583019,101.673827137065,50.8369135685326,0.259508745131136,25.4184567842663,12.7092283921332,0.0648771862827841
"73",29090,"BKI","ag",10.2064444444444,2.86986005454504,5.8719823805286,1.48060479502516,3.57488456027084,71.4485533176278,17.862138329407,85.6377412340737,83.4311511350322,"BKI",405,8094.43315043633,2023.60828760908,0.975137106854001,0.487568553427,0.0157376963540197,19.4893385776286,9.74466928881432,0.314537607603649,4.87233464440716,2.43616732220358,0.0786344019009123
"74",29090,"BKI","bg",10.2064444444444,2.86986005454504,5.8719823805286,1.48060479502516,3.57488456027084,71.4485533176278,17.862138329407,85.6377412340737,83.4311511350322,"BKI",405,8094.43315043633,2023.60828760908,0.191404715650487,0.0957023578252434,0.000686379820114747,3.8254633963238,1.9127316981619,0.0137181619005613,0.956365849080951,0.478182924540475,0.00342954047514033
"75",29090,"BKI","f",10.2064444444444,2.86986005454504,5.8719823805286,1.48060479502516,3.57488456027084,71.4485533176278,17.862138329407,85.6377412340737,83.4311511350322,"BKI",405,8094.43315043633,2023.60828760908,0.204188797567472,0.102094398783736,0.00131909823589216,4.08096931352563,2.04048465676282,0.026363833306883,1.02024232838141,0.510121164190704,0.00659095832672075
"76",29090,"BKI","fw",10.2064444444444,2.86986005454504,5.8719823805286,1.48060479502516,3.57488456027084,71.4485533176278,17.862138329407,85.6377412340737,83.4311511350322,"BKI",405,8094.43315043633,2023.60828760908,0.352708943147461,0.176354471573731,0.00219034988340073,7.04933077004488,3.52466538502244,0.0437768906351931,1.76233269251122,0.88116634625561,0.0109442226587983
"77",29090,"BKI","stw",10.2064444444444,2.86986005454504,5.8719823805286,1.48060479502516,3.57488456027084,71.4485533176278,17.862138329407,85.6377412340737,83.4311511350322,"BKI",405,8094.43315043633,2023.60828760908,0.0103239218696202,0.00516196093481009,0.00204636028155543,0.206336531911033,0.103168265955516,0.0408990777796506,0.0515841329777581,0.0257920664888791,0.0102247694449126
"78",29090,"BKI","stwb",10.2064444444444,2.86986005454504,5.8719823805286,1.48060479502516,3.57488456027084,71.4485533176278,17.862138329407,85.6377412340737,83.4311511350322,"BKI",405,8094.43315043633,2023.60828760908,0.00148774870303697,0.000743874351518486,0.0043799788682187,0.0297345244972374,0.0148672622486187,0.0875393732077039,0.00743363112430934,0.00371681556215467,0.021884843301926
"79",29090,"BKI","sw",10.2064444444444,2.86986005454504,5.8719823805286,1.48060479502516,3.57488456027084,71.4485533176278,17.862138329407,85.6377412340737,83.4311511350322,"BKI",405,8094.43315043633,2023.60828760908,0.355083431911421,0.17754171595571,0.0042824905255882,7.0967879072457,3.54839395362285,0.0855909463623472,1.77419697681142,0.887098488405712,0.0213977365905868
"80",29090,"BKI","swb",10.2064444444444,2.86986005454504,5.8719823805286,1.48060479502516,3.57488456027084,71.4485533176278,17.862138329407,85.6377412340737,83.4311511350322,"BKI",405,8094.43315043633,2023.60828760908,0.0513442636549891,0.0256721318274945,0.00151941855936446,1.02617953040417,0.513089765202083,0.0303674863118713,0.256544882601041,0.128272441300521,0.00759187157796782
"81",29090,"BKI","total",10.2064444444444,2.86986005454504,5.8719823805286,1.48060479502516,3.57488456027084,71.4485533176278,17.862138329407,85.6377412340737,83.4311511350322,"BKI",405,8094.43315043633,2023.60828760908,1.16654182250449,0.583270911252244,0.0164240761741344,23.3148019739525,11.6574009869762,0.32825576950421,5.82870049348811,2.91435024674406,0.0820639423760526
"82",29090,"GFI","ag",11,0,7.8,0,0.0855298599939821,1.70942156564807,0.427355391412017,85.6377412340737,1.99610772191633,"BKI",9,179.876292231919,44.9690730579796,0.0291738057888844,0.0145869028944422,0.00112507796950866,0.583075112844289,0.291537556422145,0.0224860948474481,0.145768778211072,0.0728843891055361,0.00562152371186201
"83",29090,"GFI","bg",11,0,7.8,0,0.0855298599939821,1.70942156564807,0.427355391412017,85.6377412340737,1.99610772191633,"BKI",9,179.876292231919,44.9690730579796,0.00301020147656877,0.00150510073828438,3.1625082256277e-07,0.0601626533862485,0.0300813266931242,6.32066948643172e-06,0.0150406633465621,0.00752033167328106,1.58016737160793e-06
"84",29090,"GFI","f",11,0,7.8,0,0.0855298599939821,1.70942156564807,0.427355391412017,85.6377412340737,1.99610772191633,"BKI",9,179.876292231919,44.9690730579796,0.00666161344551805,0.00333080672275902,9.59469904819773e-05,0.133140702984676,0.0665703514923379,0.00191762098874547,0.033285175746169,0.0166425878730845,0.000479405247186368
"85",29090,"GFI","fw",11,0,7.8,0,0.0855298599939821,1.70942156564807,0.427355391412017,85.6377412340737,1.99610772191633,"BKI",9,179.876292231919,44.9690730579796,0.00732867793906527,0.00366433896953264,1.4546821789512e-05,0.146472823848991,0.0732364119244955,0.000290736485250655,0.0366182059622478,0.0183091029811239,7.26841213126637e-05
"86",29090,"GFI","stw",11,0,7.8,0,0.0855298599939821,1.70942156564807,0.427355391412017,85.6377412340737,1.99610772191633,"BKI",9,179.876292231919,44.9690730579796,0.00073945651104851,0.000369728255524255,5.06614594418868e-05,0.0147789661637952,0.00738948308189759,0.00101253283149604,0.0036947415409488,0.0018473707704744,0.000253133207874009
"87",29090,"GFI","stwb",11,0,7.8,0,0.0855298599939821,1.70942156564807,0.427355391412017,85.6377412340737,1.99610772191633,"BKI",9,179.876292231919,44.9690730579796,6.44846835394986e-05,3.22423417697493e-05,0.000872508272251226,0.00128880730898152,0.000644403654490758,0.0174381725504698,0.000322201827245379,0.000161100913622689,0.00435954313761744
"88",29090,"GFI","sw",11,0,7.8,0,0.0855298599939821,1.70942156564807,0.427355391412017,85.6377412340737,1.99610772191633,"BKI",9,179.876292231919,44.9690730579796,0.012760671377376,0.006380335688688,4.1098169906821e-06,0.255038028194707,0.127519014097354,8.21398491150709e-05,0.0637595070486768,0.0318797535243384,2.05349622787677e-05
"89",29090,"GFI","swb",11,0,7.8,0,0.0855298599939821,1.70942156564807,0.427355391412017,85.6377412340737,1.99610772191633,"BKI",9,179.876292231919,44.9690730579796,0.00161890183233704,0.000809450916168518,8.73046085533712e-05,0.0323557843431383,0.0161778921715692,0.00174489214237105,0.00808894608578458,0.00404447304289229,0.000436223035592762
"90",29090,"GFI","total",11,0,7.8,0,0.0855298599939821,1.70942156564807,0.427355391412017,85.6377412340737,1.99610772191633,"BKI",9,179.876292231919,44.9690730579796,0.0321840072654531,0.0160920036327266,0.00112539422033122,0.643237766230538,0.321618883115269,0.0224924155169345,0.160809441557634,0.0804047207788172,0.00562310387923362
"91",29090,"GKI","ag",25.6,0,15.7,0,0.463246686327737,9.25856625837287,2.31464156459322,85.6377412340737,10.8113153440916,"BKI",9,179.876292231919,44.9690730579796,0.205821055877439,0.102910527938719,0.000143838127602587,4.11359204383246,2.05679602191623,0.00287478545274833,1.02839801095812,0.514199005479058,0.000718696363187083
"92",29090,"GKI","bg",25.6,0,15.7,0,0.463246686327737,9.25856625837287,2.31464156459322,85.6377412340737,10.8113153440916,"BKI",9,179.876292231919,44.9690730579796,0.0438347001943587,0.0219173500971793,3.0947430436978e-07,0.876091482451,0.4380457412255,6.18523226789869e-06,0.21902287061275,0.109511435306375,1.54630806697467e-06
"93",29090,"GKI","f",25.6,0,15.7,0,0.463246686327737,9.25856625837287,2.31464156459322,85.6377412340737,10.8113153440916,"BKI",9,179.876292231919,44.9690730579796,0.0146722992858652,0.0073361496429326,2.89228590825083e-05,0.29324431045094,0.14662215522547,0.000578059628056429,0.073311077612735,0.0366555388063675,0.000144514907014107
"94",29090,"GKI","fw",25.6,0,15.7,0,0.463246686327737,9.25856625837287,2.31464156459322,85.6377412340737,10.8113153440916,"BKI",9,179.876292231919,44.9690730579796,0.035567977878322,0.017783988939161,6.06382870450113e-05,0.710870664771051,0.355435332385526,0.0012119322489946,0.177717666192763,0.0888588330963814,0.00030298306224865
"95",29090,"GKI","stw",25.6,0,15.7,0,0.463246686327737,9.25856625837287,2.31464156459322,85.6377412340737,10.8113153440916,"BKI",9,179.876292231919,44.9690730579796,0.00433704509697024,0.00216852254848512,3.3970312698845e-05,0.0866812879206255,0.0433406439603127,0.000678939321580789,0.0216703219801564,0.0108351609900782,0.000169734830395197
"96",29090,"GKI","stwb",25.6,0,15.7,0,0.463246686327737,9.25856625837287,2.31464156459322,85.6377412340737,10.8113153440916,"BKI",9,179.876292231919,44.9690730579796,0.000496570786430119,0.00024828539321506,1.17823433719777e-05,0.0099245902104153,0.00496229510520765,0.000235484915506074,0.00248114755260383,0.00124057377630191,5.88712288765185e-05
"97",29090,"GKI","sw",25.6,0,15.7,0,0.463246686327737,9.25856625837287,2.31464156459322,85.6377412340737,10.8113153440916,"BKI",9,179.876292231919,44.9690730579796,0.135318737844512,0.067659368922256,3.48148597782013e-06,2.70451475921931,1.35225737960966,6.95818654608556e-05,0.676128689804828,0.338064344902414,1.73954663652139e-05
"98",29090,"GKI","swb",25.6,0,15.7,0,0.463246686327737,9.25856625837287,2.31464156459322,85.6377412340737,10.8113153440916,"BKI",9,179.876292231919,44.9690730579796,0.0154284249853389,0.00771421249266945,5.04283942642487e-06,0.308356431260117,0.154178215630059,0.000100787473149582,0.0770891078150293,0.0385445539075146,2.51968682873956e-05
"99",29090,"GKI","total",25.6,0,15.7,0,0.463246686327737,9.25856625837287,2.31464156459322,85.6377412340737,10.8113153440916,"BKI",9,179.876292231919,44.9690730579796,0.249655756071797,0.124827878035899,0.000144147601906957,4.98968352628346,2.49484176314173,0.00288097068501623,1.24742088157087,0.623710440785433,0.000720242671254057
"100",29090,"MBI","ag",15.1,0,9.2,0,0.161170771712627,3.22120009242492,0.805300023106231,85.6377412340737,3.76142579895985,"BKI",9,179.876292231919,44.9690730579796,0.062716090919953,0.0313580454599765,0.000400202447036851,1.25345976644012,0.626729883220058,0.0079985480350144,0.313364941610029,0.156682470805014,0.0019996370087536
"101",29090,"MBI","bg",15.1,0,9.2,0,0.161170771712627,3.22120009242492,0.805300023106231,85.6377412340737,3.76142579895985,"BKI",9,179.876292231919,44.9690730579796,6.77518545450146e-05,3.38759272725073e-05,8.87265026666713e-07,0.0013541058208215,0.000677052910410749,1.77331048026514e-05,0.000338526455205375,0.000169263227602687,4.43327620066285e-06
"102",29090,"MBI","f",15.1,0,9.2,0,0.161170771712627,3.22120009242492,0.805300023106231,85.6377412340737,3.76142579895985,"BKI",9,179.876292231919,44.9690730579796,0.00364180800140301,0.0018209040007015,7.27442852836635e-05,0.0727861022569896,0.0363930511284948,0.00145388581309848,0.0181965255642474,0.00909826278212371,0.00036347145327462
"103",29090,"MBI","fw",15.1,0,9.2,0,0.161170771712627,3.22120009242492,0.805300023106231,85.6377412340737,3.76142579895985,"BKI",9,179.876292231919,44.9690730579796,0.028388091527084,0.014194045763542,2.20577082406008e-05,0.567371627492469,0.283685813746234,0.000440850974828078,0.141842906873117,0.0709214534365586,0.000110212743707019
"104",29090,"MBI","stw",15.1,0,9.2,0,0.161170771712627,3.22120009242492,0.805300023106231,85.6377412340737,3.76142579895985,"BKI",9,179.876292231919,44.9690730579796,0.00111906064491357,0.000559530322456785,1.65705451240019e-05,0.0223658310655236,0.0111829155327618,0.000331183135240795,0.0055914577663809,0.00279572888319045,8.27957838101986e-05
"105",29090,"MBI","stwb",15.1,0,9.2,0,0.161170771712627,3.22120009242492,0.805300023106231,85.6377412340737,3.76142579895985,"BKI",9,179.876292231919,44.9690730579796,7.56215130638281e-05,3.78107565319141e-05,0.000240179026833899,0.001511390820321,0.0007556954101605,0.00480027920208358,0.00037784770508025,0.000188923852540125,0.00120006980052089
"106",29090,"MBI","sw",15.1,0,9.2,0,0.161170771712627,3.22120009242492,0.805300023106231,85.6377412340737,3.76142579895985,"BKI",9,179.876292231919,44.9690730579796,0.0307138611146029,0.0153569305573014,7.30656063151771e-07,0.61385505082454,0.30692752541227,1.46030781707235e-05,0.153463762706135,0.0767318813530675,3.65076954268086e-06
"107",29090,"MBI","swb",15.1,0,9.2,0,0.161170771712627,3.22120009242492,0.805300023106231,85.6377412340737,3.76142579895985,"BKI",9,179.876292231919,44.9690730579796,0.00241945612028874,0.00120972806014437,4.79202254915347e-05,0.0483558662372624,0.0241779331186312,0.000957745831592747,0.0120889665593156,0.0060444832796578,0.000239436457898187
"108",29090,"MBI","total",15.1,0,9.2,0,0.161170771712627,3.22120009242492,0.805300023106231,85.6377412340737,3.76142579895985,"BKI",9,179.876292231919,44.9690730579796,0.062783842774498,0.031391921387249,0.000401089712063518,1.25481387226094,0.627406936130469,0.00801628113981705,0.313703468065234,0.156851734032617,0.00200407028495426
"109",32010,"SER","ag",17.5037037037037,6.16920074245338,15.2710063385452,2.42535256583962,13.1443561183776,262.706449149967,65.6766122874918,262.706449149967,100,"SER",486,9713.3197805236,2428.3299451309,5.79286566616984,2.89643283308492,0.0307651940984535,115.777688603135,57.8888443015674,0.614881004913902,28.9444221507837,14.4722110753919,0.153720251228475
"110",32010,"SER","bg",17.5037037037037,6.16920074245338,15.2710063385452,2.42535256583962,13.1443561183776,262.706449149967,65.6766122874918,262.706449149967,100,"SER",486,9713.3197805236,2428.3299451309,0.00621081644754365,0.00310540822377182,0.00132897491682614,0.124130959368574,0.0620654796842871,0.0265612311675454,0.0310327398421435,0.0155163699210718,0.00664030779188635
"111",32010,"SER","f",17.5037037037037,6.16920074245338,15.2710063385452,2.42535256583962,13.1443561183776,262.706449149967,65.6766122874918,262.706449149967,100,"SER",486,9713.3197805236,2428.3299451309,0.200000565392605,0.100000282696303,0.00122892552267476,3.99726223856768,1.99863111928384,0.024561618494212,0.999315559641921,0.499657779820961,0.006140404623553
"112",32010,"SER","fw",17.5037037037037,6.16920074245338,15.2710063385452,2.42535256583962,13.1443561183776,262.706449149967,65.6766122874918,262.706449149967,100,"SER",486,9713.3197805236,2428.3299451309,1.47941290151231,0.739706450756154,0.00431577374487622,29.5679230448998,14.7839615224499,0.0862561532600218,7.39198076122496,3.69599038061248,0.0215640383150055
"113",32010,"SER","stw",17.5037037037037,6.16920074245338,15.2710063385452,2.42535256583962,13.1443561183776,262.706449149967,65.6766122874918,262.706449149967,100,"SER",486,9713.3197805236,2428.3299451309,0.126783796431542,0.063391898215771,0.00436814834775304,2.53393324635468,1.26696662317734,0.0873029254125331,0.63348331158867,0.316741655794335,0.0218257313531333
"114",32010,"SER","stwb",17.5037037037037,6.16920074245338,15.2710063385452,2.42535256583962,13.1443561183776,262.706449149967,65.6766122874918,262.706449149967,100,"SER",486,9713.3197805236,2428.3299451309,0.00788112410261607,0.00394056205130804,0.00761121126711852,0.157514153577576,0.0787570767887881,0.152119606902565,0.039378538394394,0.019689269197197,0.0380299017256411
"115",32010,"SER","sw",17.5037037037037,6.16920074245338,15.2710063385452,2.42535256583962,13.1443561183776,262.706449149967,65.6766122874918,262.706449149967,100,"SER",486,9713.3197805236,2428.3299451309,3.88456662424757,1.94228331212378,0.0117431844197506,77.6379379219459,38.8189689609729,0.234702274713374,19.4094844804865,9.70474224024323,0.0586755686783435
"116",32010,"SER","swb",17.5037037037037,6.16920074245338,15.2710063385452,2.42535256583962,13.1443561183776,262.706449149967,65.6766122874918,262.706449149967,100,"SER",486,9713.3197805236,2428.3299451309,0.294221219875805,0.147110609937902,0.00149795079628037,5.88038023635686,2.94019011817843,0.0299384261311959,1.47009505908922,0.735047529544608,0.00748460653279898
"117",32010,"SER","total",17.5037037037037,6.16920074245338,15.2710063385452,2.42535256583962,13.1443561183776,262.706449149967,65.6766122874918,262.706449149967,100,"SER",486,9713.3197805236,2428.3299451309,5.79907648261738,2.89953824130869,0.0320941690152796,115.901819562503,57.9509097812517,0.641442236081447,28.9754548906259,14.4877274453129,0.160360559020362
"118",32020,"SER","ag",31.6045454545455,11.5194177070764,22.6828480236731,6.85934774599857,17.5860913938684,351.480101642301,87.8700254105751,353.480689972147,99.4340317910989,"SER",198,3957.27842910221,989.319607275552,11.7665286736774,5.88326433683871,0.00885340595736795,235.168838917961,117.584419458981,0.176946426359481,58.7922097294903,29.3961048647451,0.0442366065898702
"119",32020,"SER","bg",31.6045454545455,11.5194177070764,22.6828480236731,6.85934774599857,17.5860913938684,351.480101642301,87.8700254105751,353.480689972147,99.4340317910989,"SER",198,3957.27842910221,989.319607275552,0.0099175057699008,0.0049587528849504,0.00199758904740918,0.198213796230935,0.0991068981154675,0.0399243234723393,0.0495534490577337,0.0247767245288669,0.00998108086808482
"120",32020,"SER","f",31.6045454545455,11.5194177070764,22.6828480236731,6.85934774599857,17.5860913938684,351.480101642301,87.8700254105751,353.480689972147,99.4340317910989,"SER",198,3957.27842910221,989.319607275552,0.229393632647622,0.114696816323811,0.000737659245304493,4.58471956691834,2.29235978345917,0.0147430455528853,1.14617989172959,0.573089945864793,0.00368576138822132
"121",32020,"SER","fw",31.6045454545455,11.5194177070764,22.6828480236731,6.85934774599857,17.5860913938684,351.480101642301,87.8700254105751,353.480689972147,99.4340317910989,"SER",198,3957.27842910221,989.319607275552,1.87215508120319,0.936077540601594,0.00100398289548152,37.417368276664,18.708684138332,0.0200658578559424,9.35434206916599,4.67717103458299,0.0050164644639856
"122",32020,"SER","stw",31.6045454545455,11.5194177070764,22.6828480236731,6.85934774599857,17.5860913938684,351.480101642301,87.8700254105751,353.480689972147,99.4340317910989,"SER",198,3957.27842910221,989.319607275552,0.279579287863376,0.139789643931688,0.00135116733699265,5.58774285396715,2.79387142698358,0.0270047745292348,1.39693571349179,0.698467856745894,0.00675119363230869
"123",32020,"SER","stwb",31.6045454545455,11.5194177070764,22.6828480236731,6.85934774599857,17.5860913938684,351.480101642301,87.8700254105751,353.480689972147,99.4340317910989,"SER",198,3957.27842910221,989.319607275552,0.0155188829609687,0.00775944148048433,0.00319483448605534,0.310164347400016,0.155082173700008,0.0638527757384779,0.0775410868500039,0.0387705434250019,0.0159631939346195
"124",32020,"SER","sw",31.6045454545455,11.5194177070764,22.6828480236731,6.85934774599857,17.5860913938684,351.480101642301,87.8700254105751,353.480689972147,99.4340317910989,"SER",198,3957.27842910221,989.319607275552,8.94837364992348,4.47418682496174,0.00154238937165384,178.844474850448,89.4222374252242,0.0308265868167791,44.7111187126121,22.3555593563061,0.00770664670419478
"125",32020,"SER","swb",31.6045454545455,11.5194177070764,22.6828480236731,6.85934774599857,17.5860913938684,351.480101642301,87.8700254105751,353.480689972147,99.4340317910989,"SER",198,3957.27842910221,989.319607275552,0.650901771726411,0.325450885863206,0.0010233726218801,13.0090885894815,6.50454429474075,0.0204533858661611,3.25227214737037,1.62613607368519,0.00511334646654029
"126",32020,"SER","total",31.6045454545455,11.5194177070764,22.6828480236731,6.85934774599857,17.5860913938684,351.480101642301,87.8700254105751,353.480689972147,99.4340317910989,"SER",198,3957.27842910221,989.319607275552,11.7764461794473,5.88822308972366,0.0108509950047771,235.367052714192,117.683526357096,0.21687074983182,58.841763178548,29.420881589274,0.054217687457955
"127",32020,"STK","ag",11.9,0,9.1,0,0.100098210526841,2.00058832984647,0.500147082461617,353.480689972147,0.56596820890106,"SER",9,179.876292231919,44.9690730579796,0.0418371760946301,0.020918588047315,0.000363435612410182,0.836168457039546,0.418084228519773,0.00726371671393113,0.209042114259886,0.104521057129943,0.00181592917848278
"128",32020,"STK","bg",11.9,0,9.1,0,0.100098210526841,2.00058832984647,0.500147082461617,353.480689972147,0.56596820890106,"SER",9,179.876292231919,44.9690730579796,3.89606760111072e-05,1.94803380055536e-05,5.82540424523849e-07,0.000778677993747446,0.000389338996873723,1.16428012931731e-05,0.000194669498436862,9.73347492184308e-05,2.91070032329327e-06
"129",32020,"STK","f",11.9,0,9.1,0,0.100098210526841,2.00058832984647,0.500147082461617,353.480689972147,0.56596820890106,"SER",9,179.876292231919,44.9690730579796,0.00206212826578385,0.00103106413289192,9.21349281752231e-05,0.0412142207284261,0.0206071103642131,0.00184143214057925,0.0103035551821065,0.00515177759105326,0.000460358035144813
"130",32020,"STK","fw",11.9,0,9.1,0,0.100098210526841,2.00058832984647,0.500147082461617,353.480689972147,0.56596820890106,"SER",9,179.876292231919,44.9690730579796,0.0197846265932501,0.00989231329662507,4.13372842989222e-05,0.395420586087428,0.197710293043714,0.00082617749229187,0.098855146521857,0.0494275732609285,0.000206544373072967
"131",32020,"STK","stw",11.9,0,9.1,0,0.100098210526841,2.00058832984647,0.500147082461617,353.480689972147,0.56596820890106,"SER",9,179.876292231919,44.9690730579796,0.000765627023096024,0.000382813511548012,0.000144972128417567,0.0153020166830082,0.00765100834150412,0.00289744988185795,0.00382550417075206,0.00191275208537603,0.000724362470464487
"132",32020,"STK","stwb",11.9,0,9.1,0,0.100098210526841,2.00058832984647,0.500147082461617,353.480689972147,0.56596820890106,"SER",9,179.876292231919,44.9690730579796,5.46179282231126e-05,2.73089641115563e-05,5.59574994120011e-05,0.00109160782424028,0.000545803912120142,0.00111838083520006,0.000272901956060071,0.000136450978030036,0.000279595208800014
"133",32020,"STK","sw",11.9,0,9.1,0,0.100098210526841,2.00058832984647,0.500147082461617,353.480689972147,0.56596820890106,"SER",9,179.876292231919,44.9690730579796,0.0195197633289634,0.00975988166448169,1.05416129820805e-05,0.390126961428722,0.195063480714361,0.000210687361928944,0.0975317403571806,0.0487658701785903,5.26718404822361e-05
"134",32020,"STK","swb",11.9,0,9.1,0,0.100098210526841,2.00058832984647,0.500147082461617,353.480689972147,0.56596820890106,"SER",9,179.876292231919,44.9690730579796,0.00171254122109739,0.000856270610548697,1.84921591243879e-05,0.0342272850161468,0.0171136425080734,0.000369589002073059,0.0085568212540367,0.00427841062701835,9.23972505182648e-05
"135",32020,"STK","total",11.9,0,9.1,0,0.100098210526841,2.00058832984647,0.500147082461617,353.480689972147,0.56596820890106,"SER",9,179.876292231919,44.9690730579796,0.0418761367706412,0.0209380683853206,0.000364018152834706,0.836947135033293,0.418473567516647,0.0072753595152243,0.209236783758323,0.104618391879162,0.00181883987880608
"136",32050,"MBI","ag",8.6625,1.15980143680817,8.80258565697918,1.13552067076663,1.72766076037762,34.5294679790336,8.6323669947584,34.5294679790336,100,"MBI",288,5756.04135142139,1439.01033785535,0.645481727948029,0.322740863974014,0.0143288410901841,12.9007622140826,6.4503811070413,0.286379867475854,3.22519055352065,1.61259527676032,0.0715949668689635
"137",32050,"MBI","bg",8.6625,1.15980143680817,8.80258565697918,1.13552067076663,1.72766076037762,34.5294679790336,8.6323669947584,34.5294679790336,100,"MBI",288,5756.04135142139,1439.01033785535,0.000613033949043942,0.000306516974521971,0.000520835186741721,0.0122522526407017,0.00612612632035085,0.0104095446950022,0.00306306316017542,0.00153153158008771,0.00260238617375054
"138",32050,"MBI","f",8.6625,1.15980143680817,8.80258565697918,1.13552067076663,1.72766076037762,34.5294679790336,8.6323669947584,34.5294679790336,100,"MBI",288,5756.04135142139,1439.01033785535,0.0319516016608726,0.0159758008304363,0.000584991800746221,0.638592848625441,0.319296424312721,0.0116917951227004,0.15964821215636,0.0798241060781802,0.0029229487806751
"139",32050,"MBI","fw",8.6625,1.15980143680817,8.80258565697918,1.13552067076663,1.72766076037762,34.5294679790336,8.6323669947584,34.5294679790336,100,"MBI",288,5756.04135142139,1439.01033785535,0.337874485177621,0.168937242588811,0.00171340174482532,6.75284551483543,3.37642275741771,0.0342444836625421,1.68821137870886,0.844105689354429,0.00856112091563552
"140",32050,"MBI","stw",8.6625,1.15980143680817,8.80258565697918,1.13552067076663,1.72766076037762,34.5294679790336,8.6323669947584,34.5294679790336,100,"MBI",288,5756.04135142139,1439.01033785535,0.0128157219014412,0.00640786095072059,0.0021741833279598,0.256138281989626,0.128069140994813,0.0434537817406514,0.0640345704974065,0.0320172852487032,0.0108634454351629
"141",32050,"MBI","stwb",8.6625,1.15980143680817,8.80258565697918,1.13552067076663,1.72766076037762,34.5294679790336,8.6323669947584,34.5294679790336,100,"MBI",288,5756.04135142139,1439.01033785535,0.000975266444393476,0.000487633222196738,0.00483309566263548,0.0194919235506339,0.00974596177531694,0.0965954808663376,0.00487298088765847,0.00243649044382924,0.0241488702165844
"142",32050,"MBI","sw",8.6625,1.15980143680817,8.80258565697918,1.13552067076663,1.72766076037762,34.5294679790336,8.6323669947584,34.5294679790336,100,"MBI",288,5756.04135142139,1439.01033785535,0.26399261616828,0.13199630808414,0.00452421165442685,5.27622366366159,2.63811183183079,0.0904220464078596,1.3190559159154,0.659527957957698,0.0226055116019649
"143",32050,"MBI","swb",8.6625,1.15980143680817,8.80258565697918,1.13552067076663,1.72766076037762,34.5294679790336,8.6323669947584,34.5294679790336,100,"MBI",288,5756.04135142139,1439.01033785535,0.0298236382562924,0.0149118191281462,0.000498956899590458,0.59606283004532,0.29803141502266,0.00997227967576281,0.14901570751133,0.0745078537556651,0.0024930699189407
"144",32050,"MBI","total",8.6625,1.15980143680817,8.80258565697918,1.13552067076663,1.72766076037762,34.5294679790336,8.6323669947584,34.5294679790336,100,"MBI",288,5756.04135142139,1439.01033785535,0.646094761897073,0.323047380948536,0.0148496762769259,12.9130144667233,6.45650723336165,0.296789412170856,3.22825361668082,1.61412680834041,0.074197353042714
"145",32070,"MBI","ag",17.6625,5.00882144356545,16.6320593845717,2.96959599057197,1.90401484938504,38.0541257179885,9.51353142949712,438.655936606046,8.67516487122448,"SER",72,1439.01033785535,359.752584463837,1.20802399469719,0.604011997348594,0.0103983119950894,24.1438752325912,12.0719376162956,0.207823311905262,6.03596880814781,3.0179844040739,0.0519558279763156
"146",32070,"MBI","bg",17.6625,5.00882144356545,16.6320593845717,2.96959599057197,1.90401484938504,38.0541257179885,9.51353142949712,438.655936606046,8.67516487122448,"SER",72,1439.01033785535,359.752584463837,0.000874862435089555,0.000437431217544777,0.000523695142059565,0.0174852234485441,0.00874261172427203,0.0104667044903936,0.00437130586213602,0.00218565293106801,0.0026166761225984
"147",32070,"MBI","f",17.6625,5.00882144356545,16.6320593845717,2.96959599057197,1.90401484938504,38.0541257179885,9.51353142949712,438.655936606046,8.67516487122448,"SER",72,1439.01033785535,359.752584463837,0.0265202590984162,0.0132601295492081,0.000216141813384046,0.530040652850324,0.265020326425162,0.00431986533197838,0.132510163212581,0.0662550816062905,0.0010799663329946
"148",32070,"MBI","fw",17.6625,5.00882144356545,16.6320593845717,2.96959599057197,1.90401484938504,38.0541257179885,9.51353142949712,438.655936606046,8.67516487122448,"SER",72,1439.01033785535,359.752584463837,0.290111607047074,0.145055803523537,0.00104028571895419,5.79824446767455,2.89912223383728,0.0207914153319217,1.44956111691864,0.724780558459319,0.00519785383298043
"149",32070,"MBI","stw",17.6625,5.00882144356545,16.6320593845717,2.96959599057197,1.90401484938504,38.0541257179885,9.51353142949712,438.655936606046,8.67516487122448,"SER",72,1439.01033785535,359.752584463837,0.0266411197309887,0.0133205598654943,0.000605070863432079,0.532456204235205,0.266228102117603,0.0120931003835253,0.133114051058801,0.0665570255294007,0.00302327509588133
"150",32070,"MBI","stwb",17.6625,5.00882144356545,16.6320593845717,2.96959599057197,1.90401484938504,38.0541257179885,9.51353142949712,438.655936606046,8.67516487122448,"SER",72,1439.01033785535,359.752584463837,0.00169758267483409,0.000848791337417046,0.0017879433897243,0.0339283197006999,0.0169641598503499,0.0357342919626861,0.00848207992517497,0.00424103996258749,0.00893357299067151
"151",32070,"MBI","sw",17.6625,5.00882144356545,16.6320593845717,2.96959599057197,1.90401484938504,38.0541257179885,9.51353142949712,438.655936606046,8.67516487122448,"SER",72,1439.01033785535,359.752584463837,0.825643947468279,0.412821973734139,0.00641555533807476,16.5015302193688,8.25076510968438,0.128222922980176,4.12538255484219,2.0626912774211,0.0320557307450439
"152",32070,"MBI","swb",17.6625,5.00882144356545,16.6320593845717,2.96959599057197,1.90401484938504,38.0541257179885,9.51353142949712,438.655936606046,8.67516487122448,"SER",72,1439.01033785535,359.752584463837,0.0639297377760136,0.0319648688880068,0.00033331487152001,1.27771602161202,0.638858010806008,0.00666171591497529,0.319429005403004,0.159714502701502,0.00166542897874382
"153",32070,"MBI","total",17.6625,5.00882144356545,16.6320593845717,2.96959599057197,1.90401484938504,38.0541257179885,9.51353142949712,438.655936606046,8.67516487122448,"SER",72,1439.01033785535,359.752584463837,1.20889885713228,0.604449428566139,0.0109220071371489,24.1613604560398,12.0806802280199,0.218290016395656,6.04034011400995,3.02017005700497,0.054572504098914
"154",32070,"SER","ag",26.2948717948718,5.98042257685878,21.1110903107389,2.67976563480003,20.0438659995503,400.601810888058,100.150452722014,438.655936606046,91.3248351287755,"SER",351,7015.17539704482,1753.79384926121,11.4459692231364,5.72298461156818,0.0194501450542808,228.76205609538,114.38102804769,0.388735552859668,57.1905140238451,28.5952570119225,0.0971838882149171
"155",32070,"SER","bg",26.2948717948718,5.98042257685878,21.1110903107389,2.67976563480003,20.0438659995503,400.601810888058,100.150452722014,438.655936606046,91.3248351287755,"SER",351,7015.17539704482,1753.79384926121,0.0103685153117174,0.0051842576558587,0.00119865208204649,0.2072277878024,0.1036138939012,0.023956565799399,0.0518069469506,0.0259034734753,0.00598914144984976
"156",32070,"SER","f",26.2948717948718,5.98042257685878,21.1110903107389,2.67976563480003,20.0438659995503,400.601810888058,100.150452722014,438.655936606046,91.3248351287755,"SER",351,7015.17539704482,1753.79384926121,0.266482601684867,0.133241300842433,0.00106299842664777,5.32598914837656,2.66299457418828,0.0212453572926404,1.33149728709414,0.66574864354707,0.0053113393231601
"157",32070,"SER","fw",26.2948717948718,5.98042257685878,21.1110903107389,2.67976563480003,20.0438659995503,400.601810888058,100.150452722014,438.655936606046,91.3248351287755,"SER",351,7015.17539704482,1753.79384926121,2.14545959157144,1.07272979578572,0.00323630848254718,42.8797018294752,21.4398509147376,0.0646816855954771,10.7199254573688,5.3599627286844,0.0161704213988693
"158",32070,"SER","stw",26.2948717948718,5.98042257685878,21.1110903107389,2.67976563480003,20.0438659995503,400.601810888058,100.150452722014,438.655936606046,91.3248351287755,"SER",351,7015.17539704482,1753.79384926121,0.26376462175317,0.131882310876585,0.00291027756169306,5.27166690921275,2.63583345460637,0.0581655485736774,1.31791672730319,0.658958363651593,0.0145413871434194
"159",32070,"SER","stwb",26.2948717948718,5.98042257685878,21.1110903107389,2.67976563480003,20.0438659995503,400.601810888058,100.150452722014,438.655936606046,91.3248351287755,"SER",351,7015.17539704482,1753.79384926121,0.0154922168669517,0.00774610843347587,0.00441516542765936,0.309631392053341,0.15481569602667,0.0882426207464354,0.0774078480133352,0.0387039240066676,0.0220606551866089
"160",32070,"SER","sw",26.2948717948718,5.98042257685878,21.1110903107389,2.67976563480003,20.0438659995503,400.601810888058,100.150452722014,438.655936606046,91.3248351287755,"SER",351,7015.17539704482,1753.79384926121,8.39847439402979,4.19923719701489,0.00691119745070018,167.854048266976,83.9270241334882,0.138128952479404,41.9635120667441,20.981756033372,0.034532238119851
"161",32070,"SER","swb",26.2948717948718,5.98042257685878,21.1110903107389,2.67976563480003,20.0438659995503,400.601810888058,100.150452722014,438.655936606046,91.3248351287755,"SER",351,7015.17539704482,1753.79384926121,0.622778398915021,0.31138919945751,0.000914197705033226,12.4470076976627,6.22350384883137,0.018271388172034,3.11175192441568,1.55587596220784,0.00456784704300849
"162",32070,"SER","total",26.2948717948718,5.98042257685878,21.1110903107389,2.67976563480003,20.0438659995503,400.601810888058,100.150452722014,438.655936606046,91.3248351287755,"SER",351,7015.17539704482,1753.79384926121,11.4563377384481,5.72816886922404,0.0206487971363273,228.969283883183,114.484641941591,0.412692118659067,57.2423209707957,28.6211604853978,0.103173029664767
"163",32080,"MBI","ag",14.4396153846154,4.2880339282155,14.3627331887877,2.97641781016455,8.33825854993239,166.650559070326,41.6626397675815,169.251846614812,98.4630669641047,"MBI",468,9353.56719605976,2338.39179901494,4.80963116150058,2.40481558075029,0.0538829907794979,96.1265133704245,48.0632566852122,1.07691917730919,24.0316283426061,12.0158141713031,0.269229794327298
"164",32080,"MBI","bg",14.4396153846154,4.2880339282155,14.3627331887877,2.97641781016455,8.33825854993239,166.650559070326,41.6626397675815,169.251846614812,98.4630669641047,"MBI",468,9353.56719605976,2338.39179901494,0.00361612707795499,0.0018080635389775,0.00107518935953526,0.0722728367802207,0.0361364183901103,0.0214890083822681,0.0180682091950552,0.00903410459752758,0.00537225209556704
"165",32080,"MBI","f",14.4396153846154,4.2880339282155,14.3627331887877,2.97641781016455,8.33825854993239,166.650559070326,41.6626397675815,169.251846614812,98.4630669641047,"MBI",468,9353.56719605976,2338.39179901494,0.120149427297901,0.0600747136489507,0.00345389283638648,2.40133705512611,1.20066852756305,0.0690303819083982,0.600334263781527,0.300167131890763,0.0172575954770996
"166",32080,"MBI","fw",14.4396153846154,4.2880339282155,14.3627331887877,2.97641781016455,8.33825854993239,166.650559070326,41.6626397675815,169.251846614812,98.4630669641047,"MBI",468,9353.56719605976,2338.39179901494,1.32297307739613,0.661486538698067,0.00651126713298426,26.4412768760742,13.2206384380371,0.130135843290307,6.61031921901854,3.30515960950927,0.0325339608225767
"167",32080,"MBI","stw",14.4396153846154,4.2880339282155,14.3627331887877,2.97641781016455,8.33825854993239,166.650559070326,41.6626397675815,169.251846614812,98.4630669641047,"MBI",468,9353.56719605976,2338.39179901494,0.1040227403015,0.0520113701507499,0.00408470836479439,2.07902498147084,1.03951249073542,0.081638021723102,0.519756245367709,0.259878122683855,0.0204095054307755
"168",32080,"MBI","stwb",14.4396153846154,4.2880339282155,14.3627331887877,2.97641781016455,8.33825854993239,166.650559070326,41.6626397675815,169.251846614812,98.4630669641047,"MBI",468,9353.56719605976,2338.39179901494,0.00687332707368615,0.00343666353684307,0.0161936814801377,0.137372065479103,0.0686860327395515,0.323651042470206,0.0343430163697758,0.0171715081848879,0.0809127606175515
"169",32080,"MBI","sw",14.4396153846154,4.2880339282155,14.3627331887877,2.97641781016455,8.33825854993239,166.650559070326,41.6626397675815,169.251846614812,98.4630669641047,"MBI",468,9353.56719605976,2338.39179901494,3.12579722480151,1.56289861240075,0.0196451295971694,62.4729794517906,31.2364897258953,0.392632563594928,15.6182448629477,7.80912243147383,0.098158140898732
"170",32080,"MBI","swb",14.4396153846154,4.2880339282155,14.3627331887877,2.97641781016455,8.33825854993239,166.650559070326,41.6626397675815,169.251846614812,98.4630669641047,"MBI",468,9353.56719605976,2338.39179901494,0.249964791927754,0.124982395963877,0.00399431136802569,4.99585999560971,2.49792999780485,0.0798313243222516,1.24896499890243,0.624482499451213,0.0199578310805629
"171",32080,"MBI","total",14.4396153846154,4.2880339282155,14.3627331887877,2.97641781016455,8.33825854993239,166.650559070326,41.6626397675815,169.251846614812,98.4630669641047,"MBI",468,9353.56719605976,2338.39179901494,4.81324728857854,2.40662364428927,0.0549581801390331,96.1987862072047,48.0993931036023,1.09840818569146,24.0496965518012,12.0248482759006,0.274602046422865
"172",32080,"STK","ag",7.83333333333333,0.127097781860448,6.8,0.926531995379295,0.130153827443735,2.60128754448577,0.650321886121444,169.251846614812,1.53693303589524,"MBI",27,539.628876695756,134.907219173939,0.0570262745711905,0.0285131372855952,0.00102089144943885,1.13974164774056,0.569870823870282,0.0204037965218145,0.284935411935141,0.142467705967571,0.00510094913045361
"173",32080,"STK","bg",7.83333333333333,0.127097781860448,6.8,0.926531995379295,0.130153827443735,2.60128754448577,0.650321886121444,169.251846614812,1.53693303589524,"MBI",27,539.628876695756,134.907219173939,4.42999951705051e-05,2.21499975852526e-05,3.65153648879588e-07,0.000885390986351374,0.000442695493175687,7.29805382837958e-06,0.000221347746587843,0.000110673873293922,1.82451345709489e-06
"174",32080,"STK","f",7.83333333333333,0.127097781860448,6.8,0.926531995379295,0.130153827443735,2.60128754448577,0.650321886121444,169.251846614812,1.53693303589524,"MBI",27,539.628876695756,134.907219173939,0.0029585473190143,0.00147927365950715,0.000130486944539501,0.0591302802374417,0.0295651401187208,0.00260794530760417,0.0147825700593604,0.00739128502968021,0.000651986326901041
"175",32080,"STK","fw",7.83333333333333,0.127097781860448,6.8,0.926531995379295,0.130153827443735,2.60128754448577,0.650321886121444,169.251846614812,1.53693303589524,"MBI",27,539.628876695756,134.907219173939,0.0390172120915135,0.0195086060457568,5.2192559514533e-05,0.779807938249759,0.38990396912488,0.00104313378750755,0.19495198456244,0.0974759922812199,0.000260783446876887
"176",32080,"STK","stw",7.83333333333333,0.127097781860448,6.8,0.926531995379295,0.130153827443735,2.60128754448577,0.650321886121444,169.251846614812,1.53693303589524,"MBI",27,539.628876695756,134.907219173939,0.00102358619062536,0.000511793095312681,0.000386597948148132,0.0204576543054982,0.0102288271527491,0.00772664505526149,0.00511441357637455,0.00255720678818728,0.00193166126381537
"177",32080,"STK","stwb",7.83333333333333,0.127097781860448,6.8,0.926531995379295,0.130153827443735,2.60128754448577,0.650321886121444,169.251846614812,1.53693303589524,"MBI",27,539.628876695756,134.907219173939,8.00559834388116e-05,4.00279917194058e-05,0.000394871395488566,0.00160001927466148,0.000800009637330739,0.00789200028099185,0.000400004818665369,0.000200002409332685,0.00197300007024796
"178",32080,"STK","sw",7.83333333333333,0.127097781860448,6.8,0.926531995379295,0.130153827443735,2.60128754448577,0.650321886121444,169.251846614812,1.53693303589524,"MBI",27,539.628876695756,134.907219173939,0.0146011747902055,0.00730058739510275,1.45710658657912e-05,0.291822798165814,0.145911399082907,0.000291221033533955,0.0729556995414535,0.0364778497707268,7.28052583834889e-05
"179",32080,"STK","swb",7.83333333333333,0.127097781860448,6.8,0.926531995379295,0.130153827443735,2.60128754448577,0.650321886121444,169.251846614812,1.53693303589524,"MBI",27,539.628876695756,134.907219173939,0.00230424551540727,0.00115212275770363,4.21715358823307e-05,0.0460532377448317,0.0230266188724159,0.000842851056915439,0.0115133094362079,0.00575665471810397,0.00021071276422886
"180",32080,"STK","total",7.83333333333333,0.127097781860448,6.8,0.926531995379295,0.130153827443735,2.60128754448577,0.650321886121444,169.251846614812,1.53693303589524,"MBI",27,539.628876695756,134.907219173939,0.057070574566361,0.0285352872831805,0.00102125660308773,1.14062703872692,0.570313519363458,0.0204110945756428,0.285156759681729,0.142578379840865,0.00510277364391071
"181",32090,"SER","ag",11.9193939393939,2.91925208564758,11.2021032481413,2.51979241149594,3.51213497765666,70.1944241776568,17.5486060444142,70.1944241776568,100,"SER",297,5935.91764365331,1483.97941091333,1.15964965962701,0.579824829813504,0.00822308109285661,23.1770534513014,11.5885267256507,0.164348593078382,5.79426336282535,2.89713168141267,0.0410871482695956
"182",32090,"SER","bg",11.9193939393939,2.91925208564758,11.2021032481413,2.51979241149594,3.51213497765666,70.1944241776568,17.5486060444142,70.1944241776568,100,"SER",297,5935.91764365331,1483.97941091333,0.00140958210293896,0.000704791051469482,0.000642827020892847,0.0281722669192368,0.0140861334596184,0.0128477045627439,0.00704306672980921,0.0035215333649046,0.00321192614068598
"183",32090,"SER","f",11.9193939393939,2.91925208564758,11.2021032481413,2.51979241149594,3.51213497765666,70.1944241776568,17.5486060444142,70.1944241776568,100,"SER",297,5935.91764365331,1483.97941091333,0.0587337119529496,0.0293668559764748,0.000515875102373221,1.17386692612379,0.586933463061893,0.0103104111855174,0.293466731530947,0.146733365765473,0.00257760279637934
"184",32090,"SER","fw",11.9193939393939,2.91925208564758,11.2021032481413,2.51979241149594,3.51213497765666,70.1944241776568,17.5486060444142,70.1944241776568,100,"SER",297,5935.91764365331,1483.97941091333,0.42658834731102,0.21329417365551,0.000953804160910602,8.52590335818313,4.26295167909157,0.0190629728866639,2.13147583954578,1.06573791977289,0.00476574322166598
"185",32090,"SER","stw",11.9193939393939,2.91925208564758,11.2021032481413,2.51979241149594,3.51213497765666,70.1944241776568,17.5486060444142,70.1944241776568,100,"SER",297,5935.91764365331,1483.97941091333,0.0236678254859191,0.0118339127429596,0.00149434049267173,0.473031188177694,0.236515594088847,0.0298662696837566,0.118257797044423,0.0591288985222117,0.00746656742093914
"186",32090,"SER","stwb",11.9193939393939,2.91925208564758,11.2021032481413,2.51979241149594,3.51213497765666,70.1944241776568,17.5486060444142,70.1944241776568,100,"SER",297,5935.91764365331,1483.97941091333,0.00165064736516591,0.000825323682582956,0.0029680580057274,0.0329902586476033,0.0164951293238017,0.0593203632443896,0.00824756466190083,0.00412378233095041,0.0148300908110974
"187",32090,"SER","sw",11.9193939393939,2.91925208564758,11.2021032481413,2.51979241149594,3.51213497765666,70.1944241776568,17.5486060444142,70.1944241776568,100,"SER",297,5935.91764365331,1483.97941091333,0.652018540407323,0.326009270203661,0.00184738542893613,13.0314086127707,6.51570430638537,0.0369223156978114,3.25785215319268,1.62892607659634,0.00923057892445286
"188",32090,"SER","swb",11.9193939393939,2.91925208564758,11.2021032481413,2.51979241149594,3.51213497765666,70.1944241776568,17.5486060444142,70.1944241776568,100,"SER",297,5935.91764365331,1483.97941091333,0.05572429905758,0.02786214952879,0.000443617902237539,1.11372003352223,0.556860016761116,0.00886626038024336,0.278430008380558,0.139215004190279,0.00221656509506084
"189",32090,"SER","total",11.9193939393939,2.91925208564758,11.2021032481413,2.51979241149594,3.51213497765666,70.1944241776568,17.5486060444142,70.1944241776568,100,"SER",297,5935.91764365331,1483.97941091333,1.16105924172995,0.580529620864973,0.00886590811374946,23.2052257182206,11.6026128591103,0.177196297641126,5.80130642955516,2.90065321477758,0.0442990744102815
"190",33010,"SER","ag",14.00828125,3.64756643076556,12.24174105411,2.83061241555169,9.47817133068246,189.433146233559,47.3582865583897,189.433146233559,100,"SER",576,11512.0827028428,2878.0206757107,3.36806970256458,1.68403485128229,0.0386506326513002,67.3150988973307,33.6575494486654,0.772481388192645,16.8287747243327,8.41438736216634,0.193120347048161
"191",33010,"SER","bg",14.00828125,3.64756643076556,12.24174105411,2.83061241555169,9.47817133068246,189.433146233559,47.3582865583897,189.433146233559,100,"SER",576,11512.0827028428,2878.0206757107,0.00402127430103235,0.00201063715051618,0.000767377721978457,0.0803702123685777,0.0401851061842889,0.0153370065967623,0.0200925530921444,0.0100462765460722,0.00383425164919058
"192",33010,"SER","f",14.00828125,3.64756643076556,12.24174105411,2.83061241555169,9.47817133068246,189.433146233559,47.3582865583897,189.433146233559,100,"SER",576,11512.0827028428,2878.0206757107,0.156806060867962,0.0784030304339812,0.00222372067195165,3.13396586982462,1.56698293491231,0.0444438477144592,0.783491467456156,0.391745733728078,0.0111109619286148
"193",33010,"SER","fw",14.00828125,3.64756643076556,12.24174105411,2.83061241555169,9.47817133068246,189.433146233559,47.3582865583897,189.433146233559,100,"SER",576,11512.0827028428,2878.0206757107,1.10261549754517,0.551307748772583,0.00462650534063146,22.037154161764,11.018577080882,0.0924665140737729,5.50928854044101,2.75464427022051,0.0231166285184432
"194",33010,"SER","stw",14.00828125,3.64756643076556,12.24174105411,2.83061241555169,9.47817133068246,189.433146233559,47.3582865583897,189.433146233559,100,"SER",576,11512.0827028428,2878.0206757107,0.0696767741341568,0.0348383870670784,0.00464433515829734,1.39257775399255,0.696288876996276,0.0928228653507628,0.348144438498138,0.174072219249069,0.0232057163376907
"195",33010,"SER","stwb",14.00828125,3.64756643076556,12.24174105411,2.83061241555169,9.47817133068246,189.433146233559,47.3582865583897,189.433146233559,100,"SER",576,11512.0827028428,2878.0206757107,0.00467311200386058,0.00233655600193029,0.0103093383510747,0.0933980067154346,0.0466990033577173,0.206045061995072,0.0233495016788586,0.0116747508394293,0.0515112654987679
"196",33010,"SER","sw",14.00828125,3.64756643076556,12.24174105411,2.83061241555169,9.47817133068246,189.433146233559,47.3582865583897,189.433146233559,100,"SER",576,11512.0827028428,2878.0206757107,2.02798897937744,1.01399448968872,0.0147116124684651,40.5319042552897,20.2659521276448,0.294030033731152,10.1329760638224,5.06648803191121,0.0735075084327881
"197",33010,"SER","swb",14.00828125,3.64756643076556,12.24174105411,2.83061241555169,9.47817133068246,189.433146233559,47.3582865583897,189.433146233559,100,"SER",576,11512.0827028428,2878.0206757107,0.163115339503951,0.0815576697519756,0.00213512066087989,3.26006471956904,1.63003235978452,0.0426730653274264,0.815016179892259,0.40750808994613,0.0106682663318566
"198",33010,"SER","total",14.00828125,3.64756643076556,12.24174105411,2.83061241555169,9.47817133068246,189.433146233559,47.3582865583897,189.433146233559,100,"SER",576,11512.0827028428,2878.0206757107,3.37209097686561,1.6860454884328,0.0394180103732787,67.3954691096993,33.6977345548497,0.787818394789408,16.8488672774248,8.42443363871241,0.196954598697352
"199",33040,"SER","ag",20.890701754386,4.59473325943182,24.4147458420942,2.90931976277033,18.43276978558,368.402031621631,92.1005079054076,368.402031621631,100,"SER",513,10252.9486572194,2563.23716430484,11.0097730215865,5.50488651079327,0.0418505814063516,220.044127715332,110.022063857666,0.836436379013845,55.0110319288331,27.5055159644166,0.209109094753461
"200",33040,"SER","bg",20.890701754386,4.59473325943182,24.4147458420942,2.90931976277033,18.43276978558,368.402031621631,92.1005079054076,368.402031621631,100,"SER",513,10252.9486572194,2563.23716430484,0.00883315855703245,0.00441657927851622,0.000374269739714665,0.176541756659516,0.0882708783297578,0.00748025034160879,0.0441354391648789,0.0220677195824395,0.0018700625854022
"201",33040,"SER","f",20.890701754386,4.59473325943182,24.4147458420942,2.90931976277033,18.43276978558,368.402031621631,92.1005079054076,368.402031621631,100,"SER",513,10252.9486572194,2563.23716430484,0.200078340473453,0.100039170236727,0.0017496559206058,3.99881667114224,1.99940833557112,0.0349690688533551,0.99970416778556,0.49985208389278,0.00874226721333878
"202",33040,"SER","fw",20.890701754386,4.59473325943182,24.4147458420942,2.90931976277033,18.43276978558,368.402031621631,92.1005079054076,368.402031621631,100,"SER",513,10252.9486572194,2563.23716430484,1.82000469530703,0.910002347653515,0.00487539669143029,36.3750773818346,18.1875386909173,0.0974409200015826,9.09376934545865,4.54688467272932,0.0243602300003956
"203",33040,"SER","stw",20.890701754386,4.59473325943182,24.4147458420942,2.90931976277033,18.43276978558,368.402031621631,92.1005079054076,368.402031621631,100,"SER",513,10252.9486572194,2563.23716430484,0.25565650165919,0.127828250829595,0.00586098958322031,5.1096159559376,2.5548079779688,0.117139230559952,1.2774039889844,0.6387019944922,0.029284807639988
"204",33040,"SER","stwb",20.890701754386,4.59473325943182,24.4147458420942,2.90931976277033,18.43276978558,368.402031621631,92.1005079054076,368.402031621631,100,"SER",513,10252.9486572194,2563.23716430484,0.0159131311137113,0.00795656555685564,0.0128857039804472,0.318043891392752,0.159021945696376,0.257536961644545,0.0795109728481879,0.039755486424094,0.0643842404111363
"205",33040,"SER","sw",20.890701754386,4.59473325943182,24.4147458420942,2.90931976277033,18.43276978558,368.402031621631,92.1005079054076,368.402031621631,100,"SER",513,10252.9486572194,2563.23716430484,8.27133006651836,4.13566503325918,0.0148160514599056,165.312909354635,82.6564546773173,0.296117378013903,41.3282273386586,20.6641136693293,0.0740293445034757
"206",33040,"SER","swb",20.890701754386,4.59473325943182,24.4147458420942,2.90931976277033,18.43276978558,368.402031621631,92.1005079054076,368.402031621631,100,"SER",513,10252.9486572194,2563.23716430484,0.64686862698824,0.32343431349412,0.00166278377074247,12.9284811315329,6.46424056576647,0.0332328199405071,3.23212028288324,1.61606014144162,0.00830820498512677
"207",33040,"SER","total",20.890701754386,4.59473325943182,24.4147458420942,2.90931976277033,18.43276978558,368.402031621631,92.1005079054076,368.402031621631,100,"SER",513,10252.9486572194,2563.23716430484,11.0186061801436,5.50930309007178,0.0422248511460663,220.220669471992,110.110334735996,0.843916629355454,55.055167367998,27.527583683999,0.210979157338863
"208",33050,"SER","ag",22.54375,7.52024366567888,17.5257117515401,4.32326492942127,19.1579133564169,382.894935716959,95.7237339292397,382.894935716959,100,"SER",432,8634.06202713209,2158.51550678302,9.81101760850153,4.90550880425076,0.00599449546972794,196.08549671548,98.0427483577399,0.119807513210633,49.02137417887,24.510687089435,0.0299518783026582
"209",33050,"SER","bg",22.54375,7.52024366567888,17.5257117515401,4.32326492942127,19.1579133564169,382.894935716959,95.7237339292397,382.894935716959,100,"SER",432,8634.06202713209,2158.51550678302,0.00966484175251048,0.00483242087625524,0.00284344622358221,0.193163988827758,0.0965819944138791,0.0568298404287577,0.0482909972069395,0.0241454986034698,0.0142074601071894
"210",33050,"SER","f",22.54375,7.52024366567888,17.5257117515401,4.32326492942127,19.1579133564169,382.894935716959,95.7237339292397,382.894935716959,100,"SER",432,8634.06202713209,2158.51550678302,0.280507616673356,0.140253808336678,0.000688280296379288,5.60629667000173,2.80314833500087,0.0137561453032214,1.40157416750043,0.700787083750217,0.00343903632580534
"211",33050,"SER","fw",22.54375,7.52024366567888,17.5257117515401,4.32326492942127,19.1579133564169,382.894935716959,95.7237339292397,382.894935716959,100,"SER",432,8634.06202713209,2158.51550678302,2.12497474884181,1.06248737442091,0.00165232962183861,42.4702865453464,21.2351432726732,0.0330238806579219,10.6175716363366,5.3087858181683,0.00825597016448048
"212",33050,"SER","stw",22.54375,7.52024366567888,17.5257117515401,4.32326492942127,19.1579133564169,382.894935716959,95.7237339292397,382.894935716959,100,"SER",432,8634.06202713209,2158.51550678302,0.220871904101473,0.110435952050737,0.000956713968387669,4.41440212977521,2.20720106488761,0.0191211290400065,1.1036005324438,0.551800266221902,0.00478028226000163
"213",33050,"SER","stwb",22.54375,7.52024366567888,17.5257117515401,4.32326492942127,19.1579133564169,382.894935716959,95.7237339292397,382.894935716959,100,"SER",432,8634.06202713209,2158.51550678302,0.0131597681430888,0.00657988407154438,0.000774200629360618,0.26301447780117,0.131507238900585,0.0154733709614451,0.0657536194502924,0.0328768097251462,0.00386834274036127
"214",33050,"SER","sw",22.54375,7.52024366567888,17.5257117515401,4.32326492942127,19.1579133564169,382.894935716959,95.7237339292397,382.894935716959,100,"SER",432,8634.06202713209,2158.51550678302,6.93796153712365,3.46898076856182,0.00121254164700714,138.663866327274,69.3319331636369,0.0242341661822697,34.6659665818184,17.3329832909092,0.00605854154556743
"215",33050,"SER","swb",22.54375,7.52024366567888,17.5257117515401,4.32326492942127,19.1579133564169,382.894935716959,95.7237339292397,382.894935716959,100,"SER",432,8634.06202713209,2158.51550678302,0.514049650291504,0.257024825145752,0.000710429306754615,10.2739272352834,5.13696361764168,0.0141988210657681,2.56848180882084,1.28424090441042,0.00354970526644201
"216",33050,"SER","total",22.54375,7.52024366567888,17.5257117515401,4.32326492942127,19.1579133564169,382.894935716959,95.7237339292397,382.894935716959,100,"SER",432,8634.06202713209,2158.51550678302,9.82068245025404,4.91034122512702,0.00883794169331015,196.278660704308,98.1393303521538,0.17663735363939,49.0696651760769,24.5348325880385,0.0441593384098476
"217",33300,"SER","ag",16.4616666666667,5.43375632433106,13.2083333333333,3.31674575629092,12.7428535086654,254.681915732581,63.6704789331452,254.681915732581,100,"SER",540,10792.5775339151,2698.14438347878,5.08647469308283,2.54323734654142,0.0421996612041139,101.659578702581,50.8297893512903,0.843413176759906,25.4148946756452,12.7074473378226,0.210853294189977
"218",33300,"SER","bg",16.4616666666667,5.43375632433106,13.2083333333333,3.31674575629092,12.7428535086654,254.681915732581,63.6704789331452,254.681915732581,100,"SER",540,10792.5775339151,2698.14438347878,0.00581287421998299,0.00290643710999149,0.000640144728156299,0.116177584655672,0.0580887923278358,0.0127940955769516,0.0290443961639179,0.014522198081959,0.0031985238942379
"219",33300,"SER","f",16.4616666666667,5.43375632433106,13.2083333333333,3.31674575629092,12.7428535086654,254.681915732581,63.6704789331452,254.681915732581,100,"SER",540,10792.5775339151,2698.14438347878,0.208480771835668,0.104240385917834,0.00209962105507082,4.16674980438317,2.08337490219159,0.0419635611642453,1.04168745109579,0.520843725547896,0.0104908902910613
"220",33300,"SER","fw",16.4616666666667,5.43375632433106,13.2083333333333,3.31674575629092,12.7428535086654,254.681915732581,63.6704789331452,254.681915732581,100,"SER",540,10792.5775339151,2698.14438347878,1.46244811447283,0.731224057236413,0.00488204469199422,29.2288604903258,14.6144302451629,0.0975737886340488,7.30721512258146,3.65360756129073,0.0243934471585122
"221",33300,"SER","stw",16.4616666666667,5.43375632433106,13.2083333333333,3.31674575629092,12.7428535086654,254.681915732581,63.6704789331452,254.681915732581,100,"SER",540,10792.5775339151,2698.14438347878,0.107994232394716,0.053997116197358,0.00595458430059191,2.15840023395485,1.07920011697743,0.119009838419207,0.539600058488713,0.269800029244356,0.0297524596048018
"222",33300,"SER","stwb",16.4616666666667,5.43375632433106,13.2083333333333,3.31674575629092,12.7428535086654,254.681915732581,63.6704789331452,254.681915732581,100,"SER",540,10792.5775339151,2698.14438347878,0.00686817648895638,0.00343408824447819,0.012985000100441,0.137269124580879,0.0686345622904394,0.259521519188714,0.0343172811452197,0.0171586405726099,0.0648803797971784
"223",33300,"SER","sw",16.4616666666667,5.43375632433106,13.2083333333333,3.31674575629092,12.7428535086654,254.681915732581,63.6704789331452,254.681915732581,100,"SER",540,10792.5775339151,2698.14438347878,3.25951794753982,1.62975897376991,0.0144959639336231,65.145555874095,32.5727779370475,0.289720027189749,16.2863889685238,8.14319448426188,0.0724300067974373
"224",33300,"SER","swb",16.4616666666667,5.43375632433106,13.2083333333333,3.31674575629092,12.7428535086654,254.681915732581,63.6704789331452,254.681915732581,100,"SER",540,10792.5775339151,2698.14438347878,0.249646222186518,0.124823111093259,0.00178244712239286,4.98949297962407,2.49474648981204,0.0356244421639423,1.24737324490602,0.623686622453009,0.00890611054098556
"225",33300,"SER","total",16.4616666666667,5.43375632433106,13.2083333333333,3.31674575629092,12.7428535086654,254.681915732581,63.6704789331452,254.681915732581,100,"SER",540,10792.5775339151,2698.14438347878,5.09228756730282,2.54614378365141,0.0428398059322702,101.775756287236,50.8878781436182,0.856207272336858,25.4439390718091,12.7219695359045,0.214051818084214
"226",34010,"GFI","ag",17.2795192307692,5.99151689823836,13.5394230769231,3.50122290147903,24.5859028487144,491.380116177878,122.845029044469,491.380116177878,100,"GFI",936,18707.1343921195,4676.78359802988,11.498380520371,5.74919026018548,0.0416644535683571,229.809561630672,114.904780815336,0.832716380638334,57.452390407668,28.726195203834,0.208179095159584
"227",34010,"GFI","bg",17.2795192307692,5.99151689823836,13.5394230769231,3.50122290147903,24.5859028487144,491.380116177878,122.845029044469,491.380116177878,100,"GFI",936,18707.1343921195,4676.78359802988,1.44699351915546,0.723496759577732,0.00434615813477271,28.9199810121445,14.4599905060723,0.0868634234151674,7.22999525303613,3.61499762651806,0.0217158558537919
"228",34010,"GFI","f",17.2795192307692,5.99151689823836,13.5394230769231,3.50122290147903,24.5859028487144,491.380116177878,122.845029044469,491.380116177878,100,"GFI",936,18707.1343921195,4676.78359802988,1.35032278924547,0.675161394622734,0.00231947415206634,26.9878951828597,13.4939475914298,0.0463576011557186,6.74697379571492,3.37348689785746,0.0115894002889296
"229",34010,"GFI","fw",17.2795192307692,5.99151689823836,13.5394230769231,3.50122290147903,24.5859028487144,491.380116177878,122.845029044469,491.380116177878,100,"GFI",936,18707.1343921195,4676.78359802988,1.97198618436336,0.985993092181679,0.00543286636880151,39.4126181306499,19.706309065325,0.108582650956834,9.85315453266248,4.92657726633124,0.0271456627392084
"230",34010,"GFI","stw",17.2795192307692,5.99151689823836,13.5394230769231,3.50122290147903,24.5859028487144,491.380116177878,122.845029044469,491.380116177878,100,"GFI",936,18707.1343921195,4676.78359802988,0.352034233192768,0.176017116596384,0.00530072648845416,7.03584584504685,3.51792292252342,0.105941669653184,1.75896146126171,0.879480730630856,0.0264854174132959
"231",34010,"GFI","stwb",17.2795192307692,5.99151689823836,13.5394230769231,3.50122290147903,24.5859028487144,491.380116177878,122.845029044469,491.380116177878,100,"GFI",936,18707.1343921195,4676.78359802988,0.0307642513338323,0.0153821256669161,0.0106105661242422,0.614862162580067,0.307431081290033,0.212065476990032,0.153715540645017,0.0768577703225083,0.053016369247508
"232",34010,"GFI","sw",17.2795192307692,5.99151689823836,13.5394230769231,3.50122290147903,24.5859028487144,491.380116177878,122.845029044469,491.380116177878,100,"GFI",936,18707.1343921195,4676.78359802988,7.04737883474057,3.52368941737028,0.0155442951983884,140.850708305204,70.4253541526018,0.310672242849391,35.2126770763009,17.6063385381504,0.0776680607123479
"233",34010,"GFI","swb",17.2795192307692,5.99151689823836,13.5394230769231,3.50122290147903,24.5859028487144,491.380116177878,122.845029044469,491.380116177878,100,"GFI",936,18707.1343921195,4676.78359802988,0.745894227494974,0.372947113747487,0.00245652523640448,14.9076320043319,7.45381600216595,0.0490967390331749,3.72690800108297,1.86345400054149,0.0122741847582937
"234",34010,"GFI","total",17.2795192307692,5.99151689823836,13.5394230769231,3.50122290147903,24.5859028487144,491.380116177878,122.845029044469,491.380116177878,100,"GFI",936,18707.1343921195,4676.78359802988,12.9453740395264,6.47268701976322,0.0460106117031299,258.729542642816,129.364771321408,0.919579804053502,64.6823856607041,32.3411928303521,0.229894951013375
"235",34020,"BKI","ag",9.82391304347826,2.39177656717033,5.56667695937989,1.82586198358078,4.98563089424024,99.6440888547598,24.9110222136899,99.6440888547598,100,"BKI",621,12411.4641640024,3102.86604100059,1.34480778439721,0.672403892198605,0.0374662082975787,26.8776708913324,13.4388354456662,0.748809181395243,6.71941772283309,3.35970886141655,0.187202295348811
"236",34020,"BKI","bg",9.82391304347826,2.39177656717033,5.56667695937989,1.82586198358078,4.98563089424024,99.6440888547598,24.9110222136899,99.6440888547598,100,"BKI",621,12411.4641640024,3102.86604100059,0.252594546047087,0.126297273023544,0.00112806219903798,5.04841893121718,2.52420946560859,0.0225457384188818,1.2621047328043,0.631052366402148,0.00563643460472044
"237",34020,"BKI","f",9.82391304347826,2.39177656717033,5.56667695937989,1.82586198358078,4.98563089424024,99.6440888547598,24.9110222136899,99.6440888547598,100,"BKI",621,12411.4641640024,3102.86604100059,0.28859302749452,0.14429651374726,0.00182067306357796,5.76789374996649,2.88394687498324,0.0363884355603258,1.44197343749162,0.720986718745811,0.00909710889008145
"238",34020,"BKI","fw",9.82391304347826,2.39177656717033,5.56667695937989,1.82586198358078,4.98563089424024,99.6440888547598,24.9110222136899,99.6440888547598,100,"BKI",621,12411.4641640024,3102.86604100059,0.488584448803032,0.244292224401516,0.00619482588424625,9.76497323254057,4.88248661627028,0.123811367897837,2.44124330813514,1.22062165406757,0.0309528419744592
"239",34020,"BKI","stw",9.82391304347826,2.39177656717033,5.56667695937989,1.82586198358078,4.98563089424024,99.6440888547598,24.9110222136899,99.6440888547598,100,"BKI",621,12411.4641640024,3102.86604100059,0.0140527547990043,0.00702637739950217,0.00567285909092481,0.280861936543244,0.140430968271622,0.113379206625521,0.0702154841358111,0.0351077420679056,0.0283448016563802
"240",34020,"BKI","stwb",9.82391304347826,2.39177656717033,5.56667695937989,1.82586198358078,4.98563089424024,99.6440888547598,24.9110222136899,99.6440888547598,100,"BKI",621,12411.4641640024,3102.86604100059,0.00203760466743821,0.0010188023337191,0.0115687635660478,0.0407240858459151,0.0203620429229576,0.231216255107599,0.0101810214614788,0.00509051073073939,0.0578040637768997
"241",34020,"BKI","sw",9.82391304347826,2.39177656717033,5.56667695937989,1.82586198358078,4.98563089424024,99.6440888547598,24.9110222136899,99.6440888547598,100,"BKI",621,12411.4641640024,3102.86604100059,0.481892427972639,0.24094621398632,0.0104443111635392,9.63122479981725,4.81561239990862,0.208742663001541,2.40780619995431,1.20390309997716,0.0521856657503854
"242",34020,"BKI","swb",9.82391304347826,2.39177656717033,5.56667695937989,1.82586198358078,4.98563089424024,99.6440888547598,24.9110222136899,99.6440888547598,100,"BKI",621,12411.4641640024,3102.86604100059,0.069647520660575,0.0348237603302875,0.00176477552924258,1.39199308661891,0.695996543309454,0.0352712532024198,0.347998271654727,0.173999135827363,0.00881781330060494
"243",34020,"BKI","total",9.82391304347826,2.39177656717033,5.56667695937989,1.82586198358078,4.98563089424024,99.6440888547598,24.9110222136899,99.6440888547598,100,"BKI",621,12411.4641640024,3102.86604100059,1.5974023304443,0.798701165222148,0.0385942704966166,31.9260898225496,15.9630449112748,0.771354919814125,7.98152245563739,3.99076122781869,0.192838729953531
"244",34030,"GFI","ag",19.0214666666667,7.50312712730014,14.7566202425783,4.18873081394433,22.1615841313421,442.927064836837,110.731766209209,442.927064836837,100,"GFI",675,13490.7219173939,3372.68047934847,11.1895222104999,5.59476110524993,0.0656778024096199,223.636640785713,111.818320392857,1.31265328659811,55.9091601964283,27.9545800982141,0.328163321649528
"245",34030,"GFI","bg",19.0214666666667,7.50312712730014,14.7566202425783,4.18873081394433,22.1615841313421,442.927064836837,110.731766209209,442.927064836837,100,"GFI",675,13490.7219173939,3372.68047934847,1.46260037272362,0.731300186361808,0.0041079689814172,29.2319035625051,14.6159517812526,0.0821029143312285,7.30797589062628,3.65398794531314,0.0205257285828071
"246",34030,"GFI","f",19.0214666666667,7.50312712730014,14.7566202425783,4.18873081394433,22.1615841313421,442.927064836837,110.731766209209,442.927064836837,100,"GFI",675,13490.7219173939,3372.68047934847,1.14503848241345,0.572519241206727,0.00369655392687192,22.885030742155,11.4425153710775,0.0738802682667844,5.72125768553875,2.86062884276938,0.0184700670666961
"247",34030,"GFI","fw",19.0214666666667,7.50312712730014,14.7566202425783,4.18873081394433,22.1615841313421,442.927064836837,110.731766209209,442.927064836837,100,"GFI",675,13490.7219173939,3372.68047934847,1.79526488991479,0.897632444957395,0.00621772429149246,35.880621330224,17.940310665112,0.124269021297111,8.970155332556,4.485077666278,0.0310672553242777
"248",34030,"GFI","stw",19.0214666666667,7.50312712730014,14.7566202425783,4.18873081394433,22.1615841313421,442.927064836837,110.731766209209,442.927064836837,100,"GFI",675,13490.7219173939,3372.68047934847,0.34985172848214,0.17492586424107,0.0079268368356561,6.9922257500328,3.4961128750164,0.158427779902801,1.7480564375082,0.8740282187541,0.0396069449757004
"249",34030,"GFI","stwb",19.0214666666667,7.50312712730014,14.7566202425783,4.18873081394433,22.1615841313421,442.927064836837,110.731766209209,442.927064836837,100,"GFI",675,13490.7219173939,3372.68047934847,0.0303577191232577,0.0151788595616289,0.0320677931044784,0.606737106278845,0.303368553139423,0.640915080410428,0.151684276569711,0.0758421382848557,0.160228770102607
"250",34030,"GFI","sw",19.0214666666667,7.50312712730014,14.7566202425783,4.18873081394433,22.1615841313421,442.927064836837,110.731766209209,442.927064836837,100,"GFI",675,13490.7219173939,3372.68047934847,7.14304741156238,3.57152370578119,0.0127500170240753,142.762764847627,71.3813824238136,0.254825087576057,35.6906912119068,17.8453456059534,0.0637062718940142
"251",34030,"GFI","swb",19.0214666666667,7.50312712730014,14.7566202425783,4.18873081394433,22.1615841313421,442.927064836837,110.731766209209,442.927064836837,100,"GFI",675,13490.7219173939,3372.68047934847,0.725961979003842,0.362980989501921,0.00301887722704578,14.5092610093952,7.25463050469761,0.0603360491449301,3.6273152523488,1.8136576261744,0.0150840122862325
"252",34030,"GFI","total",19.0214666666667,7.50312712730014,14.7566202425783,4.18873081394433,22.1615841313421,442.927064836837,110.731766209209,442.927064836837,100,"GFI",675,13490.7219173939,3372.68047934847,12.6521225832235,6.32606129161174,0.0697857713910371,252.868544348218,126.434272174109,1.39475620092934,63.2171360870545,31.6085680435273,0.348689050232335
"253",34040,"GFI","ag",33.2647619047619,9.10894466710213,25.8579232118126,3.96094177212153,17.6507075773197,352.771537142011,88.1928842855026,352.771537142011,100,"GFI",189,3777.40213687029,944.350534217572,11.5392340855132,5.7696170427566,0.0140068405561801,230.626071388699,115.313035694349,0.279944282792149,57.6565178471747,28.8282589235873,0.0699860706980372
"254",34040,"GFI","bg",33.2647619047619,9.10894466710213,25.8579232118126,3.96094177212153,17.6507075773197,352.771537142011,88.1928842855026,352.771537142011,100,"GFI",189,3777.40213687029,944.350534217572,1.65158757740598,0.825793788702992,1.0292126917504e-05,33.0090499688984,16.5045249844492,0.000205701069900106,8.25226249222459,4.1261312461123,5.14252674750264e-05
"255",34040,"GFI","f",33.2647619047619,9.10894466710213,25.8579232118126,3.96094177212153,17.6507075773197,352.771537142011,88.1928842855026,352.771537142011,100,"GFI",189,3777.40213687029,944.350534217572,0.671543408605049,0.335771704302524,0.000820451946173054,13.4216376014067,6.71081880070335,0.0163977615591189,3.35540940035168,1.67770470017584,0.00409944038977974
"256",34040,"GFI","fw",33.2647619047619,9.10894466710213,25.8579232118126,3.96094177212153,17.6507075773197,352.771537142011,88.1928842855026,352.771537142011,100,"GFI",189,3777.40213687029,944.350534217572,1.34950098775548,0.674750493877739,0.00267322460195417,26.9714704489741,13.4857352244871,0.0534277477447404,6.74286761224353,3.37143380612177,0.0133569369361851
"257",34040,"GFI","stw",33.2647619047619,9.10894466710213,25.8579232118126,3.96094177212153,17.6507075773197,352.771537142011,88.1928842855026,352.771537142011,100,"GFI",189,3777.40213687029,944.350534217572,0.375397260598436,0.187698630299218,0.00226353469952031,7.50278526116288,3.75139263058144,0.0452395810097781,1.87569631529072,0.93784815764536,0.0113098952524445
"258",34040,"GFI","stwb",33.2647619047619,9.10894466710213,25.8579232118126,3.96094177212153,17.6507075773197,352.771537142011,88.1928842855026,352.771537142011,100,"GFI",189,3777.40213687029,944.350534217572,0.0322966132617332,0.0161483066308666,0.00368177602001424,0.645488338352086,0.322744169176043,0.0735849132565057,0.161372084588021,0.0806860422940107,0.0183962283141264
"259",34040,"GFI","sw",33.2647619047619,9.10894466710213,25.8579232118126,3.96094177212153,17.6507075773197,352.771537142011,88.1928842855026,352.771537142011,100,"GFI",189,3777.40213687029,944.350534217572,8.37270574574787,4.18635287287394,0.00384209478793496,167.339029499334,83.6695147496671,0.0767890849841467,41.8347573748335,20.9173786874168,0.0191972712460367
"260",34040,"GFI","swb",33.2647619047619,9.10894466710213,25.8579232118126,3.96094177212153,17.6507075773197,352.771537142011,88.1928842855026,352.771537142011,100,"GFI",189,3777.40213687029,944.350534217572,0.73779006954464,0.36889503477232,0.000725758500583345,14.7456602394688,7.37283011973439,0.0145051942378587,3.6864150598672,1.8432075299336,0.00362629855946469
"261",34040,"GFI","total",33.2647619047619,9.10894466710213,25.8579232118126,3.96094177212153,17.6507075773197,352.771537142011,88.1928842855026,352.771537142011,100,"GFI",189,3777.40213687029,944.350534217572,13.1908216629192,6.5954108314596,0.0140171326830976,263.635121357597,131.817560678799,0.280149983862049,65.9087803393993,32.9543901696996,0.0700374959655122
"262",35500,"MBI","ag",25.0141666666667,3.13782951503433,19.9423262081106,1.60039192850529,5.39019080767518,107.72972632302,26.932431580755,107.72972632302,100,"MBI",108,2158.51550678302,539.628876695756,3.77421847791968,1.88710923895984,0.00419940457152413,75.4324917645985,37.7162458822993,0.0839303693230588,18.8581229411496,9.42906147057482,0.0209825923307647
"263",35500,"MBI","bg",25.0141666666667,3.13782951503433,19.9423262081106,1.60039192850529,5.39019080767518,107.72972632302,26.932431580755,107.72972632302,100,"MBI",108,2158.51550678302,539.628876695756,0.00269395173807437,0.00134697586903719,0.000464602215740097,0.0538420055662834,0.0269210027831417,0.0092856582144514,0.0134605013915709,0.00673025069578543,0.00232141455361285
"264",35500,"MBI","f",25.0141666666667,3.13782951503433,19.9423262081106,1.60039192850529,5.39019080767518,107.72972632302,26.932431580755,107.72972632302,100,"MBI",108,2158.51550678302,539.628876695756,0.0746872087412579,0.037343604370629,0.000225191025663198,1.49271757616987,0.746358788084934,0.00450072519335543,0.373179394042467,0.186589697021233,0.00112518129833886
"265",35500,"MBI","fw",25.0141666666667,3.13782951503433,19.9423262081106,1.60039192850529,5.39019080767518,107.72972632302,26.932431580755,107.72972632302,100,"MBI",108,2158.51550678302,539.628876695756,0.787556335333765,0.393778167666882,0.000692236701915912,15.7403015026217,7.87015075131084,0.0138352190319429,3.93507537565542,1.96753768782771,0.00345880475798573
"266",35500,"MBI","stw",25.0141666666667,3.13782951503433,19.9423262081106,1.60039192850529,5.39019080767518,107.72972632302,26.932431580755,107.72972632302,100,"MBI",108,2158.51550678302,539.628876695756,0.0851839088929355,0.0425919544464678,0.000610100473999799,1.70250729883142,0.851253649415711,0.0121936234613355,0.425626824707855,0.212813412353928,0.00304840586533388
"267",35500,"MBI","stwb",25.0141666666667,3.13782951503433,19.9423262081106,1.60039192850529,5.39019080767518,107.72972632302,26.932431580755,107.72972632302,100,"MBI",108,2158.51550678302,539.628876695756,0.00513410054039781,0.00256705027019891,0.00193449982918914,0.102611441016961,0.0513057205084804,0.0386634062886468,0.0256528602542402,0.0128264301271201,0.00966585157216171
"268",35500,"MBI","sw",25.0141666666667,3.13782951503433,19.9423262081106,1.60039192850529,5.39019080767518,107.72972632302,26.932431580755,107.72972632302,100,"MBI",108,2158.51550678302,539.628876695756,2.69529671681955,1.34764835840978,0.000565558891809193,53.8688866540405,26.9344433270202,0.01130340405527,13.4672216635101,6.73361083175506,0.00282585101381751
"269",35500,"MBI","swb",25.0141666666667,3.13782951503433,19.9423262081106,1.60039192850529,5.39019080767518,107.72972632302,26.932431580755,107.72972632302,100,"MBI",108,2158.51550678302,539.628876695756,0.201047416333028,0.100523708166514,0.000171817648946892,4.01818486808799,2.009092434044,0.00343399129250804,1.004546217022,0.502273108510999,0.00085849782312701
"270",35500,"MBI","total",25.0141666666667,3.13782951503433,19.9423262081106,1.60039192850529,5.39019080767518,107.72972632302,26.932431580755,107.72972632302,100,"MBI",108,2158.51550678302,539.628876695756,3.77691242965775,1.88845621482888,0.00466400678726423,75.4863337701648,37.7431668850824,0.0932160275375102,18.8715834425412,9.4357917212706,0.0233040068843775
