"","plot_ID","compartiment","mean_DBH_cm","sd_DBH_cm","mean_H_m","sd_height_m","BA_m2_plot","BA_m2MA","BA_m2ha","dom_SP","N_SP_plot","Nt_plot","Nt_ha","Nt_MA","B_t_plot","C_t_plot","N_t_plot","B_t_ha","C_t_ha","N_t_ha","B_t_MA","C_t_MA","N_t_MA"
"1",26010,"ag",22.6220930232558,7.01505823076057,17.3011833304607,2.7157473288008,17.0467711278278,85.1752773611052,340.701109444421,"MBI",1,387,7734.6805659725,1933.67014149312,11.314485708824,5.65724285441202,0.0235009103637311,226.134193090478,113.067096545239,0.469695180033625,56.5335482726194,28.2667741363097,0.117423795008406
"2",26010,"bg",22.6220930232558,7.01505823076057,17.3011833304607,2.7157473288008,17.0467711278278,85.1752773611052,340.701109444421,"MBI",1,387,7734.6805659725,1933.67014149312,0.00136097565787554,0.000680487828937772,0.00119928688802741,0.0272008061285054,0.0136004030642527,0.023969253193414,0.00680020153212636,0.00340010076606318,0.00599231329835351
"3",26010,"f",22.6220930232558,7.01505823076057,17.3011833304607,2.7157473288008,17.0467711278278,85.1752773611052,340.701109444421,"MBI",1,387,7734.6805659725,1933.67014149312,0.254303606594818,0.127151803297409,0.0071902293557307,5.08257665060893,2.54128832530446,0.143705755200659,1.27064416265223,0.635322081326116,0.0359264388001648
"4",26010,"fw",22.6220930232558,7.01505823076057,17.3011833304607,2.7157473288008,17.0467711278278,85.1752773611052,340.701109444421,"MBI",1,387,7734.6805659725,1933.67014149312,2.56026258319456,1.28013129159728,0.00386572081327655,51.170060067239,25.5850300336195,0.0772612807439937,12.7925150168097,6.39625750840487,0.0193153201859984
"5",26010,"stw",22.6220930232558,7.01505823076057,17.3011833304607,2.7157473288008,17.0467711278278,85.1752773611052,340.701109444421,"MBI",1,387,7734.6805659725,1933.67014149312,0.252777374937938,0.126388687468969,0.00266193430094497,5.05207299599487,2.52603649799743,0.053202096913216,1.26301824899872,0.631509124499358,0.013300524228304
"6",26010,"stwb",22.6220930232558,7.01505823076057,17.3011833304607,2.7157473288008,17.0467711278278,85.1752773611052,340.701109444421,"MBI",1,387,7734.6805659725,1933.67014149312,0.0151195714027257,0.00755978570136286,0.00286119849313419,0.302183604895339,0.15109180244767,0.0571846418093924,0.0755459012238348,0.0377729506119174,0.0142961604523481
"7",26010,"sw",22.6220930232558,7.01505823076057,17.3011833304607,2.7157473288008,17.0467711278278,85.1752773611052,340.701109444421,"MBI",1,387,7734.6805659725,1933.67014149312,7.90251569746266,3.95125784873133,0.00394739811717802,157.941691440457,78.9708457202287,0.0788937041423599,39.4854228601143,19.7427114300572,0.01972342603559
"8",26010,"swb",22.6220930232558,7.01505823076057,17.3011833304607,2.7157473288008,17.0467711278278,85.1752773611052,340.701109444421,"MBI",1,387,7734.6805659725,1933.67014149312,0.583810481826166,0.291905240913083,0.00297442928346668,11.6681849818912,5.83409249094559,0.0594477012240033,2.9170462454728,1.4585231227364,0.0148619253060008
"9",26010,"total",22.6220930232558,7.01505823076057,17.3011833304607,2.7157473288008,17.0467711278278,85.1752773611052,340.701109444421,"MBI",1,387,7734.6805659725,1933.67014149312,11.5701502910767,5.78507514553837,0.0247001972517585,231.243970547215,115.621985273608,0.493664433227039,57.8109926368038,28.9054963184019,0.12341610830676
"10",26020,"ag",16.7378260869565,5.55600351918439,14.0189374151044,2.47745865267936,15.1672192321177,75.7839766372774,303.13590654911,"SER",2,621,12411.4641640024,3102.86604100059,6.4353799992623,3.21768999963115,0.0353789399646373,128.619143707861,64.3095718539305,0.707092504881622,32.1547859269653,16.0773929634826,0.176773126220405
"11",26020,"bg",16.7378260869565,5.55600351918439,14.0189374151044,2.47745865267936,15.1672192321177,75.7839766372774,303.13590654911,"SER",2,621,12411.4641640024,3102.86604100059,0.00105672756160165,0.000528363780800823,0.00217226811692858,0.0211200261866867,0.0105600130933434,0.0434155038451916,0.00528000654667168,0.00264000327333584,0.0108538759612979
"12",26020,"f",16.7378260869565,5.55600351918439,14.0189374151044,2.47745865267936,15.1672192321177,75.7839766372774,303.13590654911,"SER",2,621,12411.4641640024,3102.86604100059,0.2447417627612,0.1223708813806,0.010067328313847,4.89147120442095,2.44573560221048,0.201208187752913,1.22286780110524,0.611433900552619,0.0503020469382282
"13",26020,"fw",16.7378260869565,5.55600351918439,14.0189374151044,2.47745865267936,15.1672192321177,75.7839766372774,303.13590654911,"SER",2,621,12411.4641640024,3102.86604100059,1.80064734240256,0.90032367120128,0.00452387414427915,35.9881963965145,17.9940981982572,0.0904153008440863,8.99704909912862,4.49852454956431,0.0226038252110216
"14",26020,"stw",16.7378260869565,5.55600351918439,14.0189374151044,2.47745865267936,15.1672192321177,75.7839766372774,303.13590654911,"SER",2,621,12411.4641640024,3102.86604100059,0.137778633927918,0.0688893169639589,0.00571137301516872,2.75367886885919,1.37683943442959,0.114148955724665,0.688419717214797,0.344209858607398,0.0285372389311662
"15",26020,"stwb",16.7378260869565,5.55600351918439,14.0189374151044,2.47745865267936,15.1672192321177,75.7839766372774,303.13590654911,"SER",2,621,12411.4641640024,3102.86604100059,0.00867078708689943,0.00433539354344971,0.00502731355647897,0.173296559102652,0.086648279551326,0.100477169158522,0.043324139775663,0.0216620698878315,0.0251192922896305
"16",26020,"sw",16.7378260869565,5.55600351918439,14.0189374151044,2.47745865267936,15.1672192321177,75.7839766372774,303.13590654911,"SER",2,621,12411.4641640024,3102.86604100059,4.17141740343767,2.08570870171884,0.00477219409094499,83.3710106535628,41.6855053267814,0.0953782865433617,20.8427526633907,10.4213763316954,0.0238445716358404
"17",26020,"swb",16.7378260869565,5.55600351918439,14.0189374151044,2.47745865267936,15.1672192321177,75.7839766372774,303.13590654911,"SER",2,621,12411.4641640024,3102.86604100059,0.316865832407252,0.158432916203626,0.0052768568439184,6.3329612298219,3.16648061491095,0.105464604858074,1.58324030745547,0.791620153727737,0.0263661512145185
"18",26020,"total",16.7378260869565,5.55600351918439,14.0189374151044,2.47745865267936,15.1672192321177,75.7839766372774,303.13590654911,"SER",2,621,12411.4641640024,3102.86604100059,6.6811784895851,3.34058924479255,0.0375512080815658,133.531734938469,66.7658674692344,0.750508008726813,33.3829337346172,16.6914668673086,0.187627002181703
"19",26030,"ag",24.6220454545455,6.96148235399741,18.3800029974684,3.0877480796688,20.3587496926132,101.723789144027,406.895156576109,"SER",1,396,7914.55685820442,1978.6392145511,10.7263658173907,5.36318290869533,0.0169873599656983,214.379879150603,107.189939575301,0.339513702826526,53.5949697876506,26.7974848938253,0.0848784257066315
"20",26030,"bg",24.6220454545455,6.96148235399741,18.3800029974684,3.0877480796688,20.3587496926132,101.723789144027,406.895156576109,"SER",1,396,7914.55685820442,1978.6392145511,0.00168260345056183,0.000841301725280917,0.00105177351302702,0.0336289411092994,0.0168144705546497,0.0210210133101154,0.00840723527732486,0.00420361763866243,0.00525525332752886
"21",26030,"f",24.6220454545455,6.96148235399741,18.3800029974684,3.0877480796688,20.3587496926132,101.723789144027,406.895156576109,"SER",1,396,7914.55685820442,1978.6392145511,0.29582993274112,0.14791496637056,0.00631710956897833,5.91253238141005,2.95626619070503,0.126255360765622,1.47813309535251,0.739066547676256,0.0315638401914054
"22",26030,"fw",24.6220454545455,6.96148235399741,18.3800029974684,3.0877480796688,20.3587496926132,101.723789144027,406.895156576109,"SER",1,396,7914.55685820442,1978.6392145511,2.25164565285128,1.12582282642564,0.00158415003415735,45.0019634950006,22.5009817475003,0.031661226053699,11.2504908737501,5.62524543687507,0.00791530651342475
"23",26030,"stw",24.6220454545455,6.96148235399741,18.3800029974684,3.0877480796688,20.3587496926132,101.723789144027,406.895156576109,"SER",1,396,7914.55685820442,1978.6392145511,0.243127817381472,0.121563908690736,0.00237899231373085,4.85921448100202,2.42960724050101,0.047547146293571,1.21480362025051,0.607401810125253,0.0118867865733927
"24",26030,"stwb",24.6220454545455,6.96148235399741,18.3800029974684,3.0877480796688,20.3587496926132,101.723789144027,406.895156576109,"SER",1,396,7914.55685820442,1978.6392145511,0.0142861654500419,0.00714308272502093,0.00224246710894728,0.285526941262808,0.142763470631404,0.0448185187788296,0.0713817353157019,0.0356908676578509,0.0112046296947074
"25",26030,"sw",24.6220454545455,6.96148235399741,18.3800029974684,3.0877480796688,20.3587496926132,101.723789144027,406.895156576109,"SER",1,396,7914.55685820442,1978.6392145511,7.6549613887351,3.82748069436755,0.0019937864047436,152.994007976019,76.4970039880093,0.0398483228875207,38.2485019940047,19.1242509970023,0.00996208072188018
"26",26030,"swb",24.6220454545455,6.96148235399741,18.3800029974684,3.0877480796688,20.3587496926132,101.723789144027,406.895156576109,"SER",1,396,7914.55685820442,1978.6392145511,0.562344792972764,0.281172396486382,0.00247085453514086,11.2391662573185,5.61958312865926,0.0493831280472843,2.80979156432963,1.40489578216481,0.0123457820118211
"27",26030,"total",24.6220454545455,6.96148235399741,18.3800029974684,3.0877480796688,20.3587496926132,101.723789144027,406.895156576109,"SER",1,396,7914.55685820442,1978.6392145511,11.0238783535823,5.51193917679117,0.0180391334787253,220.326040473122,110.163020236561,0.360534716136642,55.0815101182805,27.5407550591402,0.0901336790341604
"28",27011,"ag",26.9408510638298,11.9232497293354,21.3082248835835,6.19587934430849,28.8249418986071,144.025657570053,576.102630280213,"GFI",2,423,8454.18573490017,2113.54643372504,17.8695594338538,8.93477971692692,0.015218629389833,357.145566086614,178.572783043307,0.304163403054985,89.2863915216536,44.6431957608268,0.0760408507637463
"29",27011,"bg",26.9408510638298,11.9232497293354,21.3082248835835,6.19587934430849,28.8249418986071,144.025657570053,576.102630280213,"GFI",2,423,8454.18573490017,2113.54643372504,2.85603626915973,1.42801813457987,0.0021874708363246,57.0814682862594,28.5407341431297,0.0437193492670582,14.2703670715648,7.13518353578242,0.0109298373167645
"30",27011,"f",26.9408510638298,11.9232497293354,21.3082248835835,6.19587934430849,28.8249418986071,144.025657570053,576.102630280213,"GFI",2,423,8454.18573490017,2113.54643372504,1.02578668783045,0.512893343915225,0.00490533505054354,20.5016340030891,10.2508170015445,0.0980392756718937,5.12540850077227,2.56270425038614,0.0245098189179734
"31",27011,"fw",26.9408510638298,11.9232497293354,21.3082248835835,6.19587934430849,28.8249418986071,144.025657570053,576.102630280213,"GFI",2,423,8454.18573490017,2113.54643372504,2.05206409464217,1.02603204732109,0.00234333925753682,41.0130756407203,20.5065378203601,0.0468345752319133,10.2532689101801,5.12663445509003,0.0117086438079783
"32",27011,"stw",26.9408510638298,11.9232497293354,21.3082248835835,6.19587934430849,28.8249418986071,144.025657570053,576.102630280213,"GFI",2,423,8454.18573490017,2113.54643372504,0.54649615362886,0.27324807681443,0.00187761107437522,10.9224113148627,5.46120565743135,0.0375264131458005,2.73060282871567,1.36530141435784,0.00938160328645012
"33",27011,"stwb",26.9408510638298,11.9232497293354,21.3082248835835,6.19587934430849,28.8249418986071,144.025657570053,576.102630280213,"GFI",2,423,8454.18573490017,2113.54643372504,0.0487975524982872,0.0243987762491436,0.00169255670087892,0.975280312598254,0.487640156299127,0.0338278693051543,0.243820078149564,0.121910039074782,0.00845696732628858
"34",27011,"sw",26.9408510638298,11.9232497293354,21.3082248835835,6.19587934430849,28.8249418986071,144.025657570053,576.102630280213,"GFI",2,423,8454.18573490017,2113.54643372504,12.9825014847767,6.49125074238834,0.00227247126794799,259.471581219667,129.735790609834,0.0454181895424501,64.8678953049169,32.4339476524584,0.0113545473856125
"35",27011,"swb",26.9408510638298,11.9232497293354,21.3082248835835,6.19587934430849,28.8249418986071,144.025657570053,576.102630280213,"GFI",2,423,8454.18573490017,2113.54643372504,1.21391346047739,0.606956730238695,0.00212731603855051,24.2615835956767,12.1307917978384,0.0425170801577732,6.06539589891918,3.03269794945959,0.0106292700394433
"36",27011,"total",26.9408510638298,11.9232497293354,21.3082248835835,6.19587934430849,28.8249418986071,144.025657570053,576.102630280213,"GFI",2,423,8454.18573490017,2113.54643372504,20.7255957030136,10.3627978515068,0.0174061002261576,414.227034372874,207.113517186437,0.347882752322043,103.556758593218,51.7783792966092,0.0869706880805108
"37",27040,"ag",10.5866666666667,0.243484322667016,6.9,1.15292270739663,0.23778983401193,1.18813204645859,4.75252818583438,"MBI",1,27,539.628876695756,134.907219173939,0.0769123605222979,0.038456180261149,0.00103943855808602,1.53719002639506,0.76859501319753,0.0207744837590449,0.384297506598765,0.192148753299382,0.00519362093976124
"38",27040,"bg",10.5866666666667,0.243484322667016,6.9,1.15292270739663,0.23778983401193,1.18813204645859,4.75252818583438,"MBI",1,27,539.628876695756,134.907219173939,1.17263727283488e-05,5.86318636417441e-06,1.01380612286448e-07,0.000234366271967208,0.000117183135983604,2.02621873803199e-06,5.8591567991802e-05,2.9295783995901e-05,5.06554684507998e-07
"39",27040,"f",10.5866666666667,0.243484322667016,6.9,1.15292270739663,0.23778983401193,1.18813204645859,4.75252818583438,"MBI",1,27,539.628876695756,134.907219173939,0.00611056264245578,0.00305528132122789,0.000158068671977191,0.122127261286202,0.0610636306431011,0.00315920073703117,0.0305318153215505,0.0152659076607753,0.000789800184257791
"40",27040,"fw",10.5866666666667,0.243484322667016,6.9,1.15292270739663,0.23778983401193,1.18813204645859,4.75252818583438,"MBI",1,27,539.628876695756,134.907219173939,0.0455917374656584,0.0227958687328292,8.80196146503031e-05,0.911208076859297,0.455604038429648,0.00175918243633097,0.227802019214824,0.113901009607412,0.000439795609082744
"41",27040,"stw",10.5866666666667,0.243484322667016,6.9,1.15292270739663,0.23778983401193,1.18813204645859,4.75252818583438,"MBI",1,27,539.628876695756,134.907219173939,0.0012417286038489,0.000620864301924449,0.000280642595004582,0.0248175041354063,0.0124087520677032,0.00560899438130757,0.00620437603385158,0.00310218801692579,0.00140224859532689
"42",27040,"stwb",10.5866666666667,0.243484322667016,6.9,1.15292270739663,0.23778983401193,1.18813204645859,4.75252818583438,"MBI",1,27,539.628876695756,134.907219173939,9.07583396498452e-05,4.53791698249226e-05,0.000279873521884469,0.00181391929170436,0.000906959645852181,0.00559362349005189,0.000453479822926091,0.000226739911463045,0.00139840587251297
"43",27040,"sw",10.5866666666667,0.243484322667016,6.9,1.15292270739663,0.23778983401193,1.18813204645859,4.75252818583438,"MBI",1,27,539.628876695756,134.907219173939,0.0272937653855388,0.0136468826927694,2.76004083536795e-05,0.545500146510955,0.272750073255478,0.000551628790971859,0.136375036627739,0.0681875183138694,0.000137907197742965
"44",27040,"swb",10.5866666666667,0.243484322667016,6.9,1.15292270739663,0.23778983401193,1.18813204645859,4.75252818583438,"MBI",1,27,539.628876695756,134.907219173939,0.00269437072760205,0.00134718536380102,0.000205233746215793,0.053850379597697,0.0269251897988485,0.00410185392335148,0.0134625948994243,0.00673129744971213,0.00102546348083787
"45",27040,"total",10.5866666666667,0.243484322667016,6.9,1.15292270739663,0.23778983401193,1.18813204645859,4.75252818583438,"MBI",1,27,539.628876695756,134.907219173939,0.0830346495374821,0.041517324768741,0.0010395399386983,1.65955165395323,0.829775826976615,0.020776509977783,0.414887913488307,0.207443956744154,0.00519412749444574
"46",29080,"ag",21.2079166666667,7.89541638076051,15.181362089853,4.72386129858536,8.68290196900816,43.3846725555115,173.538690222046,"GFI",1,216,4317.03101356604,1079.25775339151,4.48019237253856,2.24009618626928,0.0161072695706637,89.5422658286621,44.771132914331,0.321923992039,22.3855664571655,11.1927832285828,0.08048099800975
"47",29080,"bg",21.2079166666667,7.89541638076051,15.181362089853,4.72386129858536,8.68290196900816,43.3846725555115,173.538690222046,"GFI",1,216,4317.03101356604,1079.25775339151,0.606995232228018,0.303497616114009,0.00241669299552584,12.1315613084031,6.06578065420157,0.0483006417220041,3.03289032710078,1.51644516355039,0.012075160430501
"48",29080,"f",21.2079166666667,7.89541638076051,15.181362089853,4.72386129858536,8.68290196900816,43.3846725555115,173.538690222046,"GFI",1,216,4317.03101356604,1079.25775339151,0.457313128938008,0.228656564469004,0.00352734488564762,9.13997666914957,4.56998833457478,0.0704984132726127,2.28499416728739,1.1424970836437,0.0176246033181532
"49",29080,"fw",21.2079166666667,7.89541638076051,15.181362089853,4.72386129858536,8.68290196900816,43.3846725555115,173.538690222046,"GFI",1,216,4317.03101356604,1079.25775339151,0.733005398474292,0.366502699237146,0.00310938295791933,14.6500325848373,7.32501629241864,0.0621449197332939,3.66250814620932,1.83125407310466,0.0155362299333235
"50",29080,"stw",21.2079166666667,7.89541638076051,15.181362089853,4.72386129858536,8.68290196900816,43.3846725555115,173.538690222046,"GFI",1,216,4317.03101356604,1079.25775339151,0.140771405082595,0.0703857025412974,0.00220583147861262,2.81349315539273,1.40674657769637,0.0440863097401432,0.703373288848183,0.351686644424092,0.0110215774350358
"51",29080,"stwb",21.2079166666667,7.89541638076051,15.181362089853,4.72386129858536,8.68290196900816,43.3846725555115,173.538690222046,"GFI",1,216,4317.03101356604,1079.25775339151,0.0120750020867875,0.00603750104339373,0.00249769100622835,0.241334067118223,0.120667033559111,0.049919488593485,0.0603335167795557,0.0301667583897779,0.0124798721483712
"52",29080,"sw",21.2079166666667,7.89541638076051,15.181362089853,4.72386129858536,8.68290196900816,43.3846725555115,173.538690222046,"GFI",1,216,4317.03101356604,1079.25775339151,2.8521017906865,1.42605089534325,0.00263001617275368,57.0028327974114,28.5014163987057,0.0525641730738793,14.2507081993528,7.12535409967642,0.0131410432684698
"53",29080,"swb",21.2079166666667,7.89541638076051,15.181362089853,4.72386129858536,8.68290196900816,43.3846725555115,173.538690222046,"GFI",1,216,4317.03101356604,1079.25775339151,0.284925647270384,0.142462823635192,0.00213700306950213,5.6945965547529,2.84729827737645,0.0427106876255857,1.42364913868823,0.711824569344113,0.0106776719063964
"54",29080,"total",21.2079166666667,7.89541638076051,15.181362089853,4.72386129858536,8.68290196900816,43.3846725555115,173.538690222046,"GFI",1,216,4317.03101356604,1079.25775339151,5.08718760476658,2.54359380238329,0.0185239625661896,101.673827137065,50.8369135685326,0.370224633761004,25.4184567842663,12.7092283921332,0.092556158440251
"55",29090,"ag",10.645625,3.60391081442822,6.18623348174557,2.0692362242306,4.28483187830518,21.4094353085184,85.6377412340737,"BKI",4,432,8634.06202713209,2158.51550678302,1.27284805944028,0.636424029720138,0.026894354613301,25.4394655007455,12.7197327503728,0.537517421090109,6.35986637518638,3.17993318759319,0.134379355272527
"56",29090,"bg",10.645625,3.60391081442822,6.18623348174557,2.0692362242306,4.28483187830518,21.4094353085184,85.6377412340737,"BKI",4,432,8634.06202713209,2158.51550678302,0.238259203217123,0.119129601608561,0.00114996826056675,4.76190911831414,2.38095455915707,0.022983558543904,1.19047727957853,0.595238639789267,0.005745889635976
"57",29090,"f",10.645625,3.60391081442822,6.18623348174557,2.0692362242306,4.28483187830518,21.4094353085184,85.6377412340737,"BKI",4,432,8634.06202713209,2158.51550678302,0.229164518300259,0.114582259150129,0.00800987967283207,4.58014042921824,2.29007021460912,0.160087495196983,1.14503510730456,0.57251755365228,0.0400218737992457
"58",29090,"fw",10.645625,3.60391081442822,6.18623348174557,2.0692362242306,4.28483187830518,21.4094353085184,85.6377412340737,"BKI",4,432,8634.06202713209,2158.51550678302,0.423993690491933,0.211996845245966,0.00362300520254454,8.47404588615739,4.23702294307869,0.0724103047300736,2.11851147153935,1.05925573576967,0.0181025761825184
"59",29090,"stw",10.645625,3.60391081442822,6.18623348174557,2.0692362242306,4.28483187830518,21.4094353085184,85.6377412340737,"BKI",4,432,8634.06202713209,2158.51550678302,0.0165194841225525,0.00825974206127625,0.00373438654714206,0.330162617060977,0.165081308530488,0.0746364006511855,0.0825406542652442,0.0412703271326221,0.0186591001627964
"60",29090,"stwb",10.645625,3.60391081442822,6.18623348174557,2.0692362242306,4.28483187830518,21.4094353085184,85.6377412340737,"BKI",4,432,8634.06202713209,2158.51550678302,0.00212442568607042,0.00106221284303521,0.00471812660319254,0.0424593128369552,0.0212296564184776,0.0942976799625613,0.0106148282092388,0.0053074141046194,0.0235744199906403
"61",29090,"sw",10.645625,3.60391081442822,6.18623348174557,2.0692362242306,4.28483187830518,21.4094353085184,85.6377412340737,"BKI",4,432,8634.06202713209,2158.51550678302,0.533876702247912,0.266938351123956,0.00366278676821936,10.6701957454843,5.33509787274213,0.0732053892337144,2.66754893637107,1.33377446818553,0.0183013473084286
"62",29090,"swb",10.645625,3.60391081442822,6.18623348174557,2.0692362242306,4.28483187830518,21.4094353085184,85.6377412340737,"BKI",4,432,8634.06202713209,2158.51550678302,0.0708110465929538,0.0354055232964769,0.00314616981937044,1.41524761224468,0.707623806122342,0.062880151315591,0.353811903061171,0.176905951530585,0.0157200378288978
"63",29090,"total",10.645625,3.60391081442822,6.18623348174557,2.0692362242306,4.28483187830518,21.4094353085184,85.6377412340737,"BKI",4,432,8634.06202713209,2158.51550678302,1.5147490706588,0.757374535329401,0.0280443228738678,30.2741607213166,15.1370803606583,0.560500979634013,7.56854018032916,3.78427009016458,0.140125244908503
"64",32010,"ag",17.5037037037037,6.16920074245338,15.2710063385452,2.42535256583962,13.1443561183776,65.6766122874918,262.706449149967,"SER",1,486,9713.3197805236,2428.3299451309,5.79286566616984,2.89643283308492,0.0315004457881828,115.777688603135,57.8888443015674,0.629575932447875,28.9444221507837,14.4722110753919,0.157393983111969
"65",32010,"bg",17.5037037037037,6.16920074245338,15.2710063385452,2.42535256583962,13.1443561183776,65.6766122874918,262.706449149967,"SER",1,486,9713.3197805236,2428.3299451309,0.000952714268972018,0.000476357134486009,0.00137651660887797,0.0190411900287921,0.00952059501439607,0.0275114115334026,0.00476029750719804,0.00238014875359902,0.00687785288335064
"66",32010,"f",17.5037037037037,6.16920074245338,15.2710063385452,2.42535256583962,13.1443561183776,65.6766122874918,262.706449149967,"SER",1,486,9713.3197805236,2428.3299451309,0.200000565392605,0.100000282696303,0.00902267777395913,3.99726223856768,1.99863111928384,0.180329535998123,0.999315559641921,0.499657779820961,0.0450823839995308
"67",32010,"fw",17.5037037037037,6.16920074245338,15.2710063385452,2.42535256583962,13.1443561183776,65.6766122874918,262.706449149967,"SER",1,486,9713.3197805236,2428.3299451309,1.47941290151231,0.739706450756154,0.00387837710333244,29.5679230448998,14.7839615224499,0.077514232580512,7.39198076122496,3.69599038061248,0.019378558145128
"68",32010,"stw",17.5037037037037,6.16920074245338,15.2710063385452,2.42535256583962,13.1443561183776,65.6766122874918,262.706449149967,"SER",1,486,9713.3197805236,2428.3299451309,0.126783796431542,0.063391898215771,0.00478954177206213,2.53393324635468,1.26696662317734,0.0957250017164922,0.63348331158867,0.316741655794335,0.023931250429123
"69",32010,"stwb",17.5037037037037,6.16920074245338,15.2710063385452,2.42535256583962,13.1443561183776,65.6766122874918,262.706449149967,"SER",1,486,9713.3197805236,2428.3299451309,0.00788112410261607,0.00394056205130804,0.00437174823053485,0.157514153577576,0.0787570767887881,0.0873748735866732,0.039378538394394,0.019689269197197,0.0218437183966683
"70",32010,"sw",17.5037037037037,6.16920074245338,15.2710063385452,2.42535256583962,13.1443561183776,65.6766122874918,262.706449149967,"SER",1,486,9713.3197805236,2428.3299451309,3.88456662424757,1.94228331212378,0.00482791376050919,77.6379379219459,38.8189689609729,0.0964919140506502,19.4094844804865,9.70474224024323,0.0241229785126625
"71",32010,"swb",17.5037037037037,6.16920074245338,15.2710063385452,2.42535256583962,13.1443561183776,65.6766122874918,262.706449149967,"SER",1,486,9713.3197805236,2428.3299451309,0.294221219875805,0.147110609937902,0.00461018714778506,5.88038023635686,2.94019011817843,0.0921403745154246,1.47009505908922,0.735047529544608,0.0230350936288561
"72",32010,"total",17.5037037037037,6.16920074245338,15.2710063385452,2.42535256583962,13.1443561183776,65.6766122874918,262.706449149967,"SER",1,486,9713.3197805236,2428.3299451309,5.99381894583142,2.99690947291571,0.0328769623970608,119.793992031731,59.8969960158657,0.657087343981278,29.9484980079328,14.9742490039664,0.164271835995319
"73",32020,"ag",30.7478260869565,11.9634955524581,22.0922894139482,7.25982059304814,17.6861896043953,88.3701724930368,353.480689972147,"SER",2,207,4137.15472133413,1034.28868033353,11.8083658497721,5.90418292488603,0.00751945658057225,236.005007375001,118.0025036875,0.150285774368026,59.0012518437501,29.5006259218751,0.0375714435920066
"74",32020,"bg",30.7478260869565,11.9634955524581,22.0922894139482,7.25982059304814,17.6861896043953,88.3701724930368,353.480689972147,"SER",2,207,4137.15472133413,1034.28868033353,0.00168928516883217,0.000844642584416086,0.00211806140480518,0.0337624836324335,0.0168812418162168,0.0423321146906539,0.00844062090810838,0.00422031045405419,0.0105830286726635
"75",32020,"f",30.7478260869565,11.9634955524581,22.0922894139482,7.25982059304814,17.6861896043953,88.3701724930368,353.480689972147,"SER",2,207,4137.15472133413,1034.28868033353,0.231455760913406,0.115727880456703,0.00363681893745114,4.62593378764677,2.31296689382338,0.0726863895541708,1.15648344691169,0.578241723455846,0.0181715973885427
"76",32020,"fw",30.7478260869565,11.9634955524581,22.0922894139482,7.25982059304814,17.6861896043953,88.3701724930368,353.480689972147,"SER",2,207,4137.15472133413,1034.28868033353,1.89193970779644,0.945969853898219,0.000700832455012972,37.8127888627514,18.9063944313757,0.014007015942614,9.45319721568785,4.72659860784392,0.0035017539856535
"77",32020,"stw",30.7478260869565,11.9634955524581,22.0922894139482,7.25982059304814,17.6861896043953,88.3701724930368,353.480689972147,"SER",2,207,4137.15472133413,1034.28868033353,0.280344914886473,0.140172457443236,0.000737844795939238,5.60304487065016,2.80152243532508,0.0147467540151296,1.40076121766254,0.70038060883127,0.00368668850378241
"78",32020,"stwb",30.7478260869565,11.9634955524581,22.0922894139482,7.25982059304814,17.6861896043953,88.3701724930368,353.480689972147,"SER",2,207,4137.15472133413,1034.28868033353,0.0155735008891918,0.00778675044459589,0.000823825317650404,0.311255955224256,0.155627977612128,0.0164651826206375,0.077813988806064,0.038906994403032,0.00411629565515936
"79",32020,"sw",30.7478260869565,11.9634955524581,22.0922894139482,7.25982059304814,17.6861896043953,88.3701724930368,353.480689972147,"SER",2,207,4137.15472133413,1034.28868033353,8.96789341325245,4.48394670662622,0.000766685055472754,179.234601811877,89.6173009059386,0.0153231627875624,44.8086504529693,22.4043252264846,0.00383079069689061
"80",32020,"swb",30.7478260869565,11.9634955524581,22.0922894139482,7.25982059304814,17.6861896043953,88.3701724930368,353.480689972147,"SER",2,207,4137.15472133413,1034.28868033353,0.652614312947509,0.326307156473754,0.000853450019045739,13.0433158744976,6.52165793724882,0.017057269447912,3.26082896862441,1.63041448431221,0.004264317361978
"81",32020,"total",30.7478260869565,11.9634955524581,22.0922894139482,7.25982059304814,17.6861896043953,88.3701724930368,353.480689972147,"SER",2,207,4137.15472133413,1034.28868033353,12.0415108958543,6.02075544792715,0.00963751798537743,240.66470364628,120.33235182314,0.19261788905868,60.16617591157,30.083087955785,0.04815447226467
"82",32050,"ag",8.6625,1.15980143680817,8.80258565697918,1.13552067076663,1.72766076037762,8.6323669947584,34.5294679790336,"MBI",1,288,5756.04135142139,1439.01033785535,0.645481727948029,0.322740863974014,0.0182439549181497,12.9007622140826,6.4503811070413,0.364628329591449,3.22519055352065,1.61259527676032,0.0911570823978622
"83",32050,"bg",8.6625,1.15980143680817,8.80258565697918,1.13552067076663,1.72766076037762,8.6323669947584,34.5294679790336,"MBI",1,288,5756.04135142139,1439.01033785535,7.78727245219296e-05,3.89363622609648e-05,0.000573223147768672,0.00155638410588914,0.000778192052944572,0.0114565838269042,0.000389096026472286,0.000194548013236143,0.00286414595672605
"84",32050,"f",8.6625,1.15980143680817,8.80258565697918,1.13552067076663,1.72766076037762,8.6323669947584,34.5294679790336,"MBI",1,288,5756.04135142139,1439.01033785535,0.0319516016608726,0.0159758008304363,0.00363362373633049,0.638592848625441,0.319296424312721,0.0726225294507798,0.15964821215636,0.0798241060781802,0.018155632362695
"85",32050,"fw",8.6625,1.15980143680817,8.80258565697918,1.13552067076663,1.72766076037762,8.6323669947584,34.5294679790336,"MBI",1,288,5756.04135142139,1439.01033785535,0.337874485177621,0.168937242588811,0.00248412841425174,6.75284551483543,3.37642275741771,0.0496484231759509,1.68821137870886,0.844105689354429,0.0124121057939877
"86",32050,"stw",8.6625,1.15980143680817,8.80258565697918,1.13552067076663,1.72766076037762,8.6323669947584,34.5294679790336,"MBI",1,288,5756.04135142139,1439.01033785535,0.0128157219014412,0.00640786095072059,0.0039596550294185,0.256138281989626,0.128069140994813,0.079138673912141,0.0640345704974065,0.0320172852487032,0.0197846684780352
"87",32050,"stwb",8.6625,1.15980143680817,8.80258565697918,1.13552067076663,1.72766076037762,8.6323669947584,34.5294679790336,"MBI",1,288,5756.04135142139,1439.01033785535,0.000975266444393476,0.000487633222196738,0.00299646741862199,0.0194919235506339,0.00974596177531694,0.0598881610061636,0.00487298088765847,0.00243649044382924,0.0149720402515409
"88",32050,"sw",8.6625,1.15980143680817,8.80258565697918,1.13552067076663,1.72766076037762,8.6323669947584,34.5294679790336,"MBI",1,288,5756.04135142139,1439.01033785535,0.26399261616828,0.13199630808414,0.00197852789711545,5.27622366366159,2.63811183183079,0.0395433624678379,1.3190559159154,0.659527957957698,0.00988584061695948
"89",32050,"swb",8.6625,1.15980143680817,8.80258565697918,1.13552067076663,1.72766076037762,8.6323669947584,34.5294679790336,"MBI",1,288,5756.04135142139,1439.01033785535,0.0298236382562924,0.0149118191281462,0.00319155242241151,0.59606283004532,0.29803141502266,0.0637871795785756,0.14901570751133,0.0745078537556651,0.0159467948946439
"90",32050,"total",8.6625,1.15980143680817,8.80258565697918,1.13552067076663,1.72766076037762,8.6323669947584,34.5294679790336,"MBI",1,288,5756.04135142139,1439.01033785535,0.677511202333423,0.338755601166712,0.0188171780659184,13.5409114468139,6.77045572340696,0.376084913418353,3.38522786170348,1.69261393085174,0.0940212283545882
"91",32070,"ag",24.8255319148936,6.66589652142947,20.348702067987,3.20621982030462,21.9478808489353,109.663984151512,438.655936606046,"SER",2,423,8454.18573490017,2113.54643372504,12.6539932178336,6.32699660891678,0.0155491889433031,252.905931327972,126.452965663986,0.310770050481656,63.2264828319929,31.6132414159964,0.077692512620414
"92",32070,"bg",24.8255319148936,6.66589652142947,20.348702067987,3.20621982030462,21.9478808489353,109.663984151512,438.655936606046,"SER",2,423,8454.18573490017,2113.54643372504,0.00180321063767714,0.000901605318838571,0.00177514686860133,0.0360394270687242,0.0180197135343621,0.0354785374323454,0.00900985676718104,0.00450492838359052,0.00886963435808635
"93",32070,"f",24.8255319148936,6.66589652142947,20.348702067987,3.20621982030462,21.9478808489353,109.663984151512,438.655936606046,"SER",2,423,8454.18573490017,2113.54643372504,0.293002860783283,0.146501430391641,0.00633264928099565,5.85602980122688,2.92801490061344,0.126565941407847,1.46400745030672,0.73200372515336,0.0316414853519617
"94",32070,"fw",24.8255319148936,6.66589652142947,20.348702067987,3.20621982030462,21.9478808489353,109.663984151512,438.655936606046,"SER",2,423,8454.18573490017,2113.54643372504,2.43557119861851,1.21778559930926,0.00219308610249751,48.6779462971498,24.3389731485749,0.0438315774069556,12.1694865742874,6.08474328714372,0.0109578943517389
"95",32070,"stw",24.8255319148936,6.66589652142947,20.348702067987,3.20621982030462,21.9478808489353,109.663984151512,438.655936606046,"SER",2,423,8454.18573490017,2113.54643372504,0.290405741484159,0.145202870742079,0.00155728083765589,5.80412311344795,2.90206155672398,0.0311242114490397,1.45103077836199,0.725515389180994,0.00778105286225993
"96",32070,"stwb",24.8255319148936,6.66589652142947,20.348702067987,3.20621982030462,21.9478808489353,109.663984151512,438.655936606046,"SER",2,423,8454.18573490017,2113.54643372504,0.0171897995417858,0.00859489977089292,0.00171544785743902,0.343559711754041,0.17177985587702,0.0342853777903688,0.0858899279385102,0.0429449639692551,0.0085713444475922
"97",32070,"sw",24.8255319148936,6.66589652142947,20.348702067987,3.20621982030462,21.9478808489353,109.663984151512,438.655936606046,"SER",2,423,8454.18573490017,2113.54643372504,9.22411834149807,4.61205917074903,0.00194652969779373,184.355578486345,92.1777892431725,0.0389038383064947,46.0888946215863,23.0444473107931,0.00972595957662367
"98",32070,"swb",24.8255319148936,6.66589652142947,20.348702067987,3.20621982030462,21.9478808489353,109.663984151512,438.655936606046,"SER",2,423,8454.18573490017,2113.54643372504,0.686708136691034,0.343354068345517,0.00180419516692131,13.7247237192747,6.86236185963737,0.0360591041209503,3.43118092981869,1.71559046490934,0.00901477603023758
"99",32070,"total",24.8255319148936,6.66589652142947,20.348702067987,3.20621982030462,21.9478808489353,109.663984151512,438.655936606046,"SER",2,423,8454.18573490017,2113.54643372504,12.9487992892545,6.47439964462726,0.0173243358119044,258.798000556267,129.399000278134,0.346248587914001,64.6995001390668,32.3497500695334,0.0865621469785004
"100",32080,"ag",14.0792727272727,4.43151771603979,13.9502204693993,3.37276934007577,8.46841237737613,42.3129616537029,169.251846614812,"MBI",2,495,9893.19607275552,2473.29901818888,4.86665743607177,2.43332871803589,0.029221213114061,97.266255018165,48.6331275090825,0.584022607719556,24.3165637545413,12.1582818772706,0.146005651929889
"101",32080,"bg",14.0792727272727,4.43151771603979,13.9502204693993,3.37276934007577,8.46841237737613,42.3129616537029,169.251846614812,"MBI",2,495,9893.19607275552,2473.29901818888,0.000529297399640668,0.000264648699820334,0.00118566842616299,0.0105786726372622,0.00528933631863108,0.0236970711460726,0.00264466815931554,0.00132233407965777,0.00592426778651814
"102",32080,"f",14.0792727272727,4.43151771603979,13.9502204693993,3.37276934007577,8.46841237737613,42.3129616537029,169.251846614812,"MBI",2,495,9893.19607275552,2473.29901818888,0.123107974616916,0.0615539873084578,0.00710830151130879,2.46046733536355,1.23023366768177,0.142068324435641,0.615116833840887,0.307558416920444,0.0355170811089102
"103",32080,"fw",14.0792727272727,4.43151771603979,13.9502204693993,3.37276934007577,8.46841237737613,42.3129616537029,169.251846614812,"MBI",2,495,9893.19607275552,2473.29901818888,1.36199028948765,0.680995144743824,0.00498098458225741,27.2210848143239,13.610542407162,0.0995512264800905,6.80527120358098,3.40263560179049,0.0248878066200226
"104",32080,"stw",14.0792727272727,4.43151771603979,13.9502204693993,3.37276934007577,8.46841237737613,42.3129616537029,169.251846614812,"MBI",2,495,9893.19607275552,2473.29901818888,0.105046326492125,0.0525231632460625,0.00447315670103936,2.09948263577634,1.04974131788817,0.0894016491061467,0.524870658944084,0.262435329472042,0.0223504122765367
"105",32080,"stwb",14.0792727272727,4.43151771603979,13.9502204693993,3.37276934007577,8.46841237737613,42.3129616537029,169.251846614812,"MBI",2,495,9893.19607275552,2473.29901818888,0.00695338305712496,0.00347669152856248,0.00443367771300868,0.138972084753764,0.0694860423768822,0.088612611996366,0.0347430211884411,0.0173715105942206,0.0221531529990915
"106",32080,"sw",14.0792727272727,4.43151771603979,13.9502204693993,3.37276934007577,8.46841237737613,42.3129616537029,169.251846614812,"MBI",2,495,9893.19607275552,2473.29901818888,3.14039839959171,1.57019919979586,0.00433443700390675,62.7648022499565,31.3824011249782,0.0866291619083969,15.6912005624891,7.84560028124456,0.0216572904770992
"107",32080,"swb",14.0792727272727,4.43151771603979,13.9502204693993,3.37276934007577,8.46841237737613,42.3129616537029,169.251846614812,"MBI",2,495,9893.19607275552,2473.29901818888,0.252269037443161,0.126134518721581,0.00389065560253999,5.04191323335454,2.52095661667727,0.077759633792915,1.26047830833863,0.630239154169317,0.0194399084482287
"108",32080,"total",14.0792727272727,4.43151771603979,13.9502204693993,3.37276934007577,8.46841237737613,42.3129616537029,169.251846614812,"MBI",2,495,9893.19607275552,2473.29901818888,4.99029470808833,2.49514735404416,0.030406881540224,99.7373010261658,49.8686505130829,0.607719678865629,24.9343252565415,12.4671626282707,0.151929919716407
"109",32090,"ag",11.9193939393939,2.91925208564758,11.2021032481413,2.51979241149594,3.51213497765666,17.5486060444142,70.1944241776568,"SER",1,297,5935.91764365331,1483.97941091333,1.15964965962701,0.579824829813504,0.0182368900642281,23.1770534513014,11.5885267256507,0.364487129621608,5.79426336282535,2.89713168141267,0.091121782405402
"110",32090,"bg",11.9193939393939,2.91925208564758,11.2021032481413,2.51979241149594,3.51213497765666,17.5486060444142,70.1944241776568,"SER",1,297,5935.91764365331,1483.97941091333,0.000194116433903476,9.70582169517378e-05,0.000703325243738211,0.00387966048798216,0.00193983024399108,0.0140568374529711,0.000969915121995541,0.00048495756099777,0.00351420936324277
"111",32090,"f",11.9193939393939,2.91925208564758,11.2021032481413,2.51979241149594,3.51213497765666,17.5486060444142,70.1944241776568,"SER",1,297,5935.91764365331,1483.97941091333,0.0587337119529496,0.0293668559764748,0.00574567423267359,1.17386692612379,0.586933463061893,0.114834508593978,0.293466731530947,0.146733365765473,0.0287086271484944
"112",32090,"fw",11.9193939393939,2.91925208564758,11.2021032481413,2.51979241149594,3.51213497765666,17.5486060444142,70.1944241776568,"SER",1,297,5935.91764365331,1483.97941091333,0.42658834731102,0.21329417365551,0.00174475221073838,8.52590335818313,4.26295167909157,0.0348710620590069,2.13147583954578,1.06573791977289,0.00871776551475173
"113",32090,"stw",11.9193939393939,2.91925208564758,11.2021032481413,2.51979241149594,3.51213497765666,17.5486060444142,70.1944241776568,"SER",1,297,5935.91764365331,1483.97941091333,0.0236678254859191,0.0118339127429596,0.00341889483180322,0.473031188177694,0.236515594088847,0.0683309028750702,0.118257797044423,0.0591288985222117,0.0170827257187676
"114",32090,"stwb",11.9193939393939,2.91925208564758,11.2021032481413,2.51979241149594,3.51213497765666,17.5486060444142,70.1944241776568,"SER",1,297,5935.91764365331,1483.97941091333,0.00165064736516591,0.000825323682582956,0.00269296068860129,0.0329902586476033,0.0164951293238017,0.0538221981991016,0.00824756466190083,0.00412378233095041,0.0134555495497754
"115",32090,"sw",11.9193939393939,2.91925208564758,11.2021032481413,2.51979241149594,3.51213497765666,17.5486060444142,70.1944241776568,"SER",1,297,5935.91764365331,1483.97941091333,0.652018540407323,0.326009270203661,0.00211687698993085,13.0314086127707,6.51570430638537,0.0423084426733141,3.25785215319268,1.62892607659634,0.0105771106683285
"116",32090,"swb",11.9193939393939,2.91925208564758,11.2021032481413,2.51979241149594,3.51213497765666,17.5486060444142,70.1944241776568,"SER",1,297,5935.91764365331,1483.97941091333,0.05572429905758,0.02786214952879,0.00251773111048081,1.11372003352223,0.556860016761116,0.0503200152211376,0.278430008380558,0.139215004190279,0.0125800038052844
"117",32090,"total",11.9193939393939,2.91925208564758,11.2021032481413,2.51979241149594,3.51213497765666,17.5486060444142,70.1944241776568,"SER",1,297,5935.91764365331,1483.97941091333,1.21857748801386,0.60928874400693,0.0189402153079664,24.3548000379132,12.1774000189566,0.378543967074579,6.08870000947829,3.04435000473915,0.0946359917686448
"118",33010,"ag",14.00828125,3.64756643076556,12.24174105411,2.83061241555169,9.47817133068246,47.3582865583897,189.433146233559,"SER",1,576,11512.0827028428,2878.0206757107,3.36806970256458,1.68403485128229,0.0444458922017399,67.3150988973307,33.6575494486654,0.888306921576502,16.8287747243327,8.41438736216634,0.222076730394126
"119",33010,"bg",14.00828125,3.64756643076556,12.24174105411,2.83061241555169,9.47817133068246,47.3582865583897,189.433146233559,"SER",1,576,11512.0827028428,2878.0206757107,0.00057368845168617,0.000286844225843085,0.0008379806845177,0.0114658835095087,0.00573294175475435,0.0167480953881121,0.00286647087737718,0.00143323543868859,0.00418702384702803
"120",33010,"f",14.00828125,3.64756643076556,12.24174105411,2.83061241555169,9.47817133068246,47.3582865583897,189.433146233559,"SER",1,576,11512.0827028428,2878.0206757107,0.156806060867962,0.0784030304339812,0.00735282195582576,3.13396586982462,1.56698293491231,0.146955372317265,0.783491467456156,0.391745733728078,0.0367388430793161
"121",33010,"fw",14.00828125,3.64756643076556,12.24174105411,2.83061241555169,9.47817133068246,47.3582865583897,189.433146233559,"SER",1,576,11512.0827028428,2878.0206757107,1.10261549754517,0.551307748772583,0.0072698737537078,22.037154161764,11.018577080882,0.145297548423455,5.50928854044101,2.75464427022051,0.0363243871058639
"122",33010,"stw",14.00828125,3.64756643076556,12.24174105411,2.83061241555169,9.47817133068246,47.3582865583897,189.433146233559,"SER",1,576,11512.0827028428,2878.0206757107,0.0696767741341568,0.0348383870670784,0.00828151748873394,1.39257775399255,0.696288876996276,0.165516517769694,0.348144438498138,0.174072219249069,0.0413791294424236
"123",33010,"stwb",14.00828125,3.64756643076556,12.24174105411,2.83061241555169,9.47817133068246,47.3582865583897,189.433146233559,"SER",1,576,11512.0827028428,2878.0206757107,0.00467311200386058,0.00233655600193029,0.00694946125857001,0.0933980067154346,0.0466990033577173,0.138893702688993,0.0233495016788586,0.0116747508394293,0.0347234256722482
"124",33010,"sw",14.00828125,3.64756643076556,12.24174105411,2.83061241555169,9.47817133068246,47.3582865583897,189.433146233559,"SER",1,576,11512.0827028428,2878.0206757107,2.02798897937744,1.01399448968872,0.00622782283671745,40.5319042552897,20.2659521276448,0.124470853394,10.1329760638224,5.06648803191121,0.0311177133485001
"125",33010,"swb",14.00828125,3.64756643076556,12.24174105411,2.83061241555169,9.47817133068246,47.3582865583897,189.433146233559,"SER",1,576,11512.0827028428,2878.0206757107,0.163115339503951,0.0815576697519756,0.00836439490818498,3.26006471956904,1.63003235978452,0.167172926983095,0.815016179892259,0.40750808994613,0.0417932317457737
"126",33010,"total",14.00828125,3.64756643076556,12.24174105411,2.83061241555169,9.47817133068246,47.3582865583897,189.433146233559,"SER",1,576,11512.0827028428,2878.0206757107,3.52544945188422,1.76272472594211,0.0452838728862576,70.4605306506649,35.2302653253324,0.905055016964614,17.6151326626662,8.80756633133311,0.226263754241154
"127",33040,"ag",20.890701754386,4.59473325943182,24.4147458420942,2.90931976277033,18.43276978558,92.1005079054076,368.402031621631,"SER",1,513,10252.9486572194,2563.23716430484,11.0097730215865,5.50488651079327,0.0362926345122732,220.044127715332,110.022063857666,0.725353836821763,55.0110319288331,27.5055159644166,0.181338459205441
"128",33040,"bg",20.890701754386,4.59473325943182,24.4147458420942,2.90931976277033,18.43276978558,92.1005079054076,368.402031621631,"SER",1,513,10252.9486572194,2563.23716430484,0.00135927448506007,0.000679637242530033,0.00039468644613099,0.0271668060553394,0.0135834030276697,0.00788830383602615,0.00679170151383486,0.00339585075691743,0.00197207595900654
"129",33040,"f",20.890701754386,4.59473325943182,24.4147458420942,2.90931976277033,18.43276978558,92.1005079054076,368.402031621631,"SER",1,513,10252.9486572194,2563.23716430484,0.200078340473453,0.100039170236727,0.0073425713175695,3.99881667114224,1.99940833557112,0.146750500450315,0.99970416778556,0.49985208389278,0.0366876251125787
"130",33040,"fw",20.890701754386,4.59473325943182,24.4147458420942,2.90931976277033,18.43276978558,92.1005079054076,368.402031621631,"SER",1,513,10252.9486572194,2563.23716430484,1.82000469530703,0.910002347653515,0.00556081639744481,36.3750773818346,18.1875386909173,0.111139892817203,9.09376934545865,4.54688467272932,0.0277849732043007
"131",33040,"stw",20.890701754386,4.59473325943182,24.4147458420942,2.90931976277033,18.43276978558,92.1005079054076,368.402031621631,"SER",1,513,10252.9486572194,2563.23716430484,0.25565650165919,0.127828250829595,0.00544231990207307,5.1096159559376,2.5548079779688,0.108771591680542,1.2774039889844,0.6387019944922,0.0271928979201356
"132",33040,"stwb",20.890701754386,4.59473325943182,24.4147458420942,2.90931976277033,18.43276978558,92.1005079054076,368.402031621631,"SER",1,513,10252.9486572194,2563.23716430484,0.0159131311137113,0.00795656555685564,0.00573018597959974,0.318043891392752,0.159021945696376,0.114524956423303,0.0795109728481879,0.039755486424094,0.0286312391058257
"133",33040,"sw",20.890701754386,4.59473325943182,24.4147458420942,2.90931976277033,18.43276978558,92.1005079054076,368.402031621631,"SER",1,513,10252.9486572194,2563.23716430484,8.27133006651836,4.13566503325918,0.00657546850441974,165.312909354635,82.6564546773173,0.13141898825142,41.3282273386586,20.6641136693293,0.032854747062855
"134",33040,"swb",20.890701754386,4.59473325943182,24.4147458420942,2.90931976277033,18.43276978558,92.1005079054076,368.402031621631,"SER",1,513,10252.9486572194,2563.23716430484,0.64686862698824,0.32343431349412,0.00564127241116637,12.9284811315329,6.46424056576647,0.11274790719898,3.23212028288324,1.61606014144162,0.0281869767997451
"135",33040,"total",20.890701754386,4.59473325943182,24.4147458420942,2.90931976277033,18.43276978558,92.1005079054076,368.402031621631,"SER",1,513,10252.9486572194,2563.23716430484,11.211210636545,5.60560531827252,0.0366873209584042,224.07011119253,112.035055596265,0.73324214065779,56.0175277981325,28.0087638990663,0.183310535164447
"136",33050,"ag",22.54375,7.52024366567888,17.5257117515401,4.32326492942127,19.1579133564169,95.7237339292397,382.894935716959,"SER",1,432,8634.06202713209,2158.51550678302,9.81101760850153,4.90550880425076,0.0209847964796803,196.08549671548,98.0427483577399,0.419407487111813,49.02137417887,24.510687089435,0.104851871777953
"137",33050,"bg",22.54375,7.52024366567888,17.5257117515401,4.32326492942127,19.1579133564169,95.7237339292397,382.894935716959,"SER",1,432,8634.06202713209,2158.51550678302,0.00153670915882579,0.000768354579412893,0.00261628929075304,0.0307130606364903,0.0153565303182451,0.0522898241140815,0.00767826515912257,0.00383913257956129,0.0130724560285204
"138",33050,"f",22.54375,7.52024366567888,17.5257117515401,4.32326492942127,19.1579133564169,95.7237339292397,382.894935716959,"SER",1,432,8634.06202713209,2158.51550678302,0.280507616673356,0.140253808336678,0.00796534000809641,5.60629667000173,2.80314833500087,0.15919731411366,1.40157416750043,0.700787083750217,0.039799328528415
"139",33050,"fw",22.54375,7.52024366567888,17.5257117515401,4.32326492942127,19.1579133564169,95.7237339292397,382.894935716959,"SER",1,432,8634.06202713209,2158.51550678302,2.12497474884181,1.06248737442091,0.00258488613365238,42.4702865453464,21.2351432726732,0.0516621926181211,10.6175716363366,5.3087858181683,0.0129155481545303
"140",33050,"stw",22.54375,7.52024366567888,17.5257117515401,4.32326492942127,19.1579133564169,95.7237339292397,382.894935716959,"SER",1,432,8634.06202713209,2158.51550678302,0.220871904101473,0.110435952050737,0.0023470017431644,4.41440212977521,2.20720106488761,0.0469077746024734,1.1036005324438,0.551800266221902,0.0117269436506184
"141",33050,"stwb",22.54375,7.52024366567888,17.5257117515401,4.32326492942127,19.1579133564169,95.7237339292397,382.894935716959,"SER",1,432,8634.06202713209,2158.51550678302,0.0131597681430888,0.00657988407154438,0.00298125120398268,0.26301447780117,0.131507238900585,0.0595840458649275,0.0657536194502924,0.0328768097251462,0.0148960114662319
"142",33050,"sw",22.54375,7.52024366567888,17.5257117515401,4.32326492942127,19.1579133564169,95.7237339292397,382.894935716959,"SER",1,432,8634.06202713209,2158.51550678302,6.93796153712365,3.46898076856182,0.0027964551269587,138.663866327274,69.3319331636369,0.0558906644033633,34.6659665818184,17.3329832909092,0.0139726661008408
"143",33050,"swb",22.54375,7.52024366567888,17.5257117515401,4.32326492942127,19.1579133564169,95.7237339292397,382.894935716959,"SER",1,432,8634.06202713209,2158.51550678302,0.514049650291504,0.257024825145752,0.00230986226382577,10.2739272352834,5.13696361764168,0.0461654955092672,2.56848180882084,1.28424090441042,0.0115413738773168
"144",33050,"total",22.54375,7.52024366567888,17.5257117515401,4.32326492942127,19.1579133564169,95.7237339292397,382.894935716959,"SER",1,432,8634.06202713209,2158.51550678302,10.0930619343337,5.04653096716685,0.0236010857704334,201.722506446118,100.861253223059,0.471697311225894,50.4306266115295,25.2153133057648,0.117924327806474
"145",33300,"ag",16.4616666666667,5.43375632433106,13.2083333333333,3.31674575629092,12.7428535086654,63.6704789331452,254.681915732581,"SER",1,540,10792.5775339151,2698.14438347878,5.08647469308283,2.54323734654142,0.0427116749457223,101.659578702581,50.8297893512903,0.853646413805717,25.4148946756452,12.7074473378226,0.213411603451429
"146",33300,"bg",16.4616666666667,5.43375632433106,13.2083333333333,3.31674575629092,12.7428535086654,63.6704789331452,254.681915732581,"SER",1,540,10792.5775339151,2698.14438347878,0.000869190314873161,0.00043459515743658,0.000693449709250069,0.0173718590092531,0.00868592950462655,0.0138594625054672,0.00434296475231328,0.00217148237615664,0.00346486562636679
"147",33300,"f",16.4616666666667,5.43375632433106,13.2083333333333,3.31674575629092,12.7428535086654,63.6704789331452,254.681915732581,"SER",1,540,10792.5775339151,2698.14438347878,0.208480771835668,0.104240385917834,0.00740935185173765,4.16674980438317,2.08337490219159,0.148085193214696,1.04168745109579,0.520843725547896,0.0370212983036741
"148",33300,"fw",16.4616666666667,5.43375632433106,13.2083333333333,3.31674575629092,12.7428535086654,63.6704789331452,254.681915732581,"SER",1,540,10792.5775339151,2698.14438347878,1.46244811447283,0.731224057236413,0.00723608763628127,29.2288604903258,14.6144302451629,0.1446222904755,7.30721512258146,3.65360756129073,0.0361555726188751
"149",33300,"stw",16.4616666666667,5.43375632433106,13.2083333333333,3.31674575629092,12.7428535086654,63.6704789331452,254.681915732581,"SER",1,540,10792.5775339151,2698.14438347878,0.107994232394716,0.053997116197358,0.00679060398221872,2.15840023395485,1.07920011697743,0.135718740704089,0.539600058488713,0.269800029244356,0.0339296851760223
"150",33300,"stwb",16.4616666666667,5.43375632433106,13.2083333333333,3.31674575629092,12.7428535086654,63.6704789331452,254.681915732581,"SER",1,540,10792.5775339151,2698.14438347878,0.00686817648895638,0.00343408824447819,0.00898299281566941,0.137269124580879,0.0686345622904394,0.179536382314286,0.0343172811452197,0.0171586405726099,0.0448840955785715
"151",33300,"sw",16.4616666666667,5.43375632433106,13.2083333333333,3.31674575629092,12.7428535086654,63.6704789331452,254.681915732581,"SER",1,540,10792.5775339151,2698.14438347878,3.25951794753982,1.62975897376991,0.00642424017565871,65.145555874095,32.5727779370475,0.128396500356091,16.2863889685238,8.14319448426188,0.0320991250890227
"152",33300,"swb",16.4616666666667,5.43375632433106,13.2083333333333,3.31674575629092,12.7428535086654,63.6704789331452,254.681915732581,"SER",1,540,10792.5775339151,2698.14438347878,0.249646222186518,0.124823111093259,0.00586839848415651,4.98949297962407,2.49474648981204,0.117287306741054,1.24737324490602,0.623686622453009,0.0293218266852634
"153",33300,"total",16.4616666666667,5.43375632433106,13.2083333333333,3.31674575629092,12.7428535086654,63.6704789331452,254.681915732581,"SER",1,540,10792.5775339151,2698.14438347878,5.29582465523337,2.64791232761669,0.0434051246549723,105.843700365973,52.9218501829865,0.867505876311184,26.4609250914933,13.2304625457466,0.216876469077796
"154",34010,"ag",17.2795192307692,5.99151689823836,13.5394230769231,3.50122290147903,24.5859028487144,122.845029044469,491.380116177878,"GFI",1,936,18707.1343921195,4676.78359802988,11.498380520371,5.74919026018548,0.0599814478996581,229.809561630672,114.904780815336,1.19880449454361,57.452390407668,28.726195203834,0.299701123635903
"155",34010,"bg",17.2795192307692,5.99151689823836,13.5394230769231,3.50122290147903,24.5859028487144,122.845029044469,491.380116177878,"GFI",1,936,18707.1343921195,4676.78359802988,1.44699351915546,0.723496759577732,0.00385216516198832,28.9199810121445,14.4599905060723,0.0769903540448252,7.22999525303613,3.61499762651806,0.0192475885112063
"156",34010,"f",17.2795192307692,5.99151689823836,13.5394230769231,3.50122290147903,24.5859028487144,122.845029044469,491.380116177878,"GFI",1,936,18707.1343921195,4676.78359802988,1.35032278924547,0.675161394622734,0.0142185520186714,26.9878951828597,13.4939475914298,0.284175602002808,6.74697379571492,3.37348689785746,0.071043900500702
"157",34010,"fw",17.2795192307692,5.99151689823836,13.5394230769231,3.50122290147903,24.5859028487144,122.845029044469,491.380116177878,"GFI",1,936,18707.1343921195,4676.78359802988,1.97198618436336,0.985993092181679,0.00891396864833794,39.4126181306499,19.706309065325,0.178156847726066,9.85315453266248,4.92657726633124,0.0445392119315165
"158",34010,"stw",17.2795192307692,5.99151689823836,13.5394230769231,3.50122290147903,24.5859028487144,122.845029044469,491.380116177878,"GFI",1,936,18707.1343921195,4676.78359802988,0.352034233192768,0.176017116596384,0.0090275700813332,7.03584584504685,3.51792292252342,0.180427314899335,1.75896146126171,0.879480730630856,0.0451068287248338
"159",34010,"stwb",17.2795192307692,5.99151689823836,13.5394230769231,3.50122290147903,24.5859028487144,122.845029044469,491.380116177878,"GFI",1,936,18707.1343921195,4676.78359802988,0.0307642513338323,0.0153821256669161,0.00918482538964181,0.614862162580067,0.307431081290033,0.183570259542928,0.153715540645017,0.0768577703225083,0.0458925648857321
"160",34010,"sw",17.2795192307692,5.99151689823836,13.5394230769231,3.50122290147903,24.5859028487144,122.845029044469,491.380116177878,"GFI",1,936,18707.1343921195,4676.78359802988,7.04737883474057,3.52368941737028,0.0095036724188087,140.850708305204,70.4253541526018,0.189942817475784,35.2126770763009,17.6063385381504,0.0474857043689461
"161",34010,"swb",17.2795192307692,5.99151689823836,13.5394230769231,3.50122290147903,24.5859028487144,122.845029044469,491.380116177878,"GFI",1,936,18707.1343921195,4676.78359802988,0.745894227494974,0.372947113747487,0.00913285934286505,14.9076320043319,7.45381600216595,0.182531652896689,3.72690800108297,1.86345400054149,0.0456329132241723
"162",34010,"total",17.2795192307692,5.99151689823836,13.5394230769231,3.50122290147903,24.5859028487144,122.845029044469,491.380116177878,"GFI",1,936,18707.1343921195,4676.78359802988,12.9453740395264,6.47268701976322,0.0638336130616464,258.729542642816,129.364771321408,1.27579484858844,64.6823856607041,32.3411928303521,0.318948712147109
"163",34020,"ag",9.82391304347826,2.39177656717033,5.56667695937989,1.82586198358078,4.98563089424024,24.9110222136899,99.6440888547598,"BKI",1,621,12411.4641640024,3102.86604100059,1.34480778439721,0.672403892198605,0.0264259444632831,26.8776708913324,13.4388354456662,0.528155656531329,6.71941772283309,3.35970886141655,0.132038914132832
"164",34020,"bg",9.82391304347826,2.39177656717033,5.56667695937989,1.82586198358078,4.98563089424024,24.9110222136899,99.6440888547598,"BKI",1,621,12411.4641640024,3102.86604100059,0.252594546047087,0.126297273023544,0.00247733695940082,5.04841893121718,2.52420946560859,0.0495126874295683,1.2621047328043,0.631052366402148,0.0123781718573921
"165",34020,"f",9.82391304347826,2.39177656717033,5.56667695937989,1.82586198358078,4.98563089424024,24.9110222136899,99.6440888547598,"BKI",1,621,12411.4641640024,3102.86604100059,0.28859302749452,0.14429651374726,0.0106827031662852,5.76789374996649,2.88394687498324,0.213507226285062,1.44197343749162,0.720986718745811,0.0533768065712655
"166",34020,"fw",9.82391304347826,2.39177656717033,5.56667695937989,1.82586198358078,4.98563089424024,24.9110222136899,99.6440888547598,"BKI",1,621,12411.4641640024,3102.86604100059,0.488584448803032,0.244292224401516,0.00446316840571087,9.76497323254057,4.88248661627028,0.0892020204917683,2.44124330813514,1.22062165406757,0.0223005051229421
"167",34020,"stw",9.82391304347826,2.39177656717033,5.56667695937989,1.82586198358078,4.98563089424024,24.9110222136899,99.6440888547598,"BKI",1,621,12411.4641640024,3102.86604100059,0.0140527547990043,0.00702637739950217,0.00288239293631218,0.280861936543244,0.140430968271622,0.0576082393488119,0.0702154841358111,0.0351077420679056,0.014402059837203
"168",34020,"stwb",9.82391304347826,2.39177656717033,5.56667695937989,1.82586198358078,4.98563089424024,24.9110222136899,99.6440888547598,"BKI",1,621,12411.4641640024,3102.86604100059,0.00203760466743821,0.0010188023337191,0.002615847277775,0.0407240858459151,0.0203620429229576,0.052280989930125,0.0101810214614788,0.00509051073073939,0.0130702474825312
"169",34020,"sw",9.82391304347826,2.39177656717033,5.56667695937989,1.82586198358078,4.98563089424024,24.9110222136899,99.6440888547598,"BKI",1,621,12411.4641640024,3102.86604100059,0.481892427972639,0.24094621398632,0.00307871873770538,9.63122479981725,4.81561239990862,0.061532056818153,2.40780619995431,1.20390309997716,0.0153830142045383
"170",34020,"swb",9.82391304347826,2.39177656717033,5.56667695937989,1.82586198358078,4.98563089424024,24.9110222136899,99.6440888547598,"BKI",1,621,12411.4641640024,3102.86604100059,0.069647520660575,0.0348237603302875,0.00270311393949448,1.39199308661891,0.695996543309454,0.054025123657409,0.347998271654727,0.173999135827363,0.0135062809143522
"171",34020,"total",9.82391304347826,2.39177656717033,5.56667695937989,1.82586198358078,4.98563089424024,24.9110222136899,99.6440888547598,"BKI",1,621,12411.4641640024,3102.86604100059,1.5974023304443,0.798701165222148,0.0289032814226839,31.9260898225496,15.9630449112748,0.577668343960897,7.98152245563739,3.99076122781869,0.144417085990224
"172",34030,"ag",19.0214666666667,7.50312712730014,14.7566202425783,4.18873081394433,22.1615841313421,110.731766209209,442.927064836837,"GFI",1,675,13490.7219173939,3372.68047934847,11.1895222104999,5.59476110524993,0.059183346844129,223.636640785713,111.818320392857,1.1828534435775,55.9091601964283,27.9545800982141,0.295713360894376
"173",34030,"bg",19.0214666666667,7.50312712730014,14.7566202425783,4.18873081394433,22.1615841313421,110.731766209209,442.927064836837,"GFI",1,675,13490.7219173939,3372.68047934847,1.46260037272362,0.731300186361808,0.00397117383860798,29.2319035625051,14.6159517812526,0.0793688917663554,7.30797589062628,3.65398794531314,0.0198422229415888
"174",34030,"f",19.0214666666667,7.50312712730014,14.7566202425783,4.18873081394433,22.1615841313421,110.731766209209,442.927064836837,"GFI",1,675,13490.7219173939,3372.68047934847,1.14503848241345,0.572519241206727,0.012610896725792,22.885030742155,11.4425153710775,0.252044593861679,5.72125768553875,2.86062884276938,0.0630111484654199
"175",34030,"fw",19.0214666666667,7.50312712730014,14.7566202425783,4.18873081394433,22.1615841313421,110.731766209209,442.927064836837,"GFI",1,675,13490.7219173939,3372.68047934847,1.79526488991479,0.897632444957395,0.00961345759997947,35.880621330224,17.940310665112,0.192137012068118,8.970155332556,4.485077666278,0.0480342530170296
"176",34030,"stw",19.0214666666667,7.50312712730014,14.7566202425783,4.18873081394433,22.1615841313421,110.731766209209,442.927064836837,"GFI",1,675,13490.7219173939,3372.68047934847,0.34985172848214,0.17492586424107,0.00894126732915611,6.9922257500328,3.4961128750164,0.178702446113666,1.7480564375082,0.8740282187541,0.0446756115284164
"177",34030,"stwb",19.0214666666667,7.50312712730014,14.7566202425783,4.18873081394433,22.1615841313421,110.731766209209,442.927064836837,"GFI",1,675,13490.7219173939,3372.68047934847,0.0303577191232577,0.0151788595616289,0.00791789010569384,0.606737106278845,0.303368553139423,0.158248968279111,0.151684276569711,0.0758421382848557,0.0395622420697778
"178",34030,"sw",19.0214666666667,7.50312712730014,14.7566202425783,4.18873081394433,22.1615841313421,110.731766209209,442.927064836837,"GFI",1,675,13490.7219173939,3372.68047934847,7.14304741156238,3.57152370578119,0.00989572005457389,142.762764847627,71.3813824238136,0.197778381375754,35.6906912119068,17.8453456059534,0.0494445953439386
"179",34030,"swb",19.0214666666667,7.50312712730014,14.7566202425783,4.18873081394433,22.1615841313421,110.731766209209,442.927064836837,"GFI",1,675,13490.7219173939,3372.68047934847,0.725961979003842,0.362980989501921,0.0102041150289337,14.5092610093952,7.25463050469761,0.203942041879176,3.6273152523488,1.8136576261744,0.0509855104697939
"180",34030,"total",19.0214666666667,7.50312712730014,14.7566202425783,4.18873081394433,22.1615841313421,110.731766209209,442.927064836837,"GFI",1,675,13490.7219173939,3372.68047934847,12.6521225832235,6.32606129161174,0.063154520682737,252.868544348218,126.434272174109,1.26222233534386,63.2171360870545,31.6085680435273,0.315555583835965
"181",34040,"ag",33.2647619047619,9.10894466710213,25.8579232118126,3.96094177212153,17.6507075773197,88.1928842855026,352.771537142011,"GFI",1,189,3777.40213687029,944.350534217572,11.5392340855132,5.7696170427566,0.0265293280664367,230.626071388699,115.313035694349,0.530221907554979,57.6565178471747,28.8282589235873,0.132555476888745
"182",34040,"bg",33.2647619047619,9.10894466710213,25.8579232118126,3.96094177212153,17.6507075773197,88.1928842855026,352.771537142011,"GFI",1,189,3777.40213687029,944.350534217572,1.65158757740598,0.825793788702992,1.4329022352489e-06,33.0090499688984,16.5045249844492,2.86383490230444e-05,8.25226249222459,4.1261312461123,7.15958725576111e-06
"183",34040,"f",33.2647619047619,9.10894466710213,25.8579232118126,3.96094177212153,17.6507075773197,88.1928842855026,352.771537142011,"GFI",1,189,3777.40213687029,944.350534217572,0.671543408605049,0.335771704302524,0.00170235003030656,13.4216376014067,6.71081880070335,0.0340236012813821,3.35540940035168,1.67770470017584,0.00850590032034552
"184",34040,"fw",33.2647619047619,9.10894466710213,25.8579232118126,3.96094177212153,17.6507075773197,88.1928842855026,352.771537142011,"GFI",1,189,3777.40213687029,944.350534217572,1.34950098775548,0.674750493877739,0.005275338513276,26.9714704489741,13.4857352244871,0.105434259115148,6.74286761224353,3.37143380612177,0.0263585647787869
"185",34040,"stw",33.2647619047619,9.10894466710213,25.8579232118126,3.96094177212153,17.6507075773197,88.1928842855026,352.771537142011,"GFI",1,189,3777.40213687029,944.350534217572,0.375397260598436,0.187698630299218,0.00507929336130642,7.50278526116288,3.75139263058144,0.101516050776666,1.87569631529072,0.93784815764536,0.0253790126941666
"186",34040,"stwb",33.2647619047619,9.10894466710213,25.8579232118126,3.96094177212153,17.6507075773197,88.1928842855026,352.771537142011,"GFI",1,189,3777.40213687029,944.350534217572,0.0322966132617332,0.0161483066308666,0.0046699584545822,0.645488338352086,0.322744169176043,0.0933349790763719,0.161372084588021,0.0806860422940107,0.023333744769093
"187",34040,"sw",33.2647619047619,9.10894466710213,25.8579232118126,3.96094177212153,17.6507075773197,88.1928842855026,352.771537142011,"GFI",1,189,3777.40213687029,944.350534217572,8.37270574574787,4.18635287287394,0.00474941919362919,167.339029499334,83.6695147496671,0.0949231016450142,41.8347573748335,20.9173786874168,0.0237307754112535
"188",34040,"swb",33.2647619047619,9.10894466710213,25.8579232118126,3.96094177212153,17.6507075773197,88.1928842855026,352.771537142011,"GFI",1,189,3777.40213687029,944.350534217572,0.73779006954464,0.36889503477232,0.00505296851333634,14.7456602394688,7.37283011973439,0.100989915660397,3.6864150598672,1.8432075299336,0.0252474789150992
"189",34040,"total",33.2647619047619,9.10894466710213,25.8579232118126,3.96094177212153,17.6507075773197,88.1928842855026,352.771537142011,"GFI",1,189,3777.40213687029,944.350534217572,13.1908216629192,6.5954108314596,0.026530760968672,263.635121357597,131.817560678799,0.530250545904002,65.9087803393993,32.9543901696996,0.132562636476001
"190",35500,"ag",25.0141666666667,3.13782951503433,19.9423262081106,1.60039192850529,5.39019080767518,26.932431580755,107.72972632302,"MBI",1,108,2158.51550678302,539.628876695756,3.77421847791968,1.88710923895984,0.0122956898939092,75.4324917645985,37.7162458822993,0.245744789838874,18.8581229411496,9.42906147057482,0.0614361974597185
"191",35500,"bg",25.0141666666667,3.13782951503433,19.9423262081106,1.60039192850529,5.39019080767518,26.932431580755,107.72972632302,"MBI",1,108,2158.51550678302,539.628876695756,0.000424848897637461,0.00021242444881873,0.000519103137878642,0.0084911382739827,0.00424556913699135,0.0103749275252849,0.00212278456849568,0.00106139228424784,0.00259373188132123
"192",35500,"f",25.0141666666667,3.13782951503433,19.9423262081106,1.60039192850529,5.39019080767518,26.932431580755,107.72972632302,"MBI",1,108,2158.51550678302,539.628876695756,0.0746872087412579,0.037343604370629,0.0017568317821296,1.49271757616987,0.746358788084934,0.0351124874494073,0.373179394042467,0.186589697021233,0.00877812186235183
"193",35500,"fw",25.0141666666667,3.13782951503433,19.9423262081106,1.60039192850529,5.39019080767518,26.932431580755,107.72972632302,"MBI",1,108,2158.51550678302,539.628876695756,0.787556335333765,0.393778167666882,0.00231362949745597,15.7403015026217,7.87015075131084,0.0462407884000864,3.93507537565542,1.96753768782771,0.0115601971000216
"194",35500,"stw",25.0141666666667,3.13782951503433,19.9423262081106,1.60039192850529,5.39019080767518,26.932431580755,107.72972632302,"MBI",1,108,2158.51550678302,539.628876695756,0.0851839088929355,0.0425919544464678,0.00155617101885744,1.70250729883142,0.851253649415711,0.0311020303278715,0.425626824707855,0.212813412353928,0.00777550758196787
"195",35500,"stwb",25.0141666666667,3.13782951503433,19.9423262081106,1.60039192850529,5.39019080767518,26.932431580755,107.72972632302,"MBI",1,108,2158.51550678302,539.628876695756,0.00513410054039781,0.00256705027019891,0.00117639591534963,0.102611441016961,0.0513057205084804,0.0235117483833184,0.0256528602542402,0.0128264301271201,0.0058779370958296
"196",35500,"sw",25.0141666666667,3.13782951503433,19.9423262081106,1.60039192850529,5.39019080767518,26.932431580755,107.72972632302,"MBI",1,108,2158.51550678302,539.628876695756,2.69529671681955,1.34764835840978,0.00299352693207797,53.8688866540405,26.9344433270202,0.0598293916931751,13.4672216635101,6.73361083175506,0.0149573479232938
"197",35500,"swb",25.0141666666667,3.13782951503433,19.9423262081106,1.60039192850529,5.39019080767518,26.932431580755,107.72972632302,"MBI",1,108,2158.51550678302,539.628876695756,0.201047416333028,0.100523708166514,0.00249913474803862,4.01818486808799,2.009092434044,0.0499483435850153,1.004546217022,0.502273108510999,0.0124870858962538
"198",35500,"total",25.0141666666667,3.13782951503433,19.9423262081106,1.60039192850529,5.39019080767518,26.932431580755,107.72972632302,"MBI",1,108,2158.51550678302,539.628876695756,3.84933053555857,1.92466526777929,0.0128147930317879,76.9337004790424,38.4668502395212,0.256119717364159,19.2334251197606,9.6167125598803,0.0640299293410397
