"","plot_ID","compartiment","stand_component","B_t_plot","C_t_plot","N_t_plot","Nt_plot","B_t_MA","C_t_MA","N_t_MA","Nt_MA","B_t_ha","C_t_ha","N_t_ha","Nt_ha"
"1",26010,"ag","LT",11.314485708824,5.65724285441202,0.028478702123233,387,56.5335482726194,28.2667741363097,0.142295648486234,1933.67014149312,226.134193090478,113.067096545239,0.569182593944936,7734.6805659725
"2",26010,"bg","LT",0.00857355634733521,0.00428677817366761,0.0011610035844036,387,0.0428383201944469,0.0214191600972235,0.00580102833418018,1933.67014149312,0.171353280777788,0.0856766403888938,0.0232041133367207,7734.6805659725
"3",26010,"f","LT",0.254303606594818,0.127151803297409,0.0011441237505784,387,1.27064416265223,0.635322081326116,0.0057166871696811,1933.67014149312,5.08257665060893,2.54128832530446,0.0228667486787244,7734.6805659725
"4",26010,"fw","LT",2.56026258319456,1.28013129159728,0.00397626746789037,387,12.7925150168097,6.39625750840487,0.0198676735846255,1933.67014149312,51.170060067239,25.5850300336195,0.0794706943385021,7734.6805659725
"5",26010,"stw","LT",0.252777374937938,0.126388687468969,0.0040026804192367,387,1.26301824899872,0.631509124499358,0.0199996475778222,1933.67014149312,5.05207299599487,2.52603649799743,0.0799985903112887,7734.6805659725
"6",26010,"stwb","LT",0.0151195714027257,0.00755978570136286,0.00734004609822512,387,0.0755459012238348,0.0377729506119174,0.036675007693336,1933.67014149312,0.302183604895339,0.15109180244767,0.146700030773344,7734.6805659725
"7",26010,"sw","LT",7.90251569746266,3.95125784873133,0.010652956168863,387,39.4854228601143,19.7427114300572,0.0532281738045615,1933.67014149312,157.941691440457,78.9708457202287,0.212912695218246,7734.6805659725
"8",26010,"swb","LT",0.583810481826166,0.291905240913083,0.00136262821843947,387,2.9170462454728,1.4585231227364,0.0068084586562077,1933.67014149312,11.6681849818912,5.83409249094559,0.0272338346248308,7734.6805659725
"9",26010,"total","LT",11.3230592651714,5.66152963258569,0.0296397057076366,387,56.5763865928139,28.2881932964069,0.148096676820414,1933.67014149312,226.305546371255,113.152773185628,0.592386707281656,7734.6805659725
"10",26020,"ag","LT",6.4353799992623,3.21768999963115,0.0350227407358611,621,32.1547859269653,16.0773929634826,0.174993354093513,3102.86604100059,128.619143707861,64.3095718539305,0.699973416374051,12411.4641640024
"11",26020,"bg","LT",0.00700069351566479,0.00350034675783239,0.00198008147590599,621,0.0349794109069393,0.0174897054534697,0.00989360317230763,3102.86604100059,0.139917643627757,0.0699588218138787,0.0395744126892305,12411.4641640024
"12",26020,"f","LT",0.2447417627612,0.1223708813806,0.00154796287673148,621,1.22286780110524,0.611433900552619,0.00773449507719759,3102.86604100059,4.89147120442095,2.44573560221048,0.0309379803087904,12411.4641640024
"13",26020,"fw","LT",1.80064734240256,0.90032367120128,0.00527769533534247,621,8.99704909912862,4.49852454956431,0.0263703407903082,3102.86604100059,35.9881963965145,17.9940981982572,0.105481363161233,12411.4641640024
"14",26020,"stw","LT",0.137778633927918,0.0688893169639589,0.00494422455358066,621,0.688419717214797,0.344209858607398,0.0247041327961139,3102.86604100059,2.75367886885919,1.37683943442959,0.0988165311844557,12411.4641640024
"15",26020,"stwb","LT",0.00867078708689943,0.00433539354344971,0.0101906454953822,621,0.043324139775663,0.0216620698878315,0.0509182090877568,3102.86604100059,0.173296559102652,0.086648279551326,0.203672836351027,12411.4641640024
"16",26020,"sw","LT",4.17141740343767,2.08570870171884,0.0115077393570526,621,20.8427526633907,10.4213763316954,0.0574991524310538,3102.86604100059,83.3710106535628,41.6855053267814,0.229996609724215,12411.4641640024
"17",26020,"swb","LT",0.316865832407252,0.158432916203626,0.00155447311777175,621,1.58324030745547,0.791620153727737,0.00776702391108256,3102.86604100059,6.3329612298219,3.16648061491095,0.0310680956443302,12411.4641640024
"18",26020,"total","LT",6.44238069277797,3.22119034638898,0.0370028222117671,621,32.1897653378722,16.0948826689361,0.18488695726582,3102.86604100059,128.759061351489,64.3795306757444,0.739547829063282,12411.4641640024
"19",26030,"ag","LT",10.7263658173907,5.36318290869533,0.0156522167793521,396,53.5949697876506,26.7974848938253,0.0782072977633353,1978.6392145511,214.379879150603,107.189939575301,0.312829191053341,7914.55685820442
"20",26030,"bg","LT",0.010462026085157,0.0052310130425785,0.0010602095497064,396,0.0522741794842126,0.0261370897421063,0.00529740452194609,1978.6392145511,0.20909671793685,0.104548358968425,0.0211896180877844,7914.55685820442
"21",26030,"f","LT",0.29582993274112,0.14791496637056,0.000633716586651274,396,1.47813309535251,0.739066547676256,0.00316640527590829,1978.6392145511,5.91253238141005,2.95626619070503,0.0126656211036332,7914.55685820442
"22",26030,"fw","LT",2.25164565285128,1.12582282642564,0.00173305305648203,396,11.2504908737501,5.62524543687507,0.00865930994558839,1978.6392145511,45.0019634950006,22.5009817475003,0.0346372397823535,7914.55685820442
"23",26030,"stw","LT",0.243127817381472,0.121563908690736,0.00211296403877625,396,1.21480362025051,0.607401810125253,0.0105575593587348,1978.6392145511,4.85921448100202,2.42960724050101,0.042230237434939,7914.55685820442
"24",26030,"stwb","LT",0.0142861654500419,0.00714308272502093,0.00348580280563688,396,0.0713817353157019,0.0356908676578509,0.0174170356702662,1978.6392145511,0.285526941262808,0.142763470631404,0.0696681426810647,7914.55685820442
"25",26030,"sw","LT",7.6549613887351,3.82748069436755,0.00720507209274024,396,38.2485019940047,19.1242509970023,0.0360006014807162,1978.6392145511,152.994007976019,76.4970039880093,0.144002405922865,7914.55685820442
"26",26030,"swb","LT",0.562344792972764,0.281172396486382,0.000481608199065392,396,2.80979156432963,1.40489578216481,0.00240638603212151,1978.6392145511,11.2391662573185,5.61958312865926,0.00962554412848606,7914.55685820442
"27",26030,"total","LT",10.7368278434758,5.36841392173791,0.0167124263290585,396,53.6472439671349,26.8236219835674,0.0835047022852814,1978.6392145511,214.588975868539,107.29448793427,0.334018809141126,7914.55685820442
"28",27011,"ag","LT",17.8695594338538,8.93477971692692,0.0212246632186271,423,89.2863915216536,44.6431957608268,0.106050381212162,2113.54643372504,357.145566086614,178.572783043307,0.424201524848647,8454.18573490017
"29",27011,"bg","LT",2.85603626915973,1.42801813457987,0.00135423388475288,423,14.2703670715648,7.13518353578242,0.00676651583344931,2113.54643372504,57.0814682862594,28.5407341431297,0.0270660633337973,8454.18573490017
"30",27011,"f","LT",1.02578668783045,0.512893343915225,0.00077014727289351,423,5.12540850077227,2.56270425038614,0.00384808988668356,2113.54643372504,20.5016340030891,10.2508170015445,0.0153923595467342,8454.18573490017
"31",27011,"fw","LT",2.05206409464217,1.02603204732109,0.00262479629472089,423,10.2532689101801,5.12663445509003,0.0131149618155131,2113.54643372504,41.0130756407203,20.5065378203601,0.0524598472620525,8454.18573490017
"32",27011,"stw","LT",0.54649615362886,0.27324807681443,0.00251346423170979,423,2.73060282871567,1.36530141435784,0.0125586840738196,2113.54643372504,10.9224113148627,5.46120565743135,0.0502347362952783,8454.18573490017
"33",27011,"stwb","LT",0.0487975524982872,0.0243987762491436,0.00343426281977735,423,0.243820078149564,0.121910039074782,0.0171595128492078,2113.54643372504,0.975280312598254,0.487640156299127,0.0686380513968314,8454.18573490017
"34",27011,"sw","LT",12.9825014847767,6.49125074238834,0.0111581559424247,423,64.8678953049169,32.4339476524584,0.055752436640803,2113.54643372504,259.471581219667,129.735790609834,0.223009746563212,8454.18573490017
"35",27011,"swb","LT",1.21391346047739,0.606956730238695,0.000723836657100841,423,6.06539589891918,3.03269794945959,0.00361669594613461,2113.54643372504,24.2615835956767,12.1307917978384,0.0144667837845384,8454.18573490017
"36",27011,"total","LT",20.7255957030136,10.3627978515068,0.02257889710338,423,103.556758593218,51.7783792966092,0.112816897045611,2113.54643372504,414.227034372874,207.113517186437,0.451267588182444,8454.18573490017
"37",27040,"ag","LT",0.0769123605222979,0.038456180261149,0.000880242751356568,27,0.384297506598765,0.192148753299382,0.00439818895494561,134.907219173939,1.53719002639506,0.76859501319753,0.0175927558197824,539.628876695756
"38",27040,"bg","LT",8.91567865854893e-05,4.45783932927447e-05,7.15184096048643e-07,27,0.000445477561064174,0.000222738780532087,3.57346287390184e-06,134.907219173939,0.0017819102442567,0.000890955122128348,1.42938514956073e-05,539.628876695756
"39",27040,"f","LT",0.00611056264245578,0.00305528132122789,3.34379232611951e-05,27,0.0305318153215505,0.0152659076607753,0.000167074712671089,134.907219173939,0.122127261286202,0.0610636306431011,0.000668298850684355,539.628876695756
"40",27040,"fw","LT",0.0455917374656584,0.0227958687328292,5.85742284635086e-05,27,0.227802019214824,0.113901009607412,0.000292669862121145,134.907219173939,0.911208076859297,0.455604038429648,0.00117067944848458,539.628876695756
"41",27040,"stw","LT",0.0012417286038489,0.000620864301924449,0.000225493125865771,27,0.00620437603385158,0.00310218801692579,0.00112669076123667,134.907219173939,0.0248175041354063,0.0124087520677032,0.00450676304494669,539.628876695756
"42",27040,"stwb","LT",9.07583396498452e-05,4.53791698249226e-05,0.00011544487573174,27,0.000453479822926091,0.000226739911463045,0.000576827672327779,134.907219173939,0.00181391929170436,0.000906959645852181,0.00230731068931111,539.628876695756
"43",27040,"sw","LT",0.0272937653855388,0.0136468826927694,0.000400324381471384,27,0.136375036627739,0.0681875183138694,0.00200024626191968,134.907219173939,0.545500146510955,0.272750073255478,0.00800098504767874,539.628876695756
"44",27040,"swb","LT",0.00269437072760205,0.00134718536380102,4.69682165629689e-05,27,0.0134625948994243,0.00673129744971213,0.00023467968466924,134.907219173939,0.053850379597697,0.0269251897988485,0.000938718738676958,539.628876695756
"45",27040,"total","LT",0.0770015173088834,0.0385007586544417,0.000880957935452616,27,0.384742984159829,0.192371492079915,0.00440176241781951,134.907219173939,1.53897193663932,0.769485968319658,0.017607049671278,539.628876695756
"46",29080,"ag","LT",4.48019237253856,2.24009618626928,0.0104520546659502,216,22.3855664571655,11.1927832285828,0.0522243566532344,1079.25775339151,89.5422658286621,44.771132914331,0.208897426612938,4317.03101356604
"47",29080,"bg","LT",0.606995232228018,0.303497616114009,0.00253230629235174,216,3.03289032710078,1.51644516355039,0.0126528296295496,1079.25775339151,12.1315613084031,6.06578065420157,0.0506113185181986,4317.03101356604
"48",29080,"f","LT",0.457313128938008,0.228656564469004,0.00109874545548897,216,2.28499416728739,1.1424970836437,0.0054899516288896,1079.25775339151,9.13997666914957,4.56998833457478,0.0219598065155584,4317.03101356604
"49",29080,"fw","LT",0.733005398474292,0.366502699237146,0.00118764638433539,216,3.66250814620932,1.83125407310466,0.00593415078046929,1079.25775339151,14.6500325848373,7.32501629241864,0.0237366031218771,4317.03101356604
"50",29080,"stw","LT",0.140771405082595,0.0703857025412974,0.00155466421341105,216,0.703373288848183,0.351686644424092,0.00776797873261198,1079.25775339151,2.81349315539273,1.40674657769637,0.0310719149304479,4317.03101356604
"51",29080,"stwb","LT",0.0120750020867875,0.00603750104339373,0.00301572930032099,216,0.0603335167795557,0.0301667583897779,0.0150682834699138,1079.25775339151,0.241334067118223,0.120667033559111,0.0602731338796552,4317.03101356604
"52",29080,"sw","LT",2.8521017906865,1.42605089534325,0.00246599700334136,216,14.2507081993528,7.12535409967642,0.0123215110448907,1079.25775339151,57.0028327974114,28.5014163987057,0.0492860441795628,4317.03101356604
"53",29080,"swb","LT",0.284925647270384,0.142462823635192,0.00112927230905242,216,1.42364913868823,0.711824569344113,0.00564248099645907,1079.25775339151,5.6945965547529,2.84729827737645,0.0225699239858363,4317.03101356604
"54",29080,"total","LT",5.08718760476658,2.54359380238329,0.0129843609583019,216,25.4184567842663,12.7092283921332,0.0648771862827841,1079.25775339151,101.673827137065,50.8369135685326,0.259508745131136,4317.03101356604
"55",29090,"ag","LT",1.27284805944028,0.636424029720138,0.0174068148981678,432,6.35986637518638,3.17993318759319,0.086974258984715,2158.51550678302,25.4394655007455,12.7197327503728,0.34789703593886,8634.06202713209
"56",29090,"bg","LT",0.238317369175959,0.11915868458798,0.000687892810268346,432,1.19076790949547,0.595383954747734,0.00343710022677958,2158.51550678302,4.76307163798187,2.38153581899094,0.0137484009071183,8634.06202713209
"57",29090,"f","LT",0.229164518300259,0.114582259150129,0.00151671237074031,432,1.14503510730456,0.57251755365228,0.00757834993419585,2158.51550678302,4.58014042921824,2.29007021460912,0.0303133997367834,8634.06202713209
"58",29090,"fw","LT",0.423993690491933,0.211996845245966,0.00228759270047585,432,2.11851147153935,1.05925573576967,0.0114301025860666,2158.51550678302,8.47404588615739,4.23702294307869,0.0457204103442664,8634.06202713209
"59",29090,"stw","LT",0.0165194841225525,0.00825974206127625,0.00214756259882016,432,0.0825406542652442,0.0412703271326221,0.0107304332669921,2158.51550678302,0.330162617060977,0.165081308530488,0.0429217330679682,8634.06202713209
"60",29090,"stwb","LT",0.00212442568607042,0.00106221284303521,0.0055044485106758,432,0.0106148282092388,0.0053074141046194,0.0275033274689408,2158.51550678302,0.0424593128369552,0.0212296564184776,0.110013309875763,8634.06202713209
"61",29090,"sw","LT",0.533876702247912,0.266938351123956,0.00429081248461985,432,2.66754893637107,1.33377446818553,0.0214393177887735,2158.51550678302,10.6701957454843,5.33509787274213,0.0857572711550939,8634.06202713209
"62",29090,"swb","LT",0.0708110465929538,0.0354055232964769,0.00165968623283579,432,0.353811903061171,0.176905951530585,0.00829272793974616,2158.51550678302,1.41524761224468,0.707623806122342,0.0331709117589847,8634.06202713209
"63",29090,"total","LT",1.51116542861624,0.755582714308118,0.0180947077084361,432,7.55063428468185,3.77531714234092,0.0904113592114946,2158.51550678302,30.2025371387274,15.1012685693637,0.361645436845978,8634.06202713209
"64",32010,"ag","LT",5.79286566616984,2.89643283308492,0.0307651940984535,486,28.9444221507837,14.4722110753919,0.153720251228475,2428.3299451309,115.777688603135,57.8888443015674,0.614881004913902,9713.3197805236
"65",32010,"bg","LT",0.00621081644754365,0.00310540822377182,0.00132897491682614,486,0.0310327398421435,0.0155163699210718,0.00664030779188635,2428.3299451309,0.124130959368574,0.0620654796842871,0.0265612311675454,9713.3197805236
"66",32010,"f","LT",0.200000565392605,0.100000282696303,0.00122892552267476,486,0.999315559641921,0.499657779820961,0.006140404623553,2428.3299451309,3.99726223856768,1.99863111928384,0.024561618494212,9713.3197805236
"67",32010,"fw","LT",1.47941290151231,0.739706450756154,0.00431577374487622,486,7.39198076122496,3.69599038061248,0.0215640383150055,2428.3299451309,29.5679230448998,14.7839615224499,0.0862561532600218,9713.3197805236
"68",32010,"stw","LT",0.126783796431542,0.063391898215771,0.00436814834775304,486,0.63348331158867,0.316741655794335,0.0218257313531333,2428.3299451309,2.53393324635468,1.26696662317734,0.0873029254125331,9713.3197805236
"69",32010,"stwb","LT",0.00788112410261607,0.00394056205130804,0.00761121126711852,486,0.039378538394394,0.019689269197197,0.0380299017256411,2428.3299451309,0.157514153577576,0.0787570767887881,0.152119606902565,9713.3197805236
"70",32010,"sw","LT",3.88456662424757,1.94228331212378,0.0117431844197506,486,19.4094844804865,9.70474224024323,0.0586755686783435,2428.3299451309,77.6379379219459,38.8189689609729,0.234702274713374,9713.3197805236
"71",32010,"swb","LT",0.294221219875805,0.147110609937902,0.00149795079628037,486,1.47009505908922,0.735047529544608,0.00748460653279898,2428.3299451309,5.88038023635686,2.94019011817843,0.0299384261311959,9713.3197805236
"72",32010,"total","LT",5.79907648261738,2.89953824130869,0.0320941690152796,486,28.9754548906259,14.4877274453129,0.160360559020362,2428.3299451309,115.901819562503,57.9509097812517,0.641442236081447,9713.3197805236
"73",32020,"ag","LT",11.8083658497721,5.90418292488603,0.00921684156977813,207,59.0012518437501,29.5006259218751,0.0460525357683529,1034.28868033353,236.005007375001,118.0025036875,0.184210143073412,4137.15472133413
"74",32020,"bg","LT",0.00995646644591191,0.00497823322295595,0.0019981715878337,207,0.0497481185561706,0.0248740592780853,0.00998399156840811,1034.28868033353,0.198992474224682,0.0994962371123412,0.0399359662736325,4137.15472133413
"75",32020,"f","LT",0.231455760913406,0.115727880456703,0.000829794173479716,207,1.15648344691169,0.578241723455846,0.00414611942336613,1034.28868033353,4.62593378764677,2.31296689382338,0.0165844776934645,4137.15472133413
"76",32020,"fw","LT",1.89193970779644,0.945969853898219,0.00104532017978044,207,9.45319721568785,4.72659860784392,0.00522300883705857,1034.28868033353,37.8127888627514,18.9063944313757,0.0208920353482343,4137.15472133413
"77",32020,"stw","LT",0.280344914886473,0.140172457443236,0.00149613946541022,207,1.40076121766254,0.70038060883127,0.00747555610277318,1034.28868033353,5.60304487065016,2.80152243532508,0.0299022244110927,4137.15472133413
"78",32020,"stwb","LT",0.0155735008891918,0.00778675044459589,0.00325079198546734,207,0.077813988806064,0.038906994403032,0.0162427891434195,1034.28868033353,0.311255955224256,0.155627977612128,0.064971156573678,4137.15472133413
"79",32020,"sw","LT",8.96789341325245,4.48394670662622,0.00155293098463592,207,44.8086504529693,22.4043252264846,0.00775931854467701,1034.28868033353,179.234601811877,89.6173009059386,0.0310372741787081,4137.15472133413
"80",32020,"swb","LT",0.652614312947509,0.326307156473754,0.00104186478100449,207,3.26082896862441,1.63041448431221,0.00520574371705855,1034.28868033353,13.0433158744976,6.52165793724882,0.0208229748682342,4137.15472133413
"81",32020,"total","LT",11.818322316218,5.90916115810898,0.0112150131576118,207,59.0509999623063,29.5254999811532,0.0560365273367611,1034.28868033353,236.203999849225,118.101999924613,0.224146109347044,4137.15472133413
"82",32050,"ag","LT",0.645481727948029,0.322740863974014,0.0143288410901841,288,3.22519055352065,1.61259527676032,0.0715949668689635,1439.01033785535,12.9007622140826,6.4503811070413,0.286379867475854,5756.04135142139
"83",32050,"bg","LT",0.000613033949043942,0.000306516974521971,0.000520835186741721,288,0.00306306316017542,0.00153153158008771,0.00260238617375054,1439.01033785535,0.0122522526407017,0.00612612632035085,0.0104095446950022,5756.04135142139
"84",32050,"f","LT",0.0319516016608726,0.0159758008304363,0.000584991800746221,288,0.15964821215636,0.0798241060781802,0.0029229487806751,1439.01033785535,0.638592848625441,0.319296424312721,0.0116917951227004,5756.04135142139
"85",32050,"fw","LT",0.337874485177621,0.168937242588811,0.00171340174482532,288,1.68821137870886,0.844105689354429,0.00856112091563552,1439.01033785535,6.75284551483543,3.37642275741771,0.0342444836625421,5756.04135142139
"86",32050,"stw","LT",0.0128157219014412,0.00640786095072059,0.0021741833279598,288,0.0640345704974065,0.0320172852487032,0.0108634454351629,1439.01033785535,0.256138281989626,0.128069140994813,0.0434537817406514,5756.04135142139
"87",32050,"stwb","LT",0.000975266444393476,0.000487633222196738,0.00483309566263548,288,0.00487298088765847,0.00243649044382924,0.0241488702165844,1439.01033785535,0.0194919235506339,0.00974596177531694,0.0965954808663376,5756.04135142139
"88",32050,"sw","LT",0.26399261616828,0.13199630808414,0.00452421165442685,288,1.3190559159154,0.659527957957698,0.0226055116019649,1439.01033785535,5.27622366366159,2.63811183183079,0.0904220464078596,5756.04135142139
"89",32050,"swb","LT",0.0298236382562924,0.0149118191281462,0.000498956899590458,288,0.14901570751133,0.0745078537556651,0.0024930699189407,1439.01033785535,0.59606283004532,0.29803141502266,0.00997227967576281,5756.04135142139
"90",32050,"total","LT",0.646094761897073,0.323047380948536,0.0148496762769259,288,3.22825361668082,1.61412680834041,0.074197353042714,1439.01033785535,12.9130144667233,6.45650723336165,0.296789412170856,5756.04135142139
"91",32070,"ag","LT",12.6539932178336,6.32699660891678,0.0298484570493702,423,63.2264828319929,31.6132414159964,0.149139716191233,2113.54643372504,252.905931327972,126.452965663986,0.596558864764931,8454.18573490017
"92",32070,"bg","LT",0.0112433777468069,0.00562168887340347,0.00172234722410605,423,0.056178252812736,0.028089126406368,0.00860581757244816,2113.54643372504,0.224713011250944,0.112356505625472,0.0344232702897926,8454.18573490017
"93",32070,"f","LT",0.293002860783283,0.146501430391641,0.00127914024003182,423,1.46400745030672,0.73200372515336,0.0063913056561547,2113.54643372504,5.85602980122688,2.92801490061344,0.0255652226246188,8454.18573490017
"94",32070,"fw","LT",2.43557119861851,1.21778559930926,0.00427659420150137,423,12.1694865742874,6.08474328714372,0.0213682752318497,2113.54643372504,48.6779462971498,24.3389731485749,0.0854731009273988,8454.18573490017
"95",32070,"stw","LT",0.290405741484159,0.145202870742079,0.00351534842512514,423,1.45103077836199,0.725515389180994,0.0175646622393007,2113.54643372504,5.80412311344795,2.90206155672398,0.0702586489572028,8454.18573490017
"96",32070,"stwb","LT",0.0171897995417858,0.00859489977089292,0.00620310881738366,423,0.0858899279385102,0.0429449639692551,0.0309942281772804,2113.54643372504,0.343559711754041,0.17177985587702,0.123976912709121,8454.18573490017
"97",32070,"sw","LT",9.22411834149807,4.61205917074903,0.0133267527887749,423,46.0888946215863,23.0444473107931,0.0665879688648949,2113.54643372504,184.355578486345,92.1777892431725,0.26635187545958,8454.18573490017
"98",32070,"swb","LT",0.686708136691034,0.343354068345517,0.00124751257655324,423,3.43118092981869,1.71559046490934,0.00623327602175232,2113.54643372504,13.7247237192747,6.86236185963737,0.0249331040870093,8454.18573490017
"99",32070,"total","LT",12.6652365955804,6.33261829779018,0.0315708042734762,423,63.2826610848056,31.6413305424028,0.157745533763681,2113.54643372504,253.130644339223,126.565322169611,0.630982135054723,8454.18573490017
"100",32080,"ag","LT",4.86665743607177,2.43332871803589,0.0549038822289367,495,24.3165637545413,12.1582818772706,0.274330743457752,2473.29901818888,97.266255018165,48.6331275090825,1.09732297383101,9893.19607275552
"101",32080,"bg","LT",0.0036604270731255,0.00183021353656275,0.00107555451318414,495,0.018289556941643,0.0091447784708215,0.00537407660902413,2473.29901818888,0.073158227766572,0.036579113883286,0.0214963064360965,9893.19607275552
"102",32080,"f","LT",0.123107974616916,0.0615539873084578,0.00358437978092598,495,0.615116833840887,0.307558416920444,0.0179095818040006,2473.29901818888,2.46046733536355,1.23023366768177,0.0716383272160024,9893.19607275552
"103",32080,"fw","LT",1.36199028948765,0.680995144743824,0.00656345969249879,495,6.80527120358098,3.40263560179049,0.0327947442694536,2473.29901818888,27.2210848143239,13.610542407162,0.131178977077814,9893.19607275552
"104",32080,"stw","LT",0.105046326492125,0.0525231632460625,0.00447130631294252,495,0.524870658944084,0.262435329472042,0.0223411666945909,2473.29901818888,2.09948263577634,1.04974131788817,0.0893646667783635,9893.19607275552
"105",32080,"stwb","LT",0.00695338305712496,0.00347669152856248,0.0165885528756262,495,0.0347430211884411,0.0173715105942206,0.0828857606877994,2473.29901818888,0.138972084753764,0.0694860423768822,0.331543042751198,9893.19607275552
"106",32080,"sw","LT",3.14039839959171,1.57019919979586,0.0196597006630352,495,15.6912005624891,7.84560028124456,0.0982309461571155,2473.29901818888,62.7648022499565,31.3824011249782,0.392923784628462,9893.19607275552
"107",32080,"swb","LT",0.252269037443161,0.126134518721581,0.00403648290390802,495,1.26047830833863,0.630239154169317,0.0201685438447918,2473.29901818888,5.04191323335454,2.52095661667727,0.080674175379167,9893.19607275552
"108",32080,"total","LT",4.8703178631449,2.43515893157245,0.0559794367421209,495,24.3348533114829,12.1674266557415,0.279704820066776,2473.29901818888,97.3394132459316,48.6697066229658,1.1188192802671,9893.19607275552
"109",32090,"ag","LT",1.15964965962701,0.579824829813504,0.00822308109285661,297,5.79426336282535,2.89713168141267,0.0410871482695956,1483.97941091333,23.1770534513014,11.5885267256507,0.164348593078382,5935.91764365331
"110",32090,"bg","LT",0.00140958210293896,0.000704791051469482,0.000642827020892847,297,0.00704306672980921,0.0035215333649046,0.00321192614068598,1483.97941091333,0.0281722669192368,0.0140861334596184,0.0128477045627439,5935.91764365331
"111",32090,"f","LT",0.0587337119529496,0.0293668559764748,0.000515875102373221,297,0.293466731530947,0.146733365765473,0.00257760279637934,1483.97941091333,1.17386692612379,0.586933463061893,0.0103104111855174,5935.91764365331
"112",32090,"fw","LT",0.42658834731102,0.21329417365551,0.000953804160910602,297,2.13147583954578,1.06573791977289,0.00476574322166598,1483.97941091333,8.52590335818313,4.26295167909157,0.0190629728866639,5935.91764365331
"113",32090,"stw","LT",0.0236678254859191,0.0118339127429596,0.00149434049267173,297,0.118257797044423,0.0591288985222117,0.00746656742093914,1483.97941091333,0.473031188177694,0.236515594088847,0.0298662696837566,5935.91764365331
"114",32090,"stwb","LT",0.00165064736516591,0.000825323682582956,0.0029680580057274,297,0.00824756466190083,0.00412378233095041,0.0148300908110974,1483.97941091333,0.0329902586476033,0.0164951293238017,0.0593203632443896,5935.91764365331
"115",32090,"sw","LT",0.652018540407323,0.326009270203661,0.00184738542893613,297,3.25785215319268,1.62892607659634,0.00923057892445286,1483.97941091333,13.0314086127707,6.51570430638537,0.0369223156978114,5935.91764365331
"116",32090,"swb","LT",0.05572429905758,0.02786214952879,0.000443617902237539,297,0.278430008380558,0.139215004190279,0.00221656509506084,1483.97941091333,1.11372003352223,0.556860016761116,0.00886626038024336,5935.91764365331
"117",32090,"total","LT",1.16105924172995,0.580529620864973,0.00886590811374946,297,5.80130642955516,2.90065321477758,0.0442990744102815,1483.97941091333,23.2052257182206,11.6026128591103,0.177196297641126,5935.91764365331
"118",33010,"ag","LT",3.36806970256458,1.68403485128229,0.0386506326513002,576,16.8287747243327,8.41438736216634,0.193120347048161,2878.0206757107,67.3150988973307,33.6575494486654,0.772481388192645,11512.0827028428
"119",33010,"bg","LT",0.00402127430103235,0.00201063715051618,0.000767377721978457,576,0.0200925530921444,0.0100462765460722,0.00383425164919058,2878.0206757107,0.0803702123685777,0.0401851061842889,0.0153370065967623,11512.0827028428
"120",33010,"f","LT",0.156806060867962,0.0784030304339812,0.00222372067195165,576,0.783491467456156,0.391745733728078,0.0111109619286148,2878.0206757107,3.13396586982462,1.56698293491231,0.0444438477144592,11512.0827028428
"121",33010,"fw","LT",1.10261549754517,0.551307748772583,0.00462650534063146,576,5.50928854044101,2.75464427022051,0.0231166285184432,2878.0206757107,22.037154161764,11.018577080882,0.0924665140737729,11512.0827028428
"122",33010,"stw","LT",0.0696767741341568,0.0348383870670784,0.00464433515829734,576,0.348144438498138,0.174072219249069,0.0232057163376907,2878.0206757107,1.39257775399255,0.696288876996276,0.0928228653507628,11512.0827028428
"123",33010,"stwb","LT",0.00467311200386058,0.00233655600193029,0.0103093383510747,576,0.0233495016788586,0.0116747508394293,0.0515112654987679,2878.0206757107,0.0933980067154346,0.0466990033577173,0.206045061995072,11512.0827028428
"124",33010,"sw","LT",2.02798897937744,1.01399448968872,0.0147116124684651,576,10.1329760638224,5.06648803191121,0.0735075084327881,2878.0206757107,40.5319042552897,20.2659521276448,0.294030033731152,11512.0827028428
"125",33010,"swb","LT",0.163115339503951,0.0815576697519756,0.00213512066087989,576,0.815016179892259,0.40750808994613,0.0106682663318566,2878.0206757107,3.26006471956904,1.63003235978452,0.0426730653274264,11512.0827028428
"126",33010,"total","LT",3.37209097686561,1.6860454884328,0.0394180103732787,576,16.8488672774248,8.42443363871241,0.196954598697352,2878.0206757107,67.3954691096993,33.6977345548497,0.787818394789408,11512.0827028428
"127",33040,"ag","LT",11.0097730215865,5.50488651079327,0.0418505814063516,513,55.0110319288331,27.5055159644166,0.209109094753461,2563.23716430484,220.044127715332,110.022063857666,0.836436379013845,10252.9486572194
"128",33040,"bg","LT",0.00883315855703245,0.00441657927851622,0.000374269739714665,513,0.0441354391648789,0.0220677195824395,0.0018700625854022,2563.23716430484,0.176541756659516,0.0882708783297578,0.00748025034160879,10252.9486572194
"129",33040,"f","LT",0.200078340473453,0.100039170236727,0.0017496559206058,513,0.99970416778556,0.49985208389278,0.00874226721333878,2563.23716430484,3.99881667114224,1.99940833557112,0.0349690688533551,10252.9486572194
"130",33040,"fw","LT",1.82000469530703,0.910002347653515,0.00487539669143029,513,9.09376934545865,4.54688467272932,0.0243602300003956,2563.23716430484,36.3750773818346,18.1875386909173,0.0974409200015826,10252.9486572194
"131",33040,"stw","LT",0.25565650165919,0.127828250829595,0.00586098958322031,513,1.2774039889844,0.6387019944922,0.029284807639988,2563.23716430484,5.1096159559376,2.5548079779688,0.117139230559952,10252.9486572194
"132",33040,"stwb","LT",0.0159131311137113,0.00795656555685564,0.0128857039804472,513,0.0795109728481879,0.039755486424094,0.0643842404111363,2563.23716430484,0.318043891392752,0.159021945696376,0.257536961644545,10252.9486572194
"133",33040,"sw","LT",8.27133006651836,4.13566503325918,0.0148160514599056,513,41.3282273386586,20.6641136693293,0.0740293445034757,2563.23716430484,165.312909354635,82.6564546773173,0.296117378013903,10252.9486572194
"134",33040,"swb","LT",0.64686862698824,0.32343431349412,0.00166278377074247,513,3.23212028288324,1.61606014144162,0.00830820498512677,2563.23716430484,12.9284811315329,6.46424056576647,0.0332328199405071,10252.9486572194
"135",33040,"total","LT",11.0186061801436,5.50930309007178,0.0422248511460663,513,55.055167367998,27.527583683999,0.210979157338863,2563.23716430484,220.220669471992,110.110334735996,0.843916629355454,10252.9486572194
"136",33050,"ag","LT",9.81101760850153,4.90550880425076,0.00599449546972794,432,49.02137417887,24.510687089435,0.0299518783026582,2158.51550678302,196.08549671548,98.0427483577399,0.119807513210633,8634.06202713209
"137",33050,"bg","LT",0.00966484175251048,0.00483242087625524,0.00284344622358221,432,0.0482909972069395,0.0241454986034698,0.0142074601071894,2158.51550678302,0.193163988827758,0.0965819944138791,0.0568298404287577,8634.06202713209
"138",33050,"f","LT",0.280507616673356,0.140253808336678,0.000688280296379288,432,1.40157416750043,0.700787083750217,0.00343903632580534,2158.51550678302,5.60629667000173,2.80314833500087,0.0137561453032214,8634.06202713209
"139",33050,"fw","LT",2.12497474884181,1.06248737442091,0.00165232962183861,432,10.6175716363366,5.3087858181683,0.00825597016448048,2158.51550678302,42.4702865453464,21.2351432726732,0.0330238806579219,8634.06202713209
"140",33050,"stw","LT",0.220871904101473,0.110435952050737,0.000956713968387669,432,1.1036005324438,0.551800266221902,0.00478028226000163,2158.51550678302,4.41440212977521,2.20720106488761,0.0191211290400065,8634.06202713209
"141",33050,"stwb","LT",0.0131597681430888,0.00657988407154438,0.000774200629360618,432,0.0657536194502924,0.0328768097251462,0.00386834274036127,2158.51550678302,0.26301447780117,0.131507238900585,0.0154733709614451,8634.06202713209
"142",33050,"sw","LT",6.93796153712365,3.46898076856182,0.00121254164700714,432,34.6659665818184,17.3329832909092,0.00605854154556743,2158.51550678302,138.663866327274,69.3319331636369,0.0242341661822697,8634.06202713209
"143",33050,"swb","LT",0.514049650291504,0.257024825145752,0.000710429306754615,432,2.56848180882084,1.28424090441042,0.00354970526644201,2158.51550678302,10.2739272352834,5.13696361764168,0.0141988210657681,8634.06202713209
"144",33050,"total","LT",9.82068245025404,4.91034122512702,0.00883794169331015,432,49.0696651760769,24.5348325880385,0.0441593384098476,2158.51550678302,196.278660704308,98.1393303521538,0.17663735363939,8634.06202713209
"145",33300,"ag","LT",5.08647469308283,2.54323734654142,0.0421996612041139,540,25.4148946756452,12.7074473378226,0.210853294189977,2698.14438347878,101.659578702581,50.8297893512903,0.843413176759906,10792.5775339151
"146",33300,"bg","LT",0.00581287421998299,0.00290643710999149,0.000640144728156299,540,0.0290443961639179,0.014522198081959,0.0031985238942379,2698.14438347878,0.116177584655672,0.0580887923278358,0.0127940955769516,10792.5775339151
"147",33300,"f","LT",0.208480771835668,0.104240385917834,0.00209962105507082,540,1.04168745109579,0.520843725547896,0.0104908902910613,2698.14438347878,4.16674980438317,2.08337490219159,0.0419635611642453,10792.5775339151
"148",33300,"fw","LT",1.46244811447283,0.731224057236413,0.00488204469199422,540,7.30721512258146,3.65360756129073,0.0243934471585122,2698.14438347878,29.2288604903258,14.6144302451629,0.0975737886340488,10792.5775339151
"149",33300,"stw","LT",0.107994232394716,0.053997116197358,0.00595458430059191,540,0.539600058488713,0.269800029244356,0.0297524596048018,2698.14438347878,2.15840023395485,1.07920011697743,0.119009838419207,10792.5775339151
"150",33300,"stwb","LT",0.00686817648895638,0.00343408824447819,0.012985000100441,540,0.0343172811452197,0.0171586405726099,0.0648803797971784,2698.14438347878,0.137269124580879,0.0686345622904394,0.259521519188714,10792.5775339151
"151",33300,"sw","LT",3.25951794753982,1.62975897376991,0.0144959639336231,540,16.2863889685238,8.14319448426188,0.0724300067974373,2698.14438347878,65.145555874095,32.5727779370475,0.289720027189749,10792.5775339151
"152",33300,"swb","LT",0.249646222186518,0.124823111093259,0.00178244712239286,540,1.24737324490602,0.623686622453009,0.00890611054098556,2698.14438347878,4.98949297962407,2.49474648981204,0.0356244421639423,10792.5775339151
"153",33300,"total","LT",5.09228756730282,2.54614378365141,0.0428398059322702,540,25.4439390718091,12.7219695359045,0.214051818084214,2698.14438347878,101.775756287236,50.8878781436182,0.856207272336858,10792.5775339151
"154",34010,"ag","LT",11.498380520371,5.74919026018548,0.0416644535683571,936,57.452390407668,28.726195203834,0.208179095159584,4676.78359802988,229.809561630672,114.904780815336,0.832716380638334,18707.1343921195
"155",34010,"bg","LT",1.44699351915546,0.723496759577732,0.00434615813477271,936,7.22999525303613,3.61499762651806,0.0217158558537919,4676.78359802988,28.9199810121445,14.4599905060723,0.0868634234151674,18707.1343921195
"156",34010,"f","LT",1.35032278924547,0.675161394622734,0.00231947415206634,936,6.74697379571492,3.37348689785746,0.0115894002889296,4676.78359802988,26.9878951828597,13.4939475914298,0.0463576011557186,18707.1343921195
"157",34010,"fw","LT",1.97198618436336,0.985993092181679,0.00543286636880151,936,9.85315453266248,4.92657726633124,0.0271456627392084,4676.78359802988,39.4126181306499,19.706309065325,0.108582650956834,18707.1343921195
"158",34010,"stw","LT",0.352034233192768,0.176017116596384,0.00530072648845416,936,1.75896146126171,0.879480730630856,0.0264854174132959,4676.78359802988,7.03584584504685,3.51792292252342,0.105941669653184,18707.1343921195
"159",34010,"stwb","LT",0.0307642513338323,0.0153821256669161,0.0106105661242422,936,0.153715540645017,0.0768577703225083,0.053016369247508,4676.78359802988,0.614862162580067,0.307431081290033,0.212065476990032,18707.1343921195
"160",34010,"sw","LT",7.04737883474057,3.52368941737028,0.0155442951983884,936,35.2126770763009,17.6063385381504,0.0776680607123479,4676.78359802988,140.850708305204,70.4253541526018,0.310672242849391,18707.1343921195
"161",34010,"swb","LT",0.745894227494974,0.372947113747487,0.00245652523640448,936,3.72690800108297,1.86345400054149,0.0122741847582937,4676.78359802988,14.9076320043319,7.45381600216595,0.0490967390331749,18707.1343921195
"162",34010,"total","LT",12.9453740395264,6.47268701976322,0.0460106117031299,936,64.6823856607041,32.3411928303521,0.229894951013375,4676.78359802988,258.729542642816,129.364771321408,0.919579804053502,18707.1343921195
"163",34020,"ag","LT",1.34480778439721,0.672403892198605,0.0374662082975787,621,6.71941772283309,3.35970886141655,0.187202295348811,3102.86604100059,26.8776708913324,13.4388354456662,0.748809181395243,12411.4641640024
"164",34020,"bg","LT",0.252594546047087,0.126297273023544,0.00112806219903798,621,1.2621047328043,0.631052366402148,0.00563643460472044,3102.86604100059,5.04841893121718,2.52420946560859,0.0225457384188818,12411.4641640024
"165",34020,"f","LT",0.28859302749452,0.14429651374726,0.00182067306357796,621,1.44197343749162,0.720986718745811,0.00909710889008145,3102.86604100059,5.76789374996649,2.88394687498324,0.0363884355603258,12411.4641640024
"166",34020,"fw","LT",0.488584448803032,0.244292224401516,0.00619482588424625,621,2.44124330813514,1.22062165406757,0.0309528419744592,3102.86604100059,9.76497323254057,4.88248661627028,0.123811367897837,12411.4641640024
"167",34020,"stw","LT",0.0140527547990043,0.00702637739950217,0.00567285909092481,621,0.0702154841358111,0.0351077420679056,0.0283448016563802,3102.86604100059,0.280861936543244,0.140430968271622,0.113379206625521,12411.4641640024
"168",34020,"stwb","LT",0.00203760466743821,0.0010188023337191,0.0115687635660478,621,0.0101810214614788,0.00509051073073939,0.0578040637768997,3102.86604100059,0.0407240858459151,0.0203620429229576,0.231216255107599,12411.4641640024
"169",34020,"sw","LT",0.481892427972639,0.24094621398632,0.0104443111635392,621,2.40780619995431,1.20390309997716,0.0521856657503854,3102.86604100059,9.63122479981725,4.81561239990862,0.208742663001541,12411.4641640024
"170",34020,"swb","LT",0.069647520660575,0.0348237603302875,0.00176477552924258,621,0.347998271654727,0.173999135827363,0.00881781330060494,3102.86604100059,1.39199308661891,0.695996543309454,0.0352712532024198,12411.4641640024
"171",34020,"total","LT",1.5974023304443,0.798701165222148,0.0385942704966166,621,7.98152245563739,3.99076122781869,0.192838729953531,3102.86604100059,31.9260898225496,15.9630449112748,0.771354919814125,12411.4641640024
"172",34030,"ag","LT",11.1895222104999,5.59476110524993,0.0656778024096199,675,55.9091601964283,27.9545800982141,0.328163321649528,3372.68047934847,223.636640785713,111.818320392857,1.31265328659811,13490.7219173939
"173",34030,"bg","LT",1.46260037272362,0.731300186361808,0.0041079689814172,675,7.30797589062628,3.65398794531314,0.0205257285828071,3372.68047934847,29.2319035625051,14.6159517812526,0.0821029143312285,13490.7219173939
"174",34030,"f","LT",1.14503848241345,0.572519241206727,0.00369655392687192,675,5.72125768553875,2.86062884276938,0.0184700670666961,3372.68047934847,22.885030742155,11.4425153710775,0.0738802682667844,13490.7219173939
"175",34030,"fw","LT",1.79526488991479,0.897632444957395,0.00621772429149246,675,8.970155332556,4.485077666278,0.0310672553242777,3372.68047934847,35.880621330224,17.940310665112,0.124269021297111,13490.7219173939
"176",34030,"stw","LT",0.34985172848214,0.17492586424107,0.0079268368356561,675,1.7480564375082,0.8740282187541,0.0396069449757004,3372.68047934847,6.9922257500328,3.4961128750164,0.158427779902801,13490.7219173939
"177",34030,"stwb","LT",0.0303577191232577,0.0151788595616289,0.0320677931044784,675,0.151684276569711,0.0758421382848557,0.160228770102607,3372.68047934847,0.606737106278845,0.303368553139423,0.640915080410428,13490.7219173939
"178",34030,"sw","LT",7.14304741156238,3.57152370578119,0.0127500170240753,675,35.6906912119068,17.8453456059534,0.0637062718940142,3372.68047934847,142.762764847627,71.3813824238136,0.254825087576057,13490.7219173939
"179",34030,"swb","LT",0.725961979003842,0.362980989501921,0.00301887722704578,675,3.6273152523488,1.8136576261744,0.0150840122862325,3372.68047934847,14.5092610093952,7.25463050469761,0.0603360491449301,13490.7219173939
"180",34030,"total","LT",12.6521225832235,6.32606129161174,0.0697857713910371,675,63.2171360870545,31.6085680435273,0.348689050232335,3372.68047934847,252.868544348218,126.434272174109,1.39475620092934,13490.7219173939
"181",34040,"ag","LT",11.5392340855132,5.7696170427566,0.0140068405561801,189,57.6565178471747,28.8282589235873,0.0699860706980372,944.350534217572,230.626071388699,115.313035694349,0.279944282792149,3777.40213687029
"182",34040,"bg","LT",1.65158757740598,0.825793788702992,1.0292126917504e-05,189,8.25226249222459,4.1261312461123,5.14252674750264e-05,944.350534217572,33.0090499688984,16.5045249844492,0.000205701069900106,3777.40213687029
"183",34040,"f","LT",0.671543408605049,0.335771704302524,0.000820451946173054,189,3.35540940035168,1.67770470017584,0.00409944038977974,944.350534217572,13.4216376014067,6.71081880070335,0.0163977615591189,3777.40213687029
"184",34040,"fw","LT",1.34950098775548,0.674750493877739,0.00267322460195417,189,6.74286761224353,3.37143380612177,0.0133569369361851,944.350534217572,26.9714704489741,13.4857352244871,0.0534277477447404,3777.40213687029
"185",34040,"stw","LT",0.375397260598436,0.187698630299218,0.00226353469952031,189,1.87569631529072,0.93784815764536,0.0113098952524445,944.350534217572,7.50278526116288,3.75139263058144,0.0452395810097781,3777.40213687029
"186",34040,"stwb","LT",0.0322966132617332,0.0161483066308666,0.00368177602001424,189,0.161372084588021,0.0806860422940107,0.0183962283141264,944.350534217572,0.645488338352086,0.322744169176043,0.0735849132565057,3777.40213687029
"187",34040,"sw","LT",8.37270574574787,4.18635287287394,0.00384209478793496,189,41.8347573748335,20.9173786874168,0.0191972712460367,944.350534217572,167.339029499334,83.6695147496671,0.0767890849841467,3777.40213687029
"188",34040,"swb","LT",0.73779006954464,0.36889503477232,0.000725758500583345,189,3.6864150598672,1.8432075299336,0.00362629855946469,944.350534217572,14.7456602394688,7.37283011973439,0.0145051942378587,3777.40213687029
"189",34040,"total","LT",13.1908216629192,6.5954108314596,0.0140171326830976,189,65.9087803393993,32.9543901696996,0.0700374959655122,944.350534217572,263.635121357597,131.817560678799,0.280149983862049,3777.40213687029
"190",35500,"ag","LT",3.77421847791968,1.88710923895984,0.00419940457152413,108,18.8581229411496,9.42906147057482,0.0209825923307647,539.628876695756,75.4324917645985,37.7162458822993,0.0839303693230588,2158.51550678302
"191",35500,"bg","LT",0.00269395173807437,0.00134697586903719,0.000464602215740097,108,0.0134605013915709,0.00673025069578543,0.00232141455361285,539.628876695756,0.0538420055662834,0.0269210027831417,0.0092856582144514,2158.51550678302
"192",35500,"f","LT",0.0746872087412579,0.037343604370629,0.000225191025663198,108,0.373179394042467,0.186589697021233,0.00112518129833886,539.628876695756,1.49271757616987,0.746358788084934,0.00450072519335543,2158.51550678302
"193",35500,"fw","LT",0.787556335333765,0.393778167666882,0.000692236701915912,108,3.93507537565542,1.96753768782771,0.00345880475798573,539.628876695756,15.7403015026217,7.87015075131084,0.0138352190319429,2158.51550678302
"194",35500,"stw","LT",0.0851839088929355,0.0425919544464678,0.000610100473999799,108,0.425626824707855,0.212813412353928,0.00304840586533388,539.628876695756,1.70250729883142,0.851253649415711,0.0121936234613355,2158.51550678302
"195",35500,"stwb","LT",0.00513410054039781,0.00256705027019891,0.00193449982918914,108,0.0256528602542402,0.0128264301271201,0.00966585157216171,539.628876695756,0.102611441016961,0.0513057205084804,0.0386634062886468,2158.51550678302
"196",35500,"sw","LT",2.69529671681955,1.34764835840978,0.000565558891809193,108,13.4672216635101,6.73361083175506,0.00282585101381751,539.628876695756,53.8688866540405,26.9344433270202,0.01130340405527,2158.51550678302
"197",35500,"swb","LT",0.201047416333028,0.100523708166514,0.000171817648946892,108,1.004546217022,0.502273108510999,0.00085849782312701,539.628876695756,4.01818486808799,2.009092434044,0.00343399129250804,2158.51550678302
"198",35500,"total","LT",3.77691242965775,1.88845621482888,0.00466400678726423,108,18.8715834425412,9.4357917212706,0.0233040068843775,539.628876695756,75.4863337701648,37.7431668850824,0.0932160275375102,2158.51550678302
"199",26010,"ag","RG",0.0102308448544196,0.00511542242720978,4.91933724271337e-05,NA,0.154123152657693,0.0770615763288465,0.000741076397523381,NA,0.616492610630772,0.308246305315386,0.00296430559009353,NA
"200",26010,"bg","RG",0.000615206613361356,0.000307603306680678,2.38463573354935e-06,NA,0.00926781552612001,0.00463390776306001,3.59234826081885e-05,NA,0.0370712621044801,0.01853563105224,0.000143693930432754,NA
"201",26010,"f","RG",0.00222470798560106,0.00111235399280053,1.66799640885808e-05,NA,0.0335142418209443,0.0167571209104722,0.000251276281492886,NA,0.134056967283777,0.0670284836418887,0.00100510512597155,NA
"202",26010,"stem","RG",0.00913844571425442,0.00456922285712721,4.01144991270141e-05,NA,0.137666642776198,0.0688333213880988,0.000604307186817414,NA,0.55066657110479,0.275333285552395,0.00241722874726965,NA
"203",26010,"total","RG",0.0108460514677809,0.00542302573389045,5.11349193979145e-05,12,0.163390968183813,0.0816954840919065,0.000770324943897387,180.774692433477,0.653563872735252,0.326781936367626,0.00308129977558955,723.098769733908
"204",26020,"ag","RG",0.0208975279474876,0.0104487639737438,2.18100450973635e-05,NA,0.279353601608257,0.139676800804128,0.000291551932099198,NA,1.11741440643303,0.558707203216514,0.00116620772839679,NA
"205",26020,"bg","RG",0.00278373886118078,0.00139186943059039,8.53690721022834e-06,NA,0.037212414729715,0.0186062073648575,0.000114119516038714,NA,0.14884965891886,0.0744248294594301,0.000456478064154856,NA
"206",26020,"f","RG",0.0065781416471008,0.0032890708235504,1.72988281172724e-05,NA,0.0879351646579714,0.0439675823289857,0.000231246966162963,NA,0.351740658631886,0.175870329315943,0.00092498786465185,NA
"207",26020,"stem","RG",0.020011427603856,0.010005713801928,0.000108829214296475,NA,0.267508405228961,0.133754202614481,0.00145480523104515,NA,1.07003362091585,0.535016810457923,0.00581922092418061,NA
"208",26020,"total","RG",0.0236812668086684,0.0118406334043342,2.2186147360251e-05,36,0.316566016337972,0.158283008168986,0.000296579585225187,481.240158317688,1.26626406535189,0.633132032675944,0.00118631834090075,1924.96063327075
"209",26030,"ag","RG",0.0321049806262628,0.0160524903131314,1.576827e-05,NA,0.730231912294888,0.365115956147444,0.000358651328581177,NA,2.92092764917955,1.46046382458978,0.00143460531432471,NA
"210",26030,"bg","RG",0.00235014821778808,0.00117507410889404,7.12792083588918e-06,NA,0.0534544233877514,0.0267272116938757,0.000162125475896412,NA,0.213817693551006,0.106908846775503,0.000648501903585646,NA
"211",26030,"f","RG",0.00644558888996879,0.00322279444498439,1.576827e-05,NA,0.146605748054503,0.0733028740272516,0.000358651328581177,NA,0.586422992218012,0.293211496109006,0.00143460531432471,NA
"212",26030,"stem","RG",0.0318630929863275,0.0159315464931638,0.00015010785668492,NA,0.724730146823459,0.36236507341173,0.00341422250066237,NA,2.89892058729384,1.44946029364692,0.0136568900026495,NA
"213",26030,"total","RG",0.0344551288440509,0.0172275644220255,1.576827e-05,40,0.783686335682639,0.39184316784132,0.000358651328581177,909.805143065604,3.13474534273056,1.56737267136528,0.00143460531432471,3639.22057226242
"214",27011,"ag","RG",0.00122873246544128,0.00061436623272064,1.00494564432955e-05,NA,0.228195343663179,0.114097671831589,0.00186634538534993,NA,0.912781374652715,0.456390687326358,0.00746538154139971,NA
"215",27011,"bg","RG",0.000677969424801753,0.000338984712400876,2.80679341867926e-06,NA,0.125909805622498,0.0629549028112488,0.00052126659527714,NA,0.50363922248999,0.251819611244995,0.00208506638110856,NA
"216",27011,"f","RG",0.00054581023113886,0.00027290511556943,7.08352517972012e-06,NA,0.101365721809003,0.0506828609045015,0.00131552433763724,NA,0.405462887236012,0.202731443618006,0.00526209735054897,NA
"217",27011,"stem","RG",0.000682922234302419,0.00034146111715121,2.96593126357541e-06,NA,0.126829621854176,0.0634148109270879,0.000550821047712686,NA,0.507318487416703,0.253659243708352,0.00220328419085074,NA
"218",27011,"total","RG",0.00190670189024303,0.000953350945121516,1.28562498619748e-05,1,0.354105149285676,0.177052574642838,0.00238761198062707,185.716052990613,1.41642059714271,0.708210298571353,0.00955044792250827,742.864211962451
"219",27040,"ag","RG",0.0730415693071213,0.0365207846535606,0,NA,6.53269278247688,3.26634639123844,0,NA,26.1307711299075,13.0653855649538,0,NA
"220",27040,"bg","RG",3.19868259644693e-05,1.59934129822346e-05,1.18351256068536e-07,NA,0.00286083813771591,0.00143041906885796,1.05851011095489e-05,NA,0.0114433525508637,0.00572167627543183,4.23404044381955e-05,NA
"221",27040,"f","RG",0.00362843547615152,0.00181421773807576,0,NA,0.324520057161848,0.162260028580924,0,NA,1.29808022864739,0.649040114323696,0,NA
"222",27040,"stem","RG",0.0730415693071213,0.0365207846535606,0.000442412785293234,NA,6.53269278247688,3.26634639123844,0.0395685201834625,NA,26.1307711299075,13.0653855649538,0.15827408073385,NA
"223",27040,"total","RG",0.0730735561330857,0.0365367780665429,0,40,6.5355536206146,3.2677768103073,0,3577.52049658658,26.1422144824584,13.0711072412292,0,14310.0819863463
"224",29080,"ag","RG",0.0162913670626737,0.00814568353133687,0.000199734271896823,NA,0.191278696969245,0.0956393484846223,0.00234510161863942,NA,0.765114787876978,0.382557393938489,0.00938040647455767,NA
"225",29080,"bg","RG",0.00170676077853346,0.000853380389266728,7.06598962312851e-06,NA,0.0200392622976425,0.0100196311488212,8.29625459122399e-05,NA,0.08015704919057,0.040078524595285,0.00033185018364896,NA
"226",29080,"f","RG",0.0122284339804539,0.00611421699022695,0.000158700616198331,NA,0.143575361647506,0.0717876808237531,0.00186332104346134,NA,0.574301446590025,0.287150723295012,0.00745328417384534,NA
"227",29080,"stem","RG",0.00944822834411518,0.00472411417205759,4.10336556984922e-05,NA,0.110932667551941,0.0554663337759707,0.000481780575178081,NA,0.443730670207765,0.221865335103883,0.00192712230071233,NA
"228",29080,"total","RG",0.0179981278412072,0.0089990639206036,0.000206800261519951,29,0.211317959266887,0.105658979633444,0.00242806416455166,340.492126337107,0.845271837067548,0.422635918533774,0.00971225665820663,1361.96850534843
"229",29090,"ag","RG",0.0650105352878219,0.0325052676439109,0.000661366065979576,NA,1.21105532389314,0.60552766194657,0.0123203245704833,NA,4.84422129557256,2.42211064778628,0.0492812982819334,NA
"230",29090,"bg","RG",0.0102570426412498,0.00512852132062488,1.81549654750121e-05,NA,0.191074354996295,0.0955371774981477,0.000338201608343443,NA,0.764297419985181,0.382148709992591,0.00135280643337377,NA
"231",29090,"f","RG",0.0334719404365895,0.0167359702182947,0.000508266777576597,NA,0.623535423717073,0.311767711858536,0.0094682990105675,NA,2.49414169486829,1.24707084743415,0.03787319604227,NA
"232",29090,"stem","RG",0.0377277694438095,0.0188638847219048,0.000153099288402979,NA,0.702815564296659,0.35140778214833,0.00285202555991584,NA,2.81126225718664,1.40563112859332,0.0114081022396634,NA
"233",29090,"total","RG",0.0752675779290716,0.0376337889645358,0.000679521031454588,40,1.40212967888943,0.701064839444717,0.0126585261788268,745.144040750577,5.60851871555774,2.80425935777887,0.0506341047153071,2980.57616300231
"234",32010,"ag","RG",0.00417028369678419,0.00208514184839209,0,NA,0.0535214195292287,0.0267607097646143,0,NA,0.214085678116915,0.107042839058457,0,NA
"235",32010,"bg","RG",2.99876493416899e-06,1.4993824670845e-06,1.10954302564253e-08,NA,3.84861481330306e-05,1.92430740665153e-05,1.42398748092213e-07,NA,0.000153944592532122,7.69722962660611e-05,5.69594992368852e-07,NA
"236",32010,"f","RG",0.0011726658258892,0.000586332912944602,0,NA,0.015049992805862,0.007524996402931,0,NA,0.060199971223448,0.030099985611724,0,NA
"237",32010,"stem","RG",0.00417028369678419,0.00208514184839209,2.99813996019192e-05,NA,0.0535214195292287,0.0267607097646143,0.000384781272172239,NA,0.214085678116915,0.107042839058457,0.00153912508868895,NA
"238",32010,"total","RG",0.00417328246171835,0.00208664123085918,0,13,0.0535599056773617,0.0267799528386808,0,166.841995525749,0.214239622709447,0.107119811354723,0,667.367982102998
"239",32020,"ag","RG",0.0337691376644099,0.016884568832205,0,NA,0.392630115106786,0.196315057553393,0,NA,1.57052046042714,0.785260230213571,0,NA
"240",32020,"bg","RG",2.90911434581646e-05,1.45455717290823e-05,1.07637230795209e-07,NA,0.000338239581895073,0.000169119790947537,1.25148645301177e-06,NA,0.00135295832758029,0.000676479163790146,5.00594581204708e-06,NA
"241",32020,"f","RG",0.00236585868555148,0.00118292934277574,0,NA,0.0275075833225514,0.0137537916612757,0,NA,0.110030333290206,0.0550151666451029,0,NA
"242",32020,"stem","RG",0.0337691376644099,0.016884568832205,0.000243363494580258,NA,0.392630115106786,0.196315057553393,0.00282956105777438,NA,1.57052046042714,0.785260230213571,0.0113182442310975,NA
"243",32020,"total","RG",0.0337982288078681,0.016899114403934,0,26,0.392968354688681,0.19648417734434,0,302.299190883257,1.57187341875472,0.785936709377361,0,1209.19676353303
"244",32050,"ag","RG",0.13233664929401,0.0661683246470052,0,NA,1.80147318983612,0.900736594918058,0,NA,7.20589275934447,3.60294637967223,0,NA
"245",32050,"bg","RG",8.27085076205386e-05,4.13542538102693e-05,3.06021478195993e-07,NA,0.0011258949039788,0.000562947451989401,4.16581114472157e-06,NA,0.00450357961591521,0.00225178980795761,1.66632445788863e-05,NA
"246",32050,"f","RG",0.00331351512740957,0.00165675756370478,0,NA,0.0451062400173291,0.0225531200086646,0,NA,0.180424960069316,0.0902124800346582,0,NA
"247",32050,"stem","RG",0.13233664929401,0.0661683246470052,0.000801563084773821,NA,1.80147318983612,0.900736594918058,0.0109115231108374,NA,7.20589275934447,3.60294637967223,0.0436460924433494,NA
"248",32050,"total","RG",0.132419357801631,0.0662096789008155,0,36,1.8025990847401,0.901299542370048,0,490.061031317312,7.21039633896038,3.60519816948019,0,1960.24412526925
"249",32070,"ag","RG",0.0540493568378792,0.0270246784189396,0,NA,0.491546010631005,0.245773005315503,0,NA,1.96618404252402,0.983092021262011,0,NA
"250",32070,"bg","RG",0.00155923625299698,0.000779618126498489,4.75008912373518e-06,NA,0.014180304903365,0.00709015245168249,4.31991700829528e-05,NA,0.0567212196134599,0.0283606098067299,0.000172796680331811,NA
"251",32070,"f","RG",0.0034317244194824,0.0017158622097412,0,NA,0.0312094453416213,0.0156047226708106,0,NA,0.124837781366485,0.0624188906832425,0,NA
"252",32070,"stem","RG",0.0540493568378792,0.0270246784189396,0.000349955699007168,NA,0.491546010631005,0.245773005315503,0.00318263412940379,NA,1.96618404252402,0.983092021262011,0.0127305365176152,NA
"253",32070,"total","RG",0.0556085930908762,0.0278042965454381,0,23,0.50572631553437,0.252863157767185,0,209.171004169839,2.02290526213748,1.01145263106874,0,836.684016679354
"254",32080,"ag","RG",0.0670837175720249,0.0335418587860124,0,NA,0.983966465932863,0.491983232966432,0,NA,3.93586586373145,1.96793293186573,0,NA
"255",32080,"bg","RG",0.00126167920569174,0.000630839602845868,3.88439927609607e-06,NA,0.0185059813930644,0.0092529906965322,5.69753550683708e-05,NA,0.0740239255722576,0.0370119627861288,0.000227901420273483,NA
"256",32080,"f","RG",0.00471727194306308,0.00235863597153154,0,NA,0.0691917140351757,0.0345958570175878,0,NA,0.276766856140703,0.138383428070351,0,NA
"257",32080,"stem","RG",0.0670837175720249,0.0335418587860124,0.000369577324036447,NA,0.983966465932863,0.491983232966432,0.00542086375923681,NA,3.93586586373145,1.96793293186573,0.0216834550369473,NA
"258",32080,"total","RG",0.0683453967777166,0.0341726983888583,0,40,1.00247244732593,0.501236223662964,0,586.709563241734,4.00988978930371,2.00494489465185,0,2346.83825296693
"259",32090,"ag","RG",0.0125938785373383,0.00629693926866915,0,NA,0.135412648420235,0.0677063242101175,0,NA,0.54165059368094,0.27082529684047,0,NA
"260",32090,"bg","RG",2.0811152212849e-05,1.04055761064245e-05,7.70012631875413e-08,NA,0.000223766906236506,0.000111883453118253,8.27937553075071e-07,NA,0.000895067624946022,0.000447533812473011,3.31175021230028e-06,NA
"261",32090,"f","RG",0.000378496569150637,0.000189248284575318,0,NA,0.00406969327953298,0.00203484663976649,0,NA,0.0162787731181319,0.00813938655906596,0,NA
"262",32090,"stem","RG",0.0125938785373383,0.00629693926866915,9.08522397683585e-05,NA,0.135412648420235,0.0677063242101175,0.000976866845703576,NA,0.54165059368094,0.27082529684047,0.0039074673828143,NA
"263",32090,"total","RG",0.0126146896895512,0.00630734484477558,0,4,0.135636415326472,0.0678182076632358,0,43.0090374522079,0.542545661305886,0.271272830652943,0,172.036149808832
"264",33010,"ag","RG",0.0326807847318251,0.0163403923659126,0,NA,0.280294258333537,0.140147129166768,0,NA,1.12117703333415,0.560588516667073,0,NA
"265",33010,"bg","RG",3.5804976883694e-05,1.7902488441847e-05,1.32478414469668e-07,NA,0.000307089610075711,0.000153544805037856,1.13623155728013e-06,NA,0.00122835844030284,0.000614179220151422,4.54492622912053e-06,NA
"266",33010,"f","RG",0.00273182569859666,0.00136591284929833,0,NA,0.0234301307134458,0.0117150653567229,0,NA,0.0937205228537833,0.0468602614268916,0,NA
"267",33010,"stem","RG",0.0326807847318251,0.0163403923659126,0.000235736159007286,NA,0.280294258333537,0.140147129166768,0.00202184532573351,NA,1.12117703333415,0.560588516667073,0.00808738130293405,NA
"268",33010,"total","RG",0.0327165897087088,0.0163582948543544,0,30,0.280601347943612,0.140300673971806,0,257.301892197755,1.12240539177445,0.561202695887225,0,1029.20756879102
"269",33040,"ag","RG",0.0155032458439726,0.00775162292198631,4.78510981753386e-05,NA,0.137804714056889,0.0689023570284444,0.000425337182143978,NA,0.551218856227555,0.275609428113778,0.00170134872857591,NA
"270",33040,"bg","RG",3.99835324555866e-06,1.99917662277933e-06,1.4793907008567e-08,NA,3.55404236795264e-05,1.77702118397632e-05,1.31499567614248e-07,NA,0.000142161694718106,7.10808473590529e-05,5.25998270456991e-07,NA
"271",33040,"f","RG",0.00526855443451894,0.00263427721725947,4.730481e-05,NA,0.046830943961603,0.0234154719808015,0.000420481354754486,NA,0.187323775846412,0.093661887923206,0.00168192541901794,NA
"272",33040,"stem","RG",0.0143065647250379,0.00715328236251897,0.000102803384203226,NA,0.127167696423824,0.0635838482119122,0.000913795156626113,NA,0.508670785695297,0.254335392847649,0.00365518062650445,NA
"273",33040,"total","RG",0.0155072441972182,0.00775362209860908,4.78510981753386e-05,33,0.137840254480568,0.0689201272402841,0.000425337182143978,293.329255669731,0.551361017922273,0.275680508961137,0.00170134872857591,1173.31702267892
"274",33050,"ag","RG",0.0650092805878471,0.0325046402939235,0,NA,0.618785314071258,0.309392657035629,0,NA,2.47514125628503,1.23757062814252,0,NA
"275",33050,"bg","RG",0.0041564975186504,0.0020782487593252,1.26157159513068e-05,NA,0.0395632684942418,0.0197816342471209,0.000120081620448243,NA,0.158253073976967,0.0791265369884836,0.000480326481792971,NA
"276",33050,"f","RG",0.00722346238094597,0.00361173119047298,0,NA,0.0687559129659275,0.0343779564829637,0,NA,0.27502365186371,0.137511825931855,0,NA
"277",33050,"stem","RG",0.0650092805878471,0.0325046402939235,0.000383866115039452,NA,0.618785314071258,0.309392657035629,0.00365379700264527,NA,2.47514125628503,1.23757062814252,0.0146151880105811,NA
"278",33050,"total","RG",0.0691657781064975,0.0345828890532487,0,40,0.6583485825655,0.32917429128275,0,380.736601590349,2.633394330262,1.316697165131,0,1522.9464063614
"279",34010,"ag","RG",0.00355765617956848,0.00177882808978424,5.83144730082196e-05,NA,0.0647397913157001,0.0323698956578501,0.00106116685331157,NA,0.258959165262801,0.1294795826314,0.0042446674132463,NA
"280",34010,"bg","RG",0.000136268935828798,6.81344679143988e-05,5.64153394331222e-07,NA,0.00247972879420825,0.00123986439710413,1.02660772080222e-05,NA,0.00991891517683301,0.0049594575884165,4.10643088320886e-05,NA
"281",34010,"f","RG",0.00560732651984525,0.00280366325992262,5.29155435745516e-05,NA,0.102038288808955,0.0510191444044775,0.000962920831992491,NA,0.40815315523582,0.20407657761791,0.00385168332796996,NA
"282",34010,"stem","RG",0.00157662540271108,0.000788312701355542,6.93502182916155e-06,NA,0.0286903496017222,0.0143451748008611,0.00012619877900742,NA,0.114761398406889,0.0573806992034444,0.000504795116029678,NA
"283",34010,"total","RG",0.00369392511539728,0.00184696255769864,5.88786264025508e-05,30,0.0672195201099084,0.0336097600549542,0.0010714329305196,545.919459734464,0.268878080439634,0.134439040219817,0.00428573172207839,2183.67783893786
"284",34020,"ag","RG",0.0645151070624004,0.0322575535312002,0.000623089184314288,NA,2.21377742844906,1.10688871422453,0.0213807406505819,NA,8.85510971379625,4.42755485689812,0.0855229626023277,NA
"285",34020,"bg","RG",0.00497675199621311,0.00248837599810656,8.80885103329721e-06,NA,0.170772734292282,0.0853863671461408,0.000302267739697338,NA,0.683090937169126,0.341545468584563,0.00120907095878935,NA
"286",34020,"f","RG",0.0295519093492388,0.0147759546746194,0.000449218574017779,NA,1.01404698626077,0.507023493130383,0.0154145282381499,NA,4.05618794504306,2.02809397252153,0.0616581129525996,NA
"287",34020,"stem","RG",0.0428463800632106,0.0214231900316053,0.000173870610296509,NA,1.47023469995861,0.735117349979303,0.00596621241243203,NA,5.88093879983443,2.94046939991721,0.0238648496497281,NA
"288",34020,"total","RG",0.0694918590586135,0.0347459295293067,0.000631898035347585,40,2.38455016274134,1.19227508137067,0.0216830083902793,1372.56374777948,9.53820065096537,4.76910032548269,0.086732033561117,5490.25499111791
"289",34030,"ag","RG",0.0185864840917032,0.0092932420458516,0.000239421175359489,NA,0.389421425115839,0.19471071255792,0.00501631910862693,NA,1.55768570046336,0.778842850231679,0.0200652764345077,NA
"290",34030,"bg","RG",0.000950507296459348,0.000475253648229674,3.9351002073417e-06,NA,0.0199148964453924,0.00995744822269621,8.24476712839246e-05,NA,0.0796595857815697,0.0398297928907849,0.000329790685135698,NA
"291",34030,"f","RG",0.0150445154563596,0.00752225772817978,0.000192911681592634,NA,0.315210591755116,0.157605295877558,0.00404185867518813,NA,1.26084236702046,0.630421183510232,0.0161674347007525,NA
"292",34030,"stem","RG",0.0107161424667499,0.00535807123337493,4.65420312657426e-05,NA,0.224523123930089,0.112261561965044,0.000975142154582211,NA,0.898092495720355,0.449046247860177,0.00390056861832884,NA
"293",34030,"total","RG",0.0195369913881626,0.00976849569408128,0.00024335627556683,32,0.409336321561232,0.204668160780616,0.00509876677991086,670.459541579977,1.63734528624493,0.818672643122464,0.0203950671196434,2681.83816631991
"294",34040,"ag","RG",0.00338603962185208,0.00169301981092604,6.307308e-05,NA,0.0899500169120456,0.0449750084560228,0.00167553402980901,NA,0.359800067648182,0.179900033824091,0.00670213611923605,NA
"295",34040,"bg","RG",0.00043870174531531,0.000219350872657655,1.32926628830539e-06,NA,0.0116540955858253,0.00582704779291267,3.53119096250508e-05,NA,0.0466163823433014,0.0233081911716507,0.000141247638500203,NA
"296",34040,"f","RG",0.00668837636351128,0.00334418818175564,6.307308e-05,NA,0.177676469917648,0.0888382349588239,0.00167553402980901,NA,0.710705879670592,0.355352939835296,0.00670213611923605,NA
"297",34040,"stem","RG",0.00280991100288451,0.00140495550144225,1.29284005242716e-05,NA,0.0746451815270123,0.0373225907635061,0.000343442480205783,NA,0.298580726108049,0.149290363054025,0.00137376992082313,NA
"298",34040,"total","RG",0.00382474136716739,0.0019123706835837,6.307308e-05,36,0.101604112497871,0.0508020562489355,0.00167553402980901,956.338664183269,0.406416449991484,0.203208224995742,0.00670213611923605,3825.35465673308
"299",35500,"ag","RG",0.000106916666021273,5.34583330106365e-05,0,NA,0.00380773614332694,0.00190386807166347,0,NA,0.0152309445733077,0.00761547228665387,0,NA
"300",35500,"bg","RG",0,0,0,NA,0,0,0,NA,0,0,0,NA
"301",35500,"f","RG",0.00027,0.000135,0,NA,0.00961579515109194,0.00480789757554597,0,NA,0.0384631806043677,0.0192315903021839,0,NA
"302",35500,"stem","RG",0.000106916666021273,5.34583330106365e-05,6.4759424609085e-07,NA,0.00380773614332694,0.00190386807166347,2.30634578201312e-05,NA,0.0152309445733077,0.00761547228665387,9.2253831280525e-05,NA
"303",35500,"total","RG",0.000106916666021273,5.34583330106365e-05,0,3,0.00380773614332694,0.00190386807166347,0,106.842168345466,0.0152309445733077,0.00761547228665387,0,427.368673381864
"304",26010,"ag","DW",0.428901843576453,0.214450921788226,0.00084777854104798,16,2.14303537094352,1.07151768547176,0.00423597946104156,79.9450187697416,8.57214148377407,4.28607074188703,0.0169439178441662,319.780075078966
"305",26020,"ag","DW",0.721942109416343,0.360971054708171,0.00299389979985163,38,3.60722971799727,1.80361485899864,0.0149592109808665,189.869419578136,14.4289188719891,7.21445943599454,0.059836843923466,759.477678312545
"306",26030,"ag","DW",0.144612511106547,0.0723062555532734,0.000425437467180262,25,0.722565619672021,0.361282809836011,0.00212572539369234,124.914091827721,2.89026247868809,1.44513123934404,0.00850290157476934,499.656367310885
"307",27011,"ag","DW",2.16169184374804,1.08084592187402,0.00217389837186441,57,10.8010309389271,5.40051546946357,0.0108620216338882,284.804129367204,43.2041237557085,21.6020618778543,0.0434480865355527,1139.21651746882
"308",27040,"ag","DW",0.0868906408518845,0.0434453204259423,0.000158836091477245,13,0.434154619613674,0.217077309806837,0.000793634644653796,64.955327750415,1.7366184784547,0.868309239227348,0.00317453857861518,259.82131100166
"309",29080,"ag","DW",1.13951511535636,0.569757557678178,0.00130308765832158,42,5.693659830348,2.846829915174,0.0065109604564461,209.855674270572,22.774639321392,11.387319660696,0.0260438418257844,839.422697082287
"310",29090,"ag","DW",0.585182933509684,0.292591466754842,0.00159646804690329,36,2.92390378769776,1.46195189384888,0.007976854248436,179.876292231919,11.695615150791,5.84780757539552,0.031907416993744,719.505168927674
"311",32010,"ag","DW",0.275857181652138,0.137928590826069,0.00098604185000433,32,1.37833797280926,0.68916898640463,0.00492682088789668,159.890037539483,5.51335189123704,2.75667594561852,0.0197072835515867,639.560150157933
"312",32020,"ag","DW",0.48527828290828,0.24263914145414,0.00120106375019799,18,2.42472383972815,1.21236191986408,0.00600119150332717,89.9381461159593,9.6988953589126,4.8494476794563,0.0240047660133087,359.752584463837
"313",32050,"ag","DW",0.0980442372499244,0.0490221186249622,0.000179224865692862,7,0.489884274200638,0.244942137100319,0.000895508453238765,34.9759457117619,1.95953709680255,0.979768548401275,0.00358203381295506,139.903782847048
"314",32070,"ag","DW",0.568886553491037,0.284443276745519,0.00143446215931499,34,2.84247788729341,1.4212389436467,0.00716738151568258,169.883164885701,11.3699115491736,5.68495577458682,0.0286695260627303,679.532659542803
"315",32080,"ag","DW",0.293216701871803,0.146608350935901,0.000536000131021655,50,1.46507592092144,0.732537960460718,0.00267815878344439,249.828183655442,5.86030368368575,2.93015184184287,0.0107126351337775,999.31273462177
"316",32090,"ag","DW",2.87027288241416,1.43513644120708,0.0126050075476242,66,14.34150121618,7.17075060809001,0.0629817228117217,329.773202425184,57.36600486472,28.68300243236,0.251926891246887,1319.09280970074
"317",33010,"ag","DW",0.11818415587725,0.0590920779386252,0.000564791245131034,6,0.590514659993303,0.295257329996651,0.00282201541831164,29.9793820386531,2.36205863997321,1.18102931998661,0.0112880616732466,119.917528154612
"318",33040,"ag","DW",0.69998764350588,0.34999382175294,0.00196212468241037,35,3.49753283116655,1.74876641558327,0.00980388091024187,174.87972855881,13.9901313246662,6.99506566233309,0.0392155236409675,699.518914235239
"319",33050,"ag","DW",0.420496809906123,0.210248404953061,0.00216492171113272,28,2.10103908503509,1.05051954251755,0.0108171691769704,139.903782847048,8.40415634014036,4.20207817007018,0.0432686767078816,559.615131388191
"320",34010,"ag","DW",1.73554382774302,0.86777191387151,0.00380860040622149,164,4.33587762139453,2.16793881069726,0.00951495721755694,409.718221194926,17.3435104855781,8.67175524278905,0.0380598288702278,1638.8728847797
"321",34030,"ag","DW",0.21232992716237,0.106164963581185,0.000254067437809485,31,1.06092000077335,0.530460000386673,0.00126946413027872,154.893473866374,4.24368000309339,2.12184000154669,0.00507785652111486,619.573895465497
"322",34040,"ag","DW",0.347575760485452,0.173787880242726,0.000297029473148139,46,1.73668441849479,0.868342209247395,0.00148412667537465,229.841928963007,6.94673767397916,3.47336883698958,0.00593650670149861,919.367715852028
"323",35500,"ag","DW",0.108444479729633,0.0542222398648167,0.00019823650894577,16,0.541849747966275,0.270924873983137,0.000990501339282351,79.9450187697416,2.1673989918651,1.08369949593255,0.0039620053571294,319.780075078966
