"","plot_ID","dec_type","DW_type","D_mean","L_mean","B_t","C_t","N_t","plot_A_ha","B_t_ha","C_t_ha","N_t_ha","C_share","N_share","B_share"
"1",21020,1,2,31,15.3,0.0688330843645115,0.0344165421822558,0.000274512250976182,0.0500343869018386,1.37571555537502,0.68785777768751,0.00548647176420372,10.1042212181063,14.4626189279939,10.1042212181063
"2",21020,2,1,16,4.6,0.0536433228785764,0.0268216614392882,0.000132767224124477,0.0500343869018386,1.07212911359978,0.536064556799888,0.00265351955615944,7.87446917777368,6.99481266067963,7.87446917777368
"3",21020,2,2,22,14.1,0.056353655738345,0.0281768278691725,0.00020021113392065,0.0500343869018386,1.12629851643639,0.563149258218193,0.0040014707147994,8.27232731594428,10.5480805491888,8.27232731594428
"4",21020,2,3,22,7.6,0.0520073416538283,0.0260036708269142,0.000175866513567476,0.0500343869018386,1.03943197616992,0.519715988084959,0.00351491293203022,7.634318436947,9.26548945949213,7.634318436947
"5",21020,3,1,14.3333333333333,6,0.211717583792193,0.105858791896096,0.000524001019885677,0.0500343869018386,4.23144155253779,2.1157207762689,0.010472817842531,31.0786785475244,27.6068810828564,31.0786785475244
"6",21020,4,1,15.2,3.8,0.071233178685842,0.035616589342921,0.000176302117247459,0.0500343869018386,1.423684451767,0.7118422258835,0.00352361901812332,10.456538482267,9.28843914572588,10.456538482267
"7",21020,4,4,14,1.3,0.00420250849270707,0.00210125424635353,1.040120851945e-05,0.0500343869018386,0.0839924050823662,0.0419962025411831,0.000207881202578856,0.616899211670016,0.547985434793803,0.616899211670016
"8",21020,5,1,14,2.79090909090909,0.128243896189985,0.0641219480949925,0.000317403643070213,0.0500343869018386,2.56311517200329,1.28155758600164,0.00634371005070813,18.8253179258019,16.7223426996698,18.8253179258019
"9",21020,5,3,17,1.8,0.0106226672395832,0.00531133361979159,2.62911014179684e-05,0.0500343869018386,0.212307332963299,0.106153666481649,0.000525460649084165,1.55933415894433,1.3851410261406,1.55933415894433
"10",21020,5,4,19,0.875,0.024373732443611,0.0121868662218055,6.03249877979374e-05,0.0500343869018386,0.487139624423286,0.243569812211643,0.00120567057044763,3.57789552502104,3.1782090134591,3.57789552502104
"11",21030,1,2,25,16.9,0.034373170895119,0.0171865854475595,0.000305322786227636,0.0500343869018386,0.686990948096456,0.343495474048228,0.00610225896894954,20.7026825121664,48.3733685594733,20.7026825121664
"12",21030,2,1,13,9.7,0.0746751861369313,0.0373375930684657,0.000184821085688905,0.0500343869018386,1.49247728933773,0.746238644668865,0.00369388129111088,44.9762599687696,29.2818580822389,44.9762599687696
"13",21030,3,1,12,5.8,0.0242706882045733,0.0121353441022867,6.00699533063189e-05,0.0500343869018386,0.48508015601729,0.242540078008645,0.00120057338614279,14.6180389869825,9.51709509315981,14.6180389869825
"14",21030,5,1,12.5,3.85,0.0297626634019463,0.0148813317009732,7.36625919198171e-05,0.0500343869018386,0.594844171076524,0.297422085538262,0.0014722393234144,17.9258111800929,11.6706248885294,17.9258111800929
"15",21030,5,4,17,0.5,0.00295074089988421,0.00147537044994211,7.30308372721343e-06,0.0500343869018386,0.0589742591564719,0.0294871295782359,0.000145961291412268,1.77720735198863,1.15705337659863,1.77720735198863
"16",23060,2,1,19,8.4,0.0885970597335349,0.0442985298667675,7.19408125036303e-05,0.0500343869018386,1.77072340083534,0.88536170041767,0.0014378274014783,43.9948919641538,23.6426452210417,43.9948919641538
"17",23060,2,2,14.5,11.5,0.0406716733885432,0.0203358366942716,0.000173788678406478,0.0500343869018386,0.812874423110972,0.406437211555486,0.00347338478929362,20.1964476260494,57.1139513720494,20.1964476260494
"18",23060,3,1,7,9.7,0.0229952644190689,0.0114976322095345,1.8672154708284e-05,0.0500343869018386,0.459589211399409,0.229794605699704,0.00037318643965632,11.4188233429733,6.13642123180195,11.4188233429733
"19",23060,4,1,19,4.5,0.0179898983617921,0.00899494918089604,1.46077974697752e-05,0.0500343869018386,0.359550690549803,0.179775345274901,0.00029195516072644,8.93329459525588,4.80070993111589,8.93329459525588
"20",23060,4,4,22,0.2,0.00107197424525791,0.000535987122628955,8.70443087149422e-07,0.0500343869018386,0.0214247502894558,0.0107123751447279,1.73968972350381e-05,0.532313275974619,0.286062617009553,0.532313275974619
"21",23060,5,1,18,2,0.00625993752154302,0.00312996876077151,5.08306926749293e-06,0.0500343869018386,0.125112705664292,0.0625563528321458,0.000101591516999405,3.10851484000652,1.67050105695222,3.10851484000652
"22",23060,5,4,28.5,0.25,0.0237945248600503,0.0118972624300252,1.93211541863609e-05,0.0500343869018386,0.475563434138452,0.237781717069226,0.000386157508520423,11.8157143555865,6.34970857002932,11.8157143555865
"23",23061,3,1,8,7.95,0.0292428083575935,0.0146214041787968,5.3455853677681e-05,0.0500343869018386,0.584454215756943,0.292227107878471,0.00106838230640369,13.6553744420745,13.0768768390606,13.6553744420745
"24",23061,3,4,18,0.3,0.00282460595484258,0.00141230297742129,2.24810387945921e-05,0.0500343869018386,0.0564532940192535,0.0282266470096268,0.000449311767099239,1.3189927414982,5.4995244731031,1.3189927414982
"25",23061,4,1,10.3636363636364,6.23636363636364,0.122519286056614,0.0612596430283069,0.00022396525491149,0.0500343869018386,2.44870165586283,1.22435082793141,0.00447622662691725,57.2122453842315,54.7885002897109,57.2122453842315
"26",23061,4,3,10,4.6,0.00289459072017857,0.00144729536008928,5.29131183648642e-06,0.0500343869018386,0.0578520273638489,0.0289260136819244,0.000105753506021116,1.35167319284943,1.29441077903292,1.35167319284943
"27",23061,4,4,19.3333333333333,0.25,0.00936163194843223,0.00468081597421611,1.71130632017341e-05,0.0500343869018386,0.187103960458207,0.0935519802291033,0.000342026039717602,4.37155652362417,4.18635948043185,4.37155652362417
"28",23061,5,1,10,1.45,0.00683877596796694,0.00341938798398347,1.25012824694436e-05,0.0500343869018386,0.136681518280294,0.0683407591401468,0.000249853815416377,3.19347052533685,3.05818203126886,3.19347052533685
"29",23061,5,4,22.9285714285714,0.235714285714286,0.0404670120505228,0.0202335060252614,7.39736980283557e-05,0.0500343869018386,0.808784009483601,0.404392004741801,0.00147845716933602,18.8966871903853,18.0961461073917,18.8966871903853
"30",23150,2,1,8.5,4.65,0.019972612463344,0.00998630623167202,1.58582542958952e-05,0.0500343869018386,0.399177719565703,0.199588859782852,0.000316947109335168,9.62757929725123,3.46760644969149,9.62757929725123
"31",23150,2,2,19.75,9.875,0.0696327314296442,0.0348163657148221,0.000347897111993445,0.0500343869018386,1.39169750528282,0.69584875264141,0.00695316028706372,33.5656962629942,76.0720724279075,33.5656962629942
"32",23150,3,1,15,12.2,0.0664022731226007,0.0332011365613003,5.27234048593449e-05,0.0500343869018386,1.32713274278495,0.663566371392477,0.00105374339777125,32.0084891838198,11.5286345728031,32.0084891838198
"33",23150,4,1,11,8.8,0.011791716697837,0.0058958583489185,9.36262305808258e-06,0.0500343869018386,0.235672253184014,0.117836126592007,0.000187123769028107,5.68406800900494,2.04725510743267,5.68406800900494
"34",23150,4,3,11,3.9,0.0194548865101517,0.00972744325507586,1.54471798890605e-05,0.0500343869018386,0.388830316804318,0.194415158402159,0.000308731271542628,9.37801516648206,3.37771986836632,9.37801516648206
"35",23150,5,1,13,2.8,0.0128261017869947,0.00641305089349736,1.01839248188738e-05,0.0500343869018386,0.256345737025977,0.128172868512989,0.000203538515198626,6.18268202297218,2.22684305133389,6.18268202297218
"36",23150,5,4,19,1,0.00737174716164845,0.00368587358082422,5.85316724634887e-06,0.0500343869018386,0.147333616300944,0.0736668081504718,0.000116982891342949,3.55347005747561,1.27986852246504,3.55347005747561
"37",23170,2,1,27,3.5,0.0745466949973995,0.0372733474986998,5.91900758279352e-05,0.0500343869018386,1.48990923269733,0.744954616348663,0.00118298793076168,14.5330631174576,14.5330631174576,14.5330631174576
"38",23170,3,1,12,8.9,0.210102114017864,0.105051057008932,0.000166821078530184,0.0500343869018386,4.19915436218012,2.09957718109006,0.00333412856357102,40.959928327331,40.959928327331,40.959928327331
"39",23170,4,1,15.6,6.99,0.20094533747239,0.100472668736195,0.000159550597953078,0.0500343869018386,4.01614469398058,2.00807234699029,0.00318881888702058,39.1747920246088,39.1747920246088,39.1747920246088
"40",23170,4,4,17,1.25,0.00341193455541283,0.00170596727770641,2.70907603699779e-06,0.0500343869018386,0.0681917930184021,0.0340958965092011,5.41442836566113e-05,0.665165105551348,0.665165105551348,0.665165105551348
"41",23170,5,1,17,8.3,0.02317239526686,0.01158619763343,1.83988818418868e-05,0.0500343869018386,0.463129393637247,0.231564696818624,0.000367724738547974,4.51751594095083,4.51751594095083,4.51751594095083
"42",23170,5,4,10,1.3,0.000767035554337216,0.000383517777168608,6.0902623014375e-07,0.0500343869018386,0.015330167947137,0.00766508397356848,1.21721533500268e-05,0.149535484100344,0.149535484100344,0.149535484100344
"43",25100,5,4,19,0.35,0.00506220532236191,0.00253110266118096,9.25371132927758e-06,0.0500343869018386,0.101174524878127,0.0505872624390636,0.000184947031477217,100,100,100
"44",26010,2,1,12.3333333333333,1.46666666666667,0.0326706786417417,0.0163353393208708,5.97220005571038e-05,0.0500343869018386,0.652964504308559,0.326482252154279,0.00119361911387605,12.9038613138825,11.7660713471211,12.9038613138825
"45",26010,2,3,13,4.55,0.0996113294257825,0.0498056647128913,0.000226844893671412,0.0500343869018386,1.99085740015577,0.995428700077887,0.00453377982059526,39.3432531444115,44.6916241714954,39.3432531444115
"46",26010,3,1,7.75,3.375,0.0213327492947525,0.0106663746473762,3.89962657108075e-05,0.0500343869018386,0.426361760694794,0.213180880347397,0.000779389298550084,8.42574595287427,7.68281103018199,8.42574595287427
"47",26010,4,1,13,4.2,0.0117069879439697,0.00585349397198484,2.14003739615766e-05,0.0500343869018386,0.233978842729449,0.116989421364724,0.000427713324509432,4.62388156942877,4.21617368035457,4.62388156942877
"48",26010,4,3,15,6.25,0.030201967367297,0.0151009836836485,5.5209196347419e-05,0.0500343869018386,0.603624212015421,0.30181210600771,0.00110342505956419,11.9288002121902,10.8769856532155,11.9288002121902
"49",26010,4,4,11,0.5,0.00199569673319292,0.000997848366596458,3.64813362827665e-06,0.0500343869018386,0.0398865031984549,0.0199432515992275,7.29125278467756e-05,0.788235657792167,0.718733467628773,0.788235657792167
"50",26010,5,4,20.5,3.1,0.0556658802289575,0.0278329401144788,0.000101757229058534,0.0500343869018386,1.11255245993455,0.556276229967275,0.00203374589676036,21.9862221494206,20.0476006500027,21.9862221494206
"51",26020,1,1,24,14,0.367340145798947,0.183670072899474,0.000909166860852395,0.0500343869018386,7.34175371269411,3.67087685634706,0.0181708404389179,42.4201760913392,29.7799672822358,42.4201760913392
"52",26020,1,2,16,12,0.0530339593177881,0.026516979658894,0.00019262323068447,0.0500343869018386,1.05995021827357,0.529975109136785,0.00384981694813956,6.12432351543956,6.30941772581105,6.12432351543956
"53",26020,2,1,10.5,6.325,0.143756452394881,0.0718782261974404,0.00035579721967733,0.0500343869018386,2.87315307124505,1.43657653562252,0.0071110538513315,16.600891828999,11.6542188429167,16.600891828999
"54",26020,2,3,14,6.1,0.0900822852734041,0.0450411426367021,0.000281105707063745,0.0500343869018386,1.80040749675088,0.900203748375438,0.00561825025687313,10.4026375763991,9.20768136154843,10.4026375763991
"55",26020,3,1,9.5,1.85,0.00931655009385321,0.00465827504692661,2.30584614822867e-05,0.0500343869018386,0.186202943030583,0.0931014715152916,0.000460852284000693,1.075868510602,0.755285149612022,1.075868510602
"56",26020,3,3,10.75,3.975,0.0823628348893817,0.0411814174446909,0.000272402021595896,0.0500343869018386,1.64612459529019,0.823062297645093,0.00544429618234986,9.51120099272165,8.92259016473071,9.51120099272165
"57",26020,3,4,9.75,5.325,0.0654367046205198,0.0327183523102599,0.000883591822490879,0.0500343869018386,1.30783464477937,0.653917322389687,0.0176596912084559,7.5565836312339,28.9422510846461,7.5565836312339
"58",26020,4,1,10,1.2,0.00197920337176157,0.000989601685880785,4.89852834510989e-06,0.0500343869018386,0.0395568626761536,0.0197784313380768,9.79032351234802e-05,0.22855698325075,0.16045240992584,0.22855698325075
"59",26020,4,4,15.1428571428571,0.442857142857143,0.0143558217898439,0.00717791089492196,3.55306589298637e-05,0.0500343869018386,0.286919110611034,0.143459555305517,0.00071012479876231,1.65779998517877,1.16381481332876,1.65779998517877
"60",26020,5,4,25.1666666666667,0.233333333333333,0.0382922445360753,0.0191461222680376,9.47733052267863e-05,0.0500343869018386,0.765318552043018,0.382659276021509,0.00189416341630647,4.42196088483609,3.10432116524456,4.42196088483609
"61",26030,3,3,13.5,10.75,0.158065748254581,0.0790328741272905,0.000486530317411695,0.0500343869018386,3.15914230276643,1.57957115138322,0.00972391883938156,72.3416621797203,76.486161678815,72.3416621797203
"62",26030,4,1,9.66666666666667,3.6,0.0168413713575478,0.00842068567877391,4.16823941099309e-05,0.0500343869018386,0.336595937321837,0.168297968660919,0.000833074944871547,7.70775965599259,6.552780414616,7.70775965599259
"63",26030,4,4,16,0.4,0.00442351953588711,0.00221175976794355,1.09482108513206e-05,0.0500343869018386,0.0884095880812034,0.0442047940406017,0.000218813730500978,2.02450410316053,1.72113966036628,2.02450410316053
"64",26030,5,4,21.8823529411765,0.211764705882353,0.0391682776475288,0.0195841388237644,9.69414871776338e-05,0.0500343869018386,0.782827172927535,0.391413586463767,0.00193749725299565,17.9260740611266,15.2399182462027,17.9260740611266
"65",27011,1,2,12.25,1.325,0.0451573732782682,0.0225786866391341,0.000332973511623293,0.0500343869018386,0.902526763580844,0.451263381790422,0.00665489340913774,2.2280620394941,15.5952550526553,2.2280620394941
"66",27011,2,1,14.875,10.3125,0.547943772941105,0.273971886470553,0.000444930343628177,0.0500343869018386,10.9513438031349,5.47567190156746,0.00889249116814555,27.03551229041,20.8389014360913,27.03551229041
"67",27011,2,2,23,2.3,0.0412414037582194,0.0206207018791097,0.000127764063375839,0.0500343869018386,0.824261199385336,0.412130599692668,0.00255352511116998,2.03484834254872,5.9839989829703,2.03484834254872
"68",27011,3,1,18.7777777777778,9.25555555555555,0.918963917542614,0.459481958771307,0.000746198701044603,0.0500343869018386,18.3666469091649,9.18332345458244,0.0149137172902419,45.3416235644255,34.9492036349014,45.3416235644255
"69",27011,3,3,24.3333333333333,2.13333333333333,0.0694919773574994,0.0347459886787497,8.10326919460556e-05,0.0500343869018386,1.38888435854794,0.694442179273968,0.00161954001964752,3.4287299184902,3.79527336075817,3.4287299184902
"70",27011,3,4,24,1.1,0.0153269509109216,0.0076634754554608,8.66279265485289e-05,0.0500343869018386,0.306328344564134,0.153164172282067,0.00173136780347648,0.756230821827898,4.05733357773944,0.756230821827898
"71",27011,4,1,16.5,5.6875,0.312189243291748,0.156094621645874,0.000253497665552899,0.0500343869018386,6.23949372866755,3.11974686433377,0.00506646890767805,15.4033981965792,11.8728986287137,15.4033981965792
"72",27011,4,3,25,3.4,0.00509011708542261,0.0025450585427113,4.13317507336316e-06,0.0500343869018386,0.101732376483573,0.0508661882417866,8.26066897046614e-05,0.251146066108064,0.19358272413963,0.251146066108064
"73",27011,4,4,22.3333333333333,0.633333333333333,0.0456851503242457,0.0228425751621228,3.70963420632875e-05,0.0500343869018386,0.913075050042571,0.456537525021285,0.000741416940634568,2.25410252670784,1.73745627145269,2.25410252670784
"74",27011,5,1,16,9,0.022257555632153,0.0111287778160765,1.80731351733082e-05,0.0500343869018386,0.444845175695259,0.222422587847629,0.00036121428266455,1.09818643547617,0.846479202669227,1.09818643547617
"75",27011,5,4,42,0.2,0.00340818820617342,0.00170409410308671,2.76744882341282e-06,0.0500343869018386,0.0681169175283365,0.0340584587641683,5.53109370330093e-05,0.168159797932288,0.129617127908725,0.168159797932288
"76",27040,5,4,29.5384615384615,0.269230769230769,0.0868906408518845,0.0434453204259423,0.000158836091477245,0.0500343869018386,1.7366184784547,0.868309239227348,0.00317453857861518,100,100,100
"77",29080,1,2,11.5,7.7,0.0401661027346631,0.0200830513673316,0.000342837404951629,0.0500343869018386,0.802769959257503,0.401384979628751,0.00685203569345687,3.69184335534229,21.6540262869016,3.69184335534229
"78",29080,1,3,12,9.5,0.00931029920478775,0.00465514960239387,1.14480279674677e-05,0.0500343869018386,0.186078011169667,0.0930390055848333,0.000228803202683934,0.855750593541686,0.723071330491802,0.855750593541686
"79",29080,2,1,14,11.9666666666667,0.447595711550524,0.223797855775262,0.000363447717779025,0.0500343869018386,8.94576189029061,4.47288094514531,0.00726395865491598,41.1404926309032,22.9557986410841,41.1404926309032
"80",29080,2,2,13,10,0.0205011263897695,0.0102505631948848,0.000299963755367278,0.0500343869018386,0.409740733507742,0.204870366753871,0.00599515201326981,1.88434879378491,18.946074582373,1.88434879378491
"81",29080,2,3,17,11.1,0.00406727907277022,0.00203363953638511,4.86605735589778e-06,0.0500343869018386,0.081289675453598,0.040644837726799,9.72542616629718e-05,0.373841527975055,0.307346084109603,0.373841527975055
"82",29080,3,1,15.6666666666667,6.66666666666667,0.199934946297124,0.0999674731485622,0.000162347176393265,0.0500343869018386,3.99595075861272,1.99797537930636,0.00324471201599353,18.3769012359458,10.2540445542108,18.3769012359458
"83",29080,3,3,23.1666666666667,3.25,0.163050209279118,0.0815251046395591,0.000198979266840345,0.0500343869018386,3.25876301030735,1.62938150515367,0.00397685030558519,14.9866626516094,12.567771813922,14.9866626516094
"84",29080,3,4,15,1.3,0.00707565205404761,0.00353782602702381,3.99915854094771e-05,0.0500343869018386,0.141415784067249,0.0707078920336246,0.000799282011548093,0.650354334674009,2.52591703590181,0.650354334674009
"85",29080,4,1,16,6.51111111111111,0.162243523502067,0.0811217617510333,0.000131741741083678,0.0500343869018386,3.24264038291043,1.62132019145522,0.00263302399092327,14.91251660997,8.32096814205744,14.91251660997
"86",29080,4,3,22,1.66666666666667,0.0282057686226435,0.0141028843113218,2.29030841215866e-05,0.0500343869018386,0.563727675488056,0.281863837744028,0.000457746872496302,2.59251638526443,1.44658656977621,2.59251638526443
"87",29080,4,4,13,0.575,0.00471203555121116,0.00235601777560558,3.82617286758346e-06,0.0500343869018386,0.0941759426463165,0.0470879713231582,7.6470865428809e-05,0.433103934797808,0.241665718665009,0.433103934797808
"88",29080,5,4,11.5,0.4,0.0011061155034208,0.000553057751710398,8.98165788777687e-07,0.0500343869018386,0.0221071061706194,0.0110535530853097,1.7950970210543e-05,0.10166794619138,0.0567292405066821,0.10166794619138
"89",29090,1,2,14.1,7.57,0.139184347581607,0.0695921737908035,0.0010440522863238,0.0500343869018386,2.78177381996645,1.39088690998323,0.020866694906687,38.4867894040713,82.6731819995664,38.4867894040713
"90",29090,1,3,10,5,0.0205802158502284,0.0102901079251142,2.15015219794209e-05,0.0500343869018386,0.41132143560796,0.20566071780398,0.000429734894555703,5.69077232519742,1.70259599366562,5.69077232519742
"91",29090,2,1,9,4.3,0.0101762155075815,0.00508810775379076,8.07991511301973e-06,0.0500343869018386,0.203384434939635,0.101692217469817,0.00016148724134207,2.81389301294171,0.639807317535586,2.81389301294171
"92",29090,2,3,11.4285714285714,4.6,0.074142463995784,0.037071231997892,8.45665292712219e-05,0.0500343869018386,1.48183016894446,0.74091508447223,0.00169016819246993,20.5016257020682,6.69639265877063,20.5016257020682
"93",29090,3,1,9.33333333333333,5.26666666666667,0.0330922803758534,0.0165461401879267,2.62752706184276e-05,0.0500343869018386,0.661390743945289,0.330695371972644,0.000525144250692559,9.15056648147308,2.08060483021769,9.15056648147308
"94",29090,3,3,13,7.43333333333333,0.0309227292108437,0.0154613646054219,3.58777820434103e-05,0.0500343869018386,0.618029541793135,0.309014770896567,0.000717062489719284,8.55064946321692,2.84097879337024,8.55064946321692
"95",29090,4,1,11,4.325,0.0479575585383668,0.0239787792691834,3.80783014794632e-05,0.0500343869018386,0.958491979375177,0.479245989687589,0.000761042631623891,13.261063387299,3.01522671774475,13.261063387299
"96",29090,4,3,11,1.9,0.00254593883248753,0.00127296941624377,2.0214754329951e-06,0.0500343869018386,0.0508837819374575,0.0254418909687287,4.04017228583412e-05,0.703994474839521,0.160070341848593,0.703994474839521
"97",29090,5,1,8,1.5,0.000927398151339707,0.000463699075669853,7.36354132163727e-07,0.0500343869018386,0.0185352156539691,0.00926760782698456,1.47169612292515e-05,0.256441029214215,0.0583081326308444,0.256441029214215
"98",29090,5,4,27,0.3,0.00211272891352077,0.00105636445676038,1.67750675733549e-06,0.0500343869018386,0.0422255381616984,0.0211127690808492,3.35270773003885e-05,0.584204719678633,0.132833214649643,0.584204719678633
"99",32010,1,1,6,8.4,0.0271132012375414,0.0135566006187707,6.71051730629149e-05,0.0500343869018386,0.541891345460756,0.270945672730378,0.00134118108001537,9.82870957905012,8.63094453771088,9.82870957905012
"100",32010,1,5,11,10.7,0.0335836823129676,0.0167918411564838,0.000177868214607796,0.0500343869018386,0.671212028216807,0.335606014108404,0.00355491943884017,12.1743005245799,22.8770842131982,12.1743005245799
"101",32010,2,1,25,0.5,0.0142353417115787,0.00711767085578937,3.52324707361574e-05,0.0500343869018386,0.284511165081462,0.142255582540731,0.000704165133576619,5.16040279478018,4.53153590059585,5.16040279478018
"102",32010,3,1,20,6.7,0.077880081882491,0.0389400409412455,0.000192753202659165,0.0500343869018386,1.55653115197119,0.778265575985594,0.00385241460112869,28.2320298554705,24.791564132584,28.2320298554705
"103",32010,4,1,11.6666666666667,1.72222222222222,0.0339400391534247,0.0169700195767123,8.4001596904726e-05,0.0500343869018386,0.678334266791574,0.339167133395787,0.00167887731030915,12.3034821678936,10.804131646961,12.3034821678936
"104",32010,4,4,16.25,0.7,0.0115156649513661,0.00575783247568303,2.8501270754631e-05,0.0500343869018386,0.230155012670754,0.115077506335377,0.000569633656360116,4.1745025024897,3.66578127899125,4.1745025024897
"105",32010,5,1,15,1.18571428571429,0.0295380395272146,0.0147690197636073,7.31066478298562e-05,0.0500343869018386,0.590354781106136,0.295177390553068,0.00146112808323769,10.7077290322145,9.4028432378212,10.7077290322145
"106",32010,5,4,20.1428571428571,0.6,0.0480511308755539,0.024025565437777,0.000118926548916996,0.0500343869018386,0.960362139938367,0.480181069969183,0.00237689629634746,17.4188435435215,15.2961150521376,17.4188435435215
"107",32020,2,1,15,7.3,0.164874866530842,0.082437433265421,0.000408065294663834,0.0500343869018386,3.2952310748667,1.64761553743335,0.00815569691029508,33.9753235077293,31.4014170385901,33.9753235077293
"108",32020,3,1,13,1.5,0.0165931069980979,0.00829655349904895,4.10679398202923e-05,0.0500343869018386,0.331634062602817,0.165817031301408,0.000820794304941971,3.41929725324924,3.16025773834819,3.41929725324924
"109",32020,3,4,32,0.3,0.00892714968444075,0.00446357484222038,0.000120543302189004,0.0500343869018386,0.178420287270727,0.0892101436353636,0.00240920913901663,1.83959389877087,9.27604124326225,1.83959389877087
"110",32020,4,1,16.5,8.23333333333333,0.243996191670766,0.121998095835383,0.000603890574385147,0.0500343869018386,4.87657003071622,2.43828501535811,0.0120695108260226,50.2796437146318,46.470552678496,50.2796437146318
"111",32020,4,4,17.5,0.3,0.00333000967298884,0.00166500483649442,8.24177394064738e-06,0.0500343869018386,0.0665544214526285,0.0332772107263142,0.000164722193095255,0.686206201734816,0.634220513315781,0.686206201734816
"112",32020,5,1,20.5,3.25,0.0347329771391907,0.0173664885695954,8.5964118419497e-05,0.0500343869018386,0.694182127330402,0.347091063665201,0.00171810076514274,7.15733185730782,6.61510588659381,7.15733185730782
"113",32020,5,4,24.3333333333333,0.433333333333333,0.0128239812119535,0.00641199060597677,3.1739353499585e-05,0.0500343869018386,0.25630335467311,0.128151677336555,0.000634350802815947,2.64260356657611,2.44240490139392,2.64260356657611
"114",32050,5,1,11.4285714285714,5.01428571428571,0.0980442372499244,0.0490221186249622,0.000179224865692862,0.0500343869018386,1.95953709680255,0.979768548401275,0.00358203381295506,100,100,100
"115",32070,1,1,8.5,7.9,0.0531877919438059,0.026593895971903,0.00013163978506092,0.0500343869018386,1.06302475631717,0.531512378158584,0.00263098627188499,9.3494549339254,7.44618480001782,9.3494549339254
"116",32070,1,4,17,1.1,0.0144813284163548,0.00724066420817742,0.000195541377606039,0.0500343869018386,0.28942751801407,0.144713759007035,0.00390813977574399,2.54555646068421,11.0607688475852,2.54555646068421
"117",32070,2,1,12.3333333333333,4.65555555555556,0.3197918268276,0.1598959134138,0.000791484771398311,0.0500343869018386,6.39144089953562,3.19572044976781,0.0158188162263506,56.2136378272894,44.7702179968183,56.2136378272894
"118",32070,2,3,20,5.6,0.0268592480856258,0.0134296240428129,8.34835892060427e-05,0.0500343869018386,0.536815773086626,0.268407886543313,0.00166852427651062,4.72137158468609,4.72223676686565,4.72137158468609
"119",32070,3,1,12.1111111111111,2.51111111111111,0.092523280860322,0.046261640430161,0.000228995120129297,0.0500343869018386,1.84919385625413,0.924596928127065,0.00457675479422897,16.2639247302546,12.9530748017853,16.2639247302546
"120",32070,3,4,19,0.8,0.0166105428373253,0.00830527141866266,0.000224292159932404,0.0500343869018386,0.331982539726392,0.165991269863196,0.00448276023392547,2.91983396960129,12.687052559976,2.91983396960129
"121",32070,4,3,13.3333333333333,2.7,0.0224491924450542,0.0112245962225271,5.55617513015092e-05,0.0500343869018386,0.44867527784635,0.224337638923175,0.00111047131266972,3.9461633092384,3.14284217200907,3.9461633092384
"122",32070,4,4,16.5,0.65,0.00645715100037212,0.00322857550018606,1.5981448725921e-05,0.0500343869018386,0.129054264480951,0.0645271322404756,0.000319409304590354,1.13505073388483,0.903988262592091,1.13505073388483
"123",32070,5,4,15.6,0.68,0.0165261910745764,0.00826309553728821,4.09023229095767e-05,0.0500343869018386,0.330296663912337,0.165148331956169,0.000817484243183034,2.90500645043578,2.31363379235058,2.90500645043578
"124",32080,1,1,7,13,0.0290173205448821,0.0145086602724411,5.30436619560445e-05,0.0500343869018386,0.579947558902052,0.289973779451026,0.00106014413767295,NA,NA,NA
"125",32080,2,1,7.83333333333333,7.4,0.127840201533999,0.0639201007669994,0.00023369188840415,0.0500343869018386,2.55504682779077,1.27752341389538,0.00467062560120153,NA,NA,NA
"126",32080,3,1,9,2.3,0.0226811208616732,0.0113405604308366,4.14610889351386e-05,0.0500343869018386,0.453310658251311,0.226655329125655,0.000828651883283396,NA,NA,NA
"127",32080,3,4,26,0.4,0.00785775154515879,0.0039288757725794,6.25398445479188e-05,0.0500343869018386,0.157047023691421,0.0785235118457107,0.00124993726156002,NA,NA,NA
"128",32080,4,1,8.66666666666667,2.2,0.00779806128474058,0.00389903064237029,1.42548560285058e-05,0.0500343869018386,0.155854038944045,0.0779270194720226,0.000284901183189715,NA,NA,NA
"129",32080,4,4,12,0.4,0.000950017618445553,0.000475008809222777,1.73663220651847e-06,0.0500343869018386,0.0189872940845537,0.00949364704227687,3.47087735865642e-05,NA,NA,NA
"130",32080,5,1,11.6363636363636,1.02727272727273,NA,NA,NA,0.0500343869018386,NA,NA,NA,NA,NA,NA
"131",32080,5,4,17.0833333333333,0.525,NA,NA,NA,0.0500343869018386,NA,NA,NA,NA,NA,NA
"132",32090,1,2,13.0555555555556,15.7888888888889,1.33056705726927,0.665283528634635,0.00693280525377136,0.0500343869018386,26.5930520919479,13.296526045974,0.138560811534929,46.7653825110648,54.4806045773426,46.7653825110648
"133",32090,1,3,13.2,5.42,0.258580797337807,0.129290398668904,0.000833161888415504,0.0500343869018386,5.16806167416643,2.58403083708322,0.0166517857019027,9.08832804138141,6.54730108955317,9.08832804138141
"134",32090,1,4,10,0.9,0.00409977841293468,0.00204988920646734,5.5359307909857e-05,0.0500343869018386,0.0819392155434611,0.0409696077717305,0.00110642522748335,0.144094733628067,0.435034369712261,0.144094733628067
"135",32090,2,1,11,5.95,0.556690689455009,0.278345344727505,0.00137780945640115,0.0500343869018386,11.1261619043553,5.56308095217764,0.0275372507132793,19.5659834583169,10.8273475785694,19.5659834583169
"136",32090,2,2,13.7,15.51,0.444574747825711,0.222287373912856,0.00249020330977409,0.0500343869018386,8.8853841398699,4.44269206993495,0.0497698375850905,15.6254493324811,19.5689590102348,15.6254493324811
"137",32090,2,3,12.6,9.42,0.226125822979469,0.113062911489735,0.000704330775417325,0.0500343869018386,4.51940829060423,2.25970414530211,0.0140769342652112,7.94763446869564,5.53489750001131,7.94763446869564
"138",32090,2,4,11.5,0.65,0.0245576726934787,0.0122788363467394,0.000331602254380043,0.0500343869018386,0.490815901105332,0.245407950552666,0.00662748711262529,0.86312745443212,2.60585587457644,0.86312745443212
"139",33010,2,1,7.66666666666667,3.73333333333333,0.0299420483424663,0.0149710241712331,7.41065696476041e-05,0.0500343869018386,0.598429404185744,0.299214702092872,0.00148111277535972,18.5011424764618,10.5889919329157,18.5011424764618
"140",33010,2,2,12,8.36666666666667,0.131896867176185,0.0659484335880925,0.000625738799175891,0.0500343869018386,2.63612438051755,1.31806219025878,0.012506175011268,81.4988575235382,89.4110080670843,81.4988575235382
"141",33040,1,1,10,16,0.0728849495632832,0.0364424747816416,0.000180390250169126,0.0500343869018386,1.45669716521709,0.728348582608543,0.00360532548391229,6.08408638873295,5.10194610400408,6.08408638873295
"142",33040,1,3,12,1.5,0.00983946819104323,0.00491973409552162,3.30470800509049e-05,0.0500343869018386,0.196654117304307,0.0983270586521533,0.000660487358738686,0.821351662478948,0.934664823383464,0.821351662478948
"143",33040,2,1,10.4166666666667,5.9,0.374774410654402,0.187387205327201,0.000927566666369646,0.0500343869018386,7.49033682354625,3.74516841177313,0.018538583638277,31.2843722108648,26.234206866789,31.2843722108648
"144",33040,2,2,17,20.2,0.0917999392942508,0.0458999696471254,0.000324254044684397,0.0500343869018386,1.834736967485,0.917368483742502,0.00648062392211468,7.66301910741835,9.17082080896333,7.66301910741835
"145",33040,2,3,14.6666666666667,4.12222222222222,0.547743687671116,0.273871843835558,0.00173274196648699,0.0500343869018386,10.9473448479687,5.47367242398435,0.0346310222584803,45.7230187390159,49.0068399864977,45.7230187390159
"146",33040,2,4,11,0.7,0.00758003475458145,0.00379001737729073,0.000102353209291113,0.0500343869018386,0.151496505182577,0.0757482525912885,0.00204565730948034,0.632744984428226,2.89483803523482,0.632744984428226
"147",33040,3,1,11.6,4.58,0.0799084511792812,0.0399542255896406,0.000197773416668721,0.0500343869018386,1.59707065734715,0.798535328673577,0.00395274987693421,6.67037465317134,5.59359118190997,6.67037465317134
"148",33040,3,3,11,1.4,0.00492271860854253,0.00246135930427126,1.6533563884344e-05,0.0500343869018386,0.0983867078895221,0.049193353944761,0.000330444018766151,0.410924964087288,0.467615914751188,0.410924964087288
"149",33040,4,1,10.5,1.8,0.0060563623175904,0.0030281811587952,1.49894967360362e-05,0.0500343869018386,0.12104399978903,0.060521999894515,0.000299583899477849,0.505556109491352,0.423945331866339,0.505556109491352
"150",33040,5,4,20,0.3,0.00245044226980004,0.00122522113490002,6.0648446177551e-06,0.0500343869018386,0.048975163313333,0.0244875816566665,0.000121213529200499,0.204551180310849,0.171530946600137,0.204551180310849
"151",33050,2,1,10.4,4.34,0.0832837783262981,0.0416418891631491,0.000206127351357588,0.0500343869018386,1.66453080537772,0.832265402688862,0.00411971374330987,13.8169133093758,9.8601815317842,13.8169133093758
"152",33050,2,2,18.5,12.4,0.120395282949748,0.060197641474874,0.000751302830183533,0.0500343869018386,2.40625078880149,1.20312539440074,0.0150157297151956,19.9737718533498,35.9388613018249,19.9737718533498
"153",33050,2,3,16,7.66666666666667,0.124827363859975,0.0624136819299876,0.000390272809260401,0.0500343869018386,2.49483148669077,1.24741574334538,0.00780009176541062,20.7090612331955,18.6688506929446,20.7090612331955
"154",33050,3,1,10.5,3.05,0.0192520724802799,0.00962603624013997,4.76488793886929e-05,0.0500343869018386,0.384776823948101,0.192388411974051,0.000952322639271551,3.19394991235469,2.27930256447895,3.19394991235469
"155",33050,3,3,17,3.85,0.0717200206566537,0.0358600103283268,0.000241512016283679,0.0500343869018386,1.43341459939061,0.716707299695304,0.00482692066872922,11.8984672390484,11.5528206566491,11.8984672390484
"156",33050,4,1,14,5,0.0498429382455289,0.0249214691227644,0.000123361272157684,0.0500343869018386,0.996173658394469,0.498086829197234,0.00246552980452631,8.26902394035099,5.90103413960073,8.26902394035099
"157",33050,4,3,10,1.8,0.00199334053870272,0.000996670269351362,4.93351783328924e-06,0.0500343869018386,0.039839411695269,0.0199197058476345,9.86025439457908e-05,0.330698414178734,0.235996732632231,0.330698414178734
"158",33050,4,4,14,0.9,0.00290942895648951,0.00145471447824475,7.20083666731153e-06,0.0500343869018386,0.0581485881339458,0.0290742940669729,0.000143917755631516,0.482678961971514,0.344454805501512,0.482678961971514
"159",33050,5,1,18.6666666666667,3.53333333333333,0.0840991786995373,0.0420495893497687,0.000208145467281355,0.0500343869018386,1.68082760491359,0.840413802456795,0.00416004832216114,13.952189547989,9.95671888711075,13.952189547989
"160",33050,5,4,26,0.825,0.0444434829518041,0.022221741475902,0.000109997620305715,0.0500343869018386,0.888258769693667,0.444129384846833,0.00219844045499183,7.37324558818552,5.26177868747304,7.37324558818552
"161",34010,1,1,8,7.6,0.0142110572003665,0.00710552860018325,1.15393784466976e-05,0.100068773803677,0.142012904327646,0.0710064521638232,0.000115314478314049,0.818824449904397,0.28553690241851,0.818824449904397
"162",34010,1,2,14.5625,11.175,0.141351994315407,0.0706759971577035,0.000849194557269843,0.100068773803677,1.4125484798357,0.706274239917851,0.0084861093525125,8.14453614226658,21.0129500954952,8.14453614226658
"163",34010,1,3,18,8.1,0.0953670196381452,0.0476835098190726,0.000104611240318714,0.100068773803677,0.953014771873229,0.476507385936615,0.00104539344635069,5.49493583012334,2.58855965741485,5.49493583012334
"164",34010,1,4,23.45,0.254,0.0455750854110253,0.0227875427055126,0.000257590382743115,0.100068773803677,0.455437632327124,0.227718816163562,0.00257413349791291,2.62598297331927,6.37396202239271,2.62598297331927
"165",34010,1,5,22.5,13.4,0.0248975121816093,0.0124487560908046,5.34872668556668e-05,0.100068773803677,0.248804009834828,0.124402004917414,0.000534505069089807,1.43456545341106,1.32351916243549,1.43456545341106
"166",34010,2,1,8.375,6.31666666666667,0.151765997843079,0.0758829989215397,0.00012323399024858,0.100068773803677,1.51661694327169,0.758308471635846,0.00123149295793661,8.74457881253525,3.04937150738156,8.74457881253525
"167",34010,2,2,13,8.97777777777778,0.315129122757558,0.157564561378779,0.000997032592287761,0.100068773803677,3.14912545421815,1.57456272710908,0.00996347366306115,18.1573704864237,24.6711379930189,18.1573704864237
"168",34010,2,3,12.5,5.475,0.181845232069511,0.0909226160347556,0.000200471522359371,0.100068773803677,1.81720256137314,0.908601280686568,0.00200333745222733,10.4777090133178,4.96058065709768,10.4777090133178
"169",34010,2,4,26.0588235294118,0.247647058823529,0.0952267925555356,0.0476133962777678,0.000538221831523887,0.100068773803677,0.951613464779323,0.475806732389662,0.00537851930293273,5.48685611007432,13.318065205785,5.48685611007432
"170",34010,2,5,13.25,13.1,0.0907528558676671,0.0453764279338335,0.000162082290014825,0.100068773803677,0.906904845718537,0.453452422859269,0.00161970896468474,5.22907312491706,4.01065579411486,5.22907312491706
"171",34010,3,1,10.5,3.37857142857143,0.115730453557857,0.0578652267789286,9.39731282889801e-05,0.100068773803677,1.1565091602392,0.5782545801196,0.00093908543811423,6.66825301141247,2.32532420061947,6.66825301141247
"172",34010,3,2,10.75,4.4,0.0388467389402841,0.019423369470142,6.90103026379391e-05,0.100068773803677,0.388200409215533,0.194100204607766,0.000689628742461949,2.23830354032616,1.70762993355508,2.23830354032616
"173",34010,3,3,10,3.4,0.0566660942899922,0.0283330471449961,6.21589143729746e-05,0.100068773803677,0.566271496452671,0.283135748226336,0.000621161947031777,3.26503389797326,1.53809530987659,3.26503389797326
"174",34010,3,4,19.7894736842105,0.228421052631579,0.0453974440544281,0.022698722027214,0.000256586353795627,0.100068773803677,0.453662439628693,0.226831219814346,0.00256410010878137,2.61574748668058,6.34911776263225,2.61574748668058
"175",34010,4,1,12.9166666666667,4.65,0.117189874534596,0.0585949372672981,9.51581781220921e-05,0.100068773803677,1.17109333991149,0.585546669955747,0.000950927792008133,6.75234313655998,2.35464774348804,6.75234313655998
"176",34010,4,4,30.2727272727273,0.262727272727273,0.0710536755428985,0.0355268377714492,5.76955845408335e-05,0.100068773803677,0.710048428117018,0.355024214058509,0.000576559323631019,4.09402945676687,1.42765215380639,4.09402945676687
"177",34010,5,1,10.7857142857143,5.50714285714286,0.0975304062094849,0.0487652031047424,7.91946898421017e-05,0.100068773803677,0.974633769379723,0.487316884689862,0.000791402620736335,5.6195876272579,1.95963816681824,5.6195876272579
"178",34010,5,4,33.2307692307692,0.247692307692308,0.0370064707735736,0.0185032353867868,3.00492542681418e-05,0.100068773803677,0.369810375074405,0.184905187537202,0.000300286024560417,2.13226944673005,0.743555731649214,2.13226944673005
"179",34030,1,1,8.75,8.5,0.0992232141409636,0.0496116070704818,8.05692498824624e-05,0.0500343869018386,1.98310042922335,0.991550214611677,0.00161027754852936,48.7307720355324,21.781604026835,48.7307720355324
"180",34030,1,2,13,10.3,0.00889076021903587,0.00444538010951794,0.000144490917901099,0.0500343869018386,0.177692998147024,0.0888464990735118,0.00288783228591514,4.36645409249599,39.0625947714169,4.36645409249599
"181",34030,1,3,14,2.1,0.029941388608009,0.0149706943040045,3.67721978334197e-05,0.0500343869018386,0.598416218564852,0.299208109282426,0.000734938511499347,14.7048953746985,9.94123010419553,14.7048953746985
"182",34030,3,4,30.5,0.25,0.011328300365506,0.00566415018275299,6.40275536658398e-05,0.0500343869018386,0.226410296337411,0.113205148168706,0.00127967099489905,5.5635853710327,17.3096165446591,5.5635853710327
"183",34030,4,3,10,1.2,0.00132889369246848,0.000664446846234241,1.07906167828441e-06,0.0500343869018386,0.026559607796846,0.013279803898423,2.1566401531039e-05,0.652649847596537,0.291720404884135,0.652649847596537
"184",34030,4,4,30.4285714285714,0.214285714285714,0.0170740691253992,0.00853703456269961,1.38641441298242e-05,0.0500343869018386,0.341246694176476,0.170623347088238,0.000277092315671299,8.38546279186951,3.74812100208633,8.38546279186951
"185",34030,5,1,9,2.75,0.00392212134837418,0.00196106067418709,3.18476253487983e-06,0.0500343869018386,0.0783885162032444,0.0391942581016222,6.36514751570345e-05,1.92624279487446,0.860988982216544,1.92624279487446
"186",34030,5,4,31.75,0.216666666666667,0.0319063605650498,0.0159531802825249,2.59079647788205e-05,0.0500343869018386,0.637688648561763,0.318844324280881,0.000517803182632151,15.6699376918999,7.00412416370641,15.6699376918999
"187",34040,2,1,10.6666666666667,3.53333333333333,0.035080625782237,0.0175403128911185,2.84854681351764e-05,0.0500343869018386,0.701130321653804,0.350565160826902,0.000569317821182889,10.3103214977952,2.15927214227445,10.3103214977952
"188",34040,2,4,31.5,0.288888888888889,0.174523702879665,0.0872618514398327,0.000986407968675869,0.0500343869018386,3.48807517561991,1.74403758780996,0.0197146008926038,51.2931410301741,74.772274676052,51.2931410301741
"189",34040,3,3,16,6.25,0.0409329517406288,0.0204664758703144,5.11148723400736e-05,0.0500343869018386,0.818096398801374,0.409048199400687,0.00102159485716003,12.0303410469181,3.87463949604325,12.0303410469181
"190",34040,3,4,22.75,0.25,0.0372651008179841,0.018632550408992,0.000210622349823246,0.0500343869018386,0.744789796087513,0.372394898043756,0.00420955192748662,10.9523465307085,15.9657187431687,10.9523465307085
"191",34040,4,4,26.3333333333333,0.133333333333333,0.00333663057950628,0.00166831528975314,2.7093440305591e-06,0.0500343869018386,0.0666867485765808,0.0333433742882904,5.41496398441837e-05,0.980647671670208,0.205375283329098,0.980647671670208
"192",34040,5,1,11.5714285714286,3.18571428571429,0.0273794983388229,0.0136897491694114,2.22321526511242e-05,0.0500343869018386,0.547213627150826,0.273606813575413,0.000444337465246471,8.04693257394947,1.68525465878106,8.04693257394947
"193",34040,5,3,13,1.45,0.00489685544702185,0.00244842772351092,3.97624662298174e-06,0.0500343869018386,0.0978698001562182,0.0489349000781091,7.94702777268492e-05,1.43920334547138,0.301409775787214,1.43920334547138
"194",34040,5,4,38.3333333333333,0.3,0.0168322764468157,0.00841613822340784,1.36678084748143e-05,0.0500343869018386,0.33641416411954,0.16820708205977,0.000273168301265066,4.94706630331295,1.0360552245643,4.94706630331295
"195",35500,4,1,10.6666666666667,1.83333333333333,0.0128483285550189,0.00642416427750943,2.34867445985745e-05,0.0500343869018386,0.256789966872697,0.128394983436349,0.000469412059443291,11.8478400994237,11.8478400994237,11.8478400994237
"196",35500,4,4,12,0.7,0.00166253083227972,0.000831265416139859,3.03910636140733e-06,0.0500343869018386,0.033227764647969,0.0166138823239845,6.07403537764874e-05,1.5330709653683,1.5330709653683,1.5330709653683
"197",35500,5,1,9.5,1.7,0.00605055037118126,0.00302527518559063,1.10604060785193e-05,0.0500343869018386,0.120927840747838,0.0604639203739191,0.000221056092887048,5.5793991416309,5.5793991416309,5.5793991416309
"198",35500,5,4,29.5,0.44,0.0878830699711535,0.0439415349855768,0.000160650251907269,0.0500343869018386,1.7564534195966,0.878226709798298,0.00321079685102258,81.0396897935772,81.0396897935771,81.0396897935772
