"";"stand_component";"plot_ID";"inv";"compartiment";"SP_code";"B_t_ha";"C_t_ha";"N_t_ha";"stand";"n_ha";"n_SP"
"1";"RG";140037;"BZE3";"ag";"gfi";0,00757144593873932;0,00378572296936966;3,28827897119449e-05;"all";NA;NA
"2";"RG";140037;"BZE3";"ag";"rbu";0,292117321785243;0,146058660892622;0,0013440310617679;"all";NA;NA
"3";"RG";140037;"BZE3";"ag";"vbe";0,968306219718738;0,484153109859369;0,00445517470962791;"all";NA;NA
"4";"RG";140037;"BZE3";"bg";"rbu";1,05034870140865e-07;5,25174350704324e-08;3,18255656526821e-10;"all";NA;NA
"5";"RG";140037;"BZE3";"bg";"vbe";3,15104610422594e-07;1,57552305211297e-07;9,54766969580462e-10;"all";NA;NA
"6";"RG";140037;"BZE3";"fwb";"rbu";0,289924453412466;0,144962226706233;0,00133394241015076;"all";NA;NA
"7";"RG";140037;"BZE3";"fwb";"vbe";0,869773360237398;0,434886680118699;0,00400182723045227;"all";NA;NA
"8";"RG";140037;"BZE3";"ndl";"rbu";1,59914366470261e-07;7,99571832351304e-08;0;"all";NA;NA
"9";"RG";140037;"BZE3";"ndl";"vbe";4,79743099410783e-07;2,39871549705391e-07;0;"all";NA;NA
"10";"RG";140037;"BZE3";"total";"rbu";0,289924718361704;0,144962359180852;0,00133394272840641;"all";NA;NA
"11";"RG";140037;"BZE3";"total";"vbe";0,869774155085112;0,434887077542555;0,00400182818521924;"all";NA;NA
"12";"RG";140037;"BZE3";"ag";"all";1,26799498744272;0,63399749372136;0,00583208856110775;"A";NA;NA
"13";"RG";140037;"BZE3";"bg";"all";4,20139480563459e-07;2,1006974028173e-07;1,27302262610728e-09;"A";NA;NA
"14";"RG";140037;"BZE3";"fwb";"all";1,15969781364986;0,579848906824932;0,00533576964060303;"A";NA;NA
"15";"RG";140037;"BZE3";"ndl";"all";6,39657465881043e-07;3,19828732940522e-07;0;"A";NA;NA
"16";"RG";140037;"BZE3";"total";"all";1,15969887344682;0,579849436723407;0,00533577091362565;"A";NA;NA
"17";"RG";140037;"BZE3";"ag";"all";1,26799498744272;0,63399749372136;0,00583208856110775;"all";7442,19807718122;3
"18";"RG";140037;"BZE3";"bg";"all";4,20139480563459e-07;2,1006974028173e-07;1,27302262610728e-09;"all";7442,19807718122;3
"19";"RG";140037;"BZE3";"fwb";"all";1,15969781364986;0,579848906824932;0,00533576964060303;"all";7442,19807718122;3
"20";"RG";140037;"BZE3";"ndl";"all";6,39657465881043e-07;3,19828732940522e-07;0;"all";7442,19807718122;3
"21";"RG";140037;"BZE3";"total";"all";1,15969887344682;0,579849436723407;0,00533577091362565;"all";7442,19807718122;3
"22";"RG";140038;"BZE3";"ag";"as";0,00141797349256686;0,000708986746283429;8,58866544447746e-06;"all";NA;NA
"23";"RG";140038;"BZE3";"ag";"gfi";2,69333125593919;1,34666562796959;0,00906500051392294;"all";NA;NA
"24";"RG";140038;"BZE3";"ag";"rbu";0,613180601752103;0,306590300876051;0,00282124239254159;"all";NA;NA
"25";"RG";140038;"BZE3";"ag";"vbe";0,0618249143788154;0,0309124571894077;0,00028445643105693;"all";NA;NA
"26";"RG";140038;"BZE3";"bg";"gfi";0,893161255811642;0,446580627905822;0,00369768759906019;"all";NA;NA
"27";"RG";140038;"BZE3";"bg";"rbu";2,22145143659552e-07;1,11072571829776e-07;6,73099785288443e-10;"all";NA;NA
"28";"RG";140038;"BZE3";"fwb";"gfi";1,80890503017472;0,904452515087358;0,00785607454604878;"all";NA;NA
"29";"RG";140038;"BZE3";"fwb";"rbu";0,613180263538708;0,306590131769354;0,00282124239254159;"all";NA;NA
"30";"RG";140038;"BZE3";"ndl";"gfi";0,606064271384052;0,303032135692026;0;"all";NA;NA
"31";"RG";140038;"BZE3";"ndl";"rbu";3,38213393943554e-07;1,69106696971777e-07;0;"all";NA;NA
"32";"RG";140038;"BZE3";"total";"gfi";3,30813055737042;1,65406527868521;0,011553762145109;"all";NA;NA
"33";"RG";140038;"BZE3";"total";"rbu";0,613180823897248;0,306590411948623;0,00282124306564138;"all";NA;NA
"34";"RG";140038;"BZE3";"ag";"all";3,36975474556267;1,68487737278134;0,0121792880029659;"A";NA;NA
"35";"RG";140038;"BZE3";"bg";"all";0,893161477956786;0,446580738978394;0,00369768827215998;"A";NA;NA
"36";"RG";140038;"BZE3";"fwb";"all";2,42208529371342;1,21104264685671;0,0106773169385904;"A";NA;NA
"37";"RG";140038;"BZE3";"ndl";"all";0,606064609597446;0,303032304798723;0;"A";NA;NA
"38";"RG";140038;"BZE3";"total";"all";3,92131138126767;1,96065569063383;0,0143750052107504;"A";NA;NA
"39";"RG";140038;"BZE3";"ag";"all";3,36975474556267;1,68487737278134;0,0121792880029659;"all";7869,99669148472;4
"40";"RG";140038;"BZE3";"bg";"all";0,893161477956786;0,446580738978394;0,00369768827215998;"all";7869,99669148472;4
"41";"RG";140038;"BZE3";"fwb";"all";2,42208529371342;1,21104264685671;0,0106773169385904;"all";7869,99669148472;4
"42";"RG";140038;"BZE3";"ndl";"all";0,606064609597446;0,303032304798723;0;"all";7869,99669148472;4
"43";"RG";140038;"BZE3";"total";"all";3,92131138126767;1,96065569063383;0,0143750052107504;"all";7869,99669148472;4
"44";"RG";140039;"BZE3";"ag";"bi";0,193394199488391;0,0966970997441957;0,00117138866630119;"all";NA;NA
"45";"RG";140039;"BZE3";"ag";"gfi";0,306625004402623;0,153312502201312;0,00133167239412059;"all";NA;NA
"46";"RG";140039;"BZE3";"ag";"rbu";2,59736468729348;1,29868234364674;0,0436971340657139;"all";NA;NA
"47";"RG";140039;"BZE3";"ag";"vbe";2,56327734040968;1,28163867020484;0,0435402981827016;"all";NA;NA
"48";"RG";140039;"BZE3";"bg";"rbu";3,33298430059261e-06;1,66649215029631e-06;1,00989424307956e-08;"all";NA;NA
"49";"RG";140039;"BZE3";"bg";"vbe";3,33298430059261e-06;1,66649215029631e-06;1,00989424307956e-08;"all";NA;NA
"50";"RG";140039;"BZE3";"fwb";"rbu";9,19993189200594;4,59996594600297;0,0423288866351193;"all";NA;NA
"51";"RG";140039;"BZE3";"fwb";"vbe";9,19993189200594;4,59996594600297;0,0423288866351193;"all";NA;NA
"52";"RG";140039;"BZE3";"ndl";"rbu";5,07442977907989e-06;2,53721488953994e-06;0;"all";NA;NA
"53";"RG";140039;"BZE3";"ndl";"vbe";5,07442977907989e-06;2,53721488953994e-06;0;"all";NA;NA
"54";"RG";140039;"BZE3";"total";"rbu";2,29998507485501;1,14999253742751;0,0211644483670309;"all";NA;NA
"55";"RG";140039;"BZE3";"total";"vbe";2,29998507485501;1,14999253742751;0,0211644483670309;"all";NA;NA
"56";"RG";140039;"BZE3";"ag";"all";5,55692741225005;2,77846370612502;0,0892390346831346;"A";NA;NA
"57";"RG";140039;"BZE3";"ag";"all";0,103733819344135;0,0518669096720677;0,000501458625702688;"B";NA;NA
"58";"RG";140039;"BZE3";"bg";"all";6,66596860118522e-06;3,33298430059262e-06;2,01978848615913e-08;"A";NA;NA
"59";"RG";140039;"BZE3";"fwb";"all";18,3998637840119;9,19993189200594;0,0846577732702387;"A";NA;NA
"60";"RG";140039;"BZE3";"ndl";"all";1,01488595581598e-05;5,07442977907989e-06;0;"A";NA;NA
"61";"RG";140039;"BZE3";"total";"all";4,59997014971002;2,29998507485502;0,0423288967340618;"A";NA;NA
"62";"RG";140039;"BZE3";"ag";"all";5,66066123159418;2,83033061579709;0,0897404933088373;"all";69863,1393282152;4
"63";"RG";140039;"BZE3";"bg";"all";6,66596860118522e-06;3,33298430059262e-06;2,01978848615913e-08;"all";69863,1393282152;4
"64";"RG";140039;"BZE3";"fwb";"all";18,3998637840119;9,19993189200594;0,0846577732702387;"all";69863,1393282152;4
"65";"RG";140039;"BZE3";"ndl";"all";1,01488595581598e-05;5,07442977907989e-06;0;"all";69863,1393282152;4
"66";"RG";140039;"BZE3";"total";"all";4,59997014971002;2,29998507485502;0,0423288967340618;"all";69863,1393282152;4
"67";"RG";140040;"BZE3";"ag";"bah";0,0066086392420457;0,00330431962102285;2,82717586774715e-05;"all";NA;NA
"68";"RG";140040;"BZE3";"ag";"gfi";0,551077947611478;0,275538973805739;0,00188548502191725;"all";NA;NA
"69";"RG";140040;"BZE3";"ag";"vbe";0,300977752260119;0,150488876130059;0,00138479796261123;"all";NA;NA
"70";"RG";140040;"BZE3";"ag";"wta";0,740064303153453;0,370032151576726;0,00245232951175635;"all";NA;NA
"71";"RG";140040;"BZE3";"bg";"gfi";0,172327200013632;0,0861636000068161;0,000713434608056435;"all";NA;NA
"72";"RG";140040;"BZE3";"bg";"vbe";9,64369124806584e-08;4,82184562403293e-08;2,92203844816396e-10;"all";NA;NA
"73";"RG";140040;"BZE3";"bg";"wta";0,258490800020448;0,129245400010224;0,00107015191208465;"all";NA;NA
"74";"RG";140040;"BZE3";"fwb";"gfi";0,349011488028901;0,17450574401445;0,00151575689250952;"all";NA;NA
"75";"RG";140040;"BZE3";"fwb";"vbe";0,266191780903273;0,133095890451636;0,00122474838393596;"all";NA;NA
"76";"RG";140040;"BZE3";"fwb";"wta";0,523517232043351;0,261758616021676;0,00227363533876427;"all";NA;NA
"77";"RG";140040;"BZE3";"ndl";"gfi";0,116934493336264;0,058467246668132;0;"all";NA;NA
"78";"RG";140040;"BZE3";"ndl";"vbe";1,46824076071215e-07;7,34120380356074e-08;0;"all";NA;NA
"79";"RG";140040;"BZE3";"ndl";"wta";0,175401740004396;0,087700870002198;0;"all";NA;NA
"80";"RG";140040;"BZE3";"total";"gfi";0,638273181378799;0,319136590689399;0,00222919150056595;"all";NA;NA
"81";"RG";140040;"BZE3";"total";"vbe";0,266192024164262;0,133096012082131;0,0012247486761398;"all";NA;NA
"82";"RG";140040;"BZE3";"total";"wta";0,957409772068198;0,478704886034098;0,00334378725084893;"all";NA;NA
"83";"RG";140040;"BZE3";"ag";"all";1,59872864226709;0,799364321133547;0,0057508842549623;"A";NA;NA
"84";"RG";140040;"BZE3";"bg";"all";0,430818096470992;0,215409048235497;0,00178358681234493;"A";NA;NA
"85";"RG";140040;"BZE3";"fwb";"all";1,13872050097552;0,569360250487762;0,00501414061520975;"A";NA;NA
"86";"RG";140040;"BZE3";"ndl";"all";0,292336380164736;0,146168190082368;0;"A";NA;NA
"87";"RG";140040;"BZE3";"total";"all";1,86187497761126;0,930937488805627;0,00679772742755469;"A";NA;NA
"88";"RG";140040;"BZE3";"ag";"all";1,59872864226709;0,799364321133547;0,0057508842549623;"all";6832,99368743278;4
"89";"RG";140040;"BZE3";"bg";"all";0,430818096470992;0,215409048235497;0,00178358681234493;"all";6832,99368743278;4
"90";"RG";140040;"BZE3";"fwb";"all";1,13872050097552;0,569360250487762;0,00501414061520975;"all";6832,99368743278;4
"91";"RG";140040;"BZE3";"ndl";"all";0,292336380164736;0,146168190082368;0;"all";6832,99368743278;4
"92";"RG";140040;"BZE3";"total";"all";1,86187497761126;0,930937488805627;0,00679772742755469;"all";6832,99368743278;4
"93";"RG";140041;"BZE3";"ag";"gfi";12,7717580084303;6,38587900421517;0,0453204555866967;"all";NA;NA
"94";"RG";140041;"BZE3";"ag";"rbu";0,370880050706633;0,185440025353316;0,00170641818353266;"all";NA;NA
"95";"RG";140041;"BZE3";"ag";"vbe";0,00631727633697907;0,00315863816848953;2,90657884264407e-05;"all";NA;NA
"96";"RG";140041;"BZE3";"bg";"gfi";4,0692220631694;2,0346110315847;0,0168465793415213;"all";NA;NA
"97";"RG";140041;"BZE3";"bg";"rbu";1,32729860996768e-07;6,63649304983842e-08;4,02171478820208e-10;"all";NA;NA
"98";"RG";140041;"BZE3";"fwb";"gfi";9,77721733475691;4,88860866737846;0,0424624548848493;"all";NA;NA
"99";"RG";140041;"BZE3";"fwb";"rbu";0,366370066906276;0,183185033453138;0,00168566867783578;"all";NA;NA
"100";"RG";140041;"BZE3";"ndl";"gfi";2,33647005386053;1,16823502693027;0;"all";NA;NA
"101";"RG";140041;"BZE3";"ndl";"rbu";2,02079667490597e-07;1,01039833745299e-07;0;"all";NA;NA
"102";"RG";140041;"BZE3";"total";"gfi";16,1829094517869;8,09145472589343;0,0593090342263706;"all";NA;NA
"103";"RG";140041;"BZE3";"total";"rbu";0,366370401715806;0,183185200857903;0,00168566908000726;"all";NA;NA
"104";"RG";140041;"BZE3";"ag";"all";13,148955335474;6,57447766773698;0,0470559395586558;"A";NA;NA
"105";"RG";140041;"BZE3";"bg";"all";4,06922219589926;2,03461109794963;0,0168465797436928;"A";NA;NA
"106";"RG";140041;"BZE3";"fwb";"all";10,1435874016632;5,07179370083159;0,044148123562685;"A";NA;NA
"107";"RG";140041;"BZE3";"ndl";"all";2,3364702559402;1,1682351279701;0;"A";NA;NA
"108";"RG";140041;"BZE3";"total";"all";16,5492798535027;8,27463992675133;0,0609947033063779;"A";NA;NA
"109";"RG";140041;"BZE3";"ag";"all";13,148955335474;6,57447766773698;0,0470559395586558;"all";9404,51409108152;3
"110";"RG";140041;"BZE3";"bg";"all";4,06922219589926;2,03461109794963;0,0168465797436928;"all";9404,51409108152;3
"111";"RG";140041;"BZE3";"fwb";"all";10,1435874016632;5,07179370083159;0,044148123562685;"all";9404,51409108152;3
"112";"RG";140041;"BZE3";"ndl";"all";2,3364702559402;1,1682351279701;0;"all";9404,51409108152;3
"113";"RG";140041;"BZE3";"total";"all";16,5492798535027;8,27463992675133;0,0609947033063779;"all";9404,51409108152;3
"114";"RG";140042;"BZE3";"ag";"gfi";10,7407883366683;5,37039416833414;0,0353536377710312;"all";NA;NA
"115";"RG";140042;"BZE3";"ag";"vbe";0,0112235630899459;0,00561178154497295;5,16396137768412e-05;"all";NA;NA
"116";"RG";140042;"BZE3";"bg";"gfi";3,8322514347874;1,9161257173937;0,0158655209400198;"all";NA;NA
"117";"RG";140042;"BZE3";"fwb";"gfi";7,76139678269152;3,88069839134576;0,0337077462272293;"all";NA;NA
"118";"RG";140042;"BZE3";"ndl";"gfi";2,6004158358552;1,3002079179276;0;"all";NA;NA
"119";"RG";140042;"BZE3";"total";"gfi";14,1940640533342;7,09703202666707;0,0495732671672492;"all";NA;NA
"120";"RG";140042;"BZE3";"ag";"all";9,44632722918992;4,72316361459496;0,0310897416782795;"A";NA;NA
"121";"RG";140042;"BZE3";"ag";"all";1,30568467056832;0,652842335284158;0,00431553570652848;"B";NA;NA
"122";"RG";140042;"BZE3";"bg";"all";3,37238126261291;1,68619063130646;0,0139616584272174;"A";NA;NA
"123";"RG";140042;"BZE3";"bg";"all";0,459870172174488;0,229935086087245;0,00190386251280238;"B";NA;NA
"124";"RG";140042;"BZE3";"fwb";"all";6,83002916876854;3,41501458438427;0,0296628166799618;"A";NA;NA
"125";"RG";140042;"BZE3";"fwb";"all";0,931367613922983;0,465683806961491;0,00404492954726751;"B";NA;NA
"126";"RG";140042;"BZE3";"ndl";"all";2,28836593555258;1,14418296777629;0;"A";NA;NA
"127";"RG";140042;"BZE3";"ndl";"all";0,312049900302625;0,156024950151312;0;"B";NA;NA
"128";"RG";140042;"BZE3";"total";"all";12,4907763669341;6,24538818346702;0,0436244751071793;"A";NA;NA
"129";"RG";140042;"BZE3";"total";"all";1,7032876864001;0,851643843200048;0,0059487920600699;"B";NA;NA
"130";"RG";140042;"BZE3";"ag";"all";10,7520118997582;5,37600594987912;0,035405277384808;"all";12156,2933120186;2
"131";"RG";140042;"BZE3";"bg";"all";3,8322514347874;1,9161257173937;0,0158655209400198;"all";12156,2933120186;2
"132";"RG";140042;"BZE3";"fwb";"all";7,76139678269152;3,88069839134576;0,0337077462272293;"all";12156,2933120186;2
"133";"RG";140042;"BZE3";"ndl";"all";2,6004158358552;1,3002079179276;0;"all";12156,2933120186;2
"134";"RG";140042;"BZE3";"total";"all";14,1940640533342;7,09703202666707;0,0495732671672492;"all";12156,2933120186;2
"135";"RG";140043;"BZE3";"ag";"gfi";0,172936916208442;0,0864684581042209;0,000644564031371145;"all";NA;NA
"136";"RG";140043;"BZE3";"ag";"rbu";0,113526354680606;0,0567631773403032;0,000522334474550156;"all";NA;NA
"137";"RG";140043;"BZE3";"bg";"gfi";0,0361389085613168;0,0180694542806585;0,000149615081443851;"all";NA;NA
"138";"RG";140043;"BZE3";"bg";"rbu";4,04477617207097e-08;2,02238808603549e-08;1,2255671801375e-10;"all";NA;NA
"139";"RG";140043;"BZE3";"fwb";"gfi";0,0731915463822765;0,0365957731911382;0,000317870885938226;"all";NA;NA
"140";"RG";140043;"BZE3";"fwb";"rbu";0,111646686409069;0,0558233432045346;0,000513686404168127;"all";NA;NA
"141";"RG";140043;"BZE3";"ndl";"gfi";0,0245224489344043;0,0122612244672021;0;"all";NA;NA
"142";"RG";140043;"BZE3";"ndl";"rbu";6,15812461331435e-08;3,07906230665718e-08;0;"all";NA;NA
"143";"RG";140043;"BZE3";"total";"gfi";0,133852903877998;0,0669264519389988;0,000467485967382079;"all";NA;NA
"144";"RG";140043;"BZE3";"total";"rbu";0,111646788438078;0,0558233942190386;0,000513686526724845;"all";NA;NA
"145";"RG";140043;"BZE3";"ag";"all";0,278997445198238;0,139498722599119;0,00113447442494611;"A";NA;NA
"146";"RG";140043;"BZE3";"ag";"all";0,00746582569081009;0,00373291284540504;3,24240809751882e-05;"B";NA;NA
"147";"RG";140043;"BZE3";"bg";"all";0,0361389490090786;0,0180694745045393;0,000149615204000569;"A";NA;NA
"148";"RG";140043;"BZE3";"fwb";"all";0,184838232791346;0,0924191163956728;0,000831557290106354;"A";NA;NA
"149";"RG";140043;"BZE3";"ndl";"all";0,0245225105156504;0,0122612552578252;0;"A";NA;NA
"150";"RG";140043;"BZE3";"total";"all";0,245499692316075;0,122749846158037;0,000981172494106924;"A";NA;NA
"151";"RG";140043;"BZE3";"ag";"all";0,286463270889048;0,143231635444524;0,0011668985059213;"all";2292,72624682028;2
"152";"RG";140043;"BZE3";"bg";"all";0,0361389490090786;0,0180694745045393;0,000149615204000569;"all";2292,72624682028;2
"153";"RG";140043;"BZE3";"fwb";"all";0,184838232791346;0,0924191163956728;0,000831557290106354;"all";2292,72624682028;2
"154";"RG";140043;"BZE3";"ndl";"all";0,0245225105156504;0,0122612552578252;0;"all";2292,72624682028;2
"155";"RG";140043;"BZE3";"total";"all";0,245499692316075;0,122749846158037;0,000981172494106924;"all";2292,72624682028;2
"156";"RG";140044;"BZE3";"ag";"gfi";0,00709996036692714;0,00354998018346357;3,08351278735646e-05;"all";NA;NA
"157";"RG";140044;"BZE3";"ag";"vbe";9,0738332301251e-05;4,53691661506255e-05;4,17487066918056e-07;"all";NA;NA
"158";"RG";140044;"BZE3";"ag";NA;0;0;0;"all";NA;NA
"159";"RG";140044;"BZE3";"bg";NA;0;0;0;"all";NA;NA
"160";"RG";140044;"BZE3";"total";NA;0;0;0;"all";NA;NA
"161";"RG";140044;"BZE3";"ag";"all";0,00719069869922839;0,0035953493496142;3,12526149404827e-05;"A";NA;NA
"162";"RG";140044;"BZE3";"ag";"all";0;0;0;NA;NA;NA
"163";"RG";140044;"BZE3";"bg";"all";0;0;0;NA;NA;NA
"164";"RG";140044;"BZE3";"total";"all";0;0;0;NA;NA;NA
"165";"RG";140044;"BZE3";"ag";"all";0,00719069869922839;0,0035953493496142;3,12526149404827e-05;"all";275,926435931265;2
"166";"RG";140044;"BZE3";"bg";"all";0;0;0;"all";275,926435931265;2
"167";"RG";140044;"BZE3";"total";"all";0;0;0;"all";275,926435931265;2
"168";"RG";140045;"BZE3";"ag";"gfi";0,931417136706203;0,465708568353101;0,00404514462471503;"all";NA;NA
"169";"RG";140045;"BZE3";"ag";"rbu";1,05270591974757;0,526352959873785;0,00484349730702106;"all";NA;NA
"170";"RG";140045;"BZE3";"ag";"vbe";0,000542681228495025;0,000271340614247512;2,49687633230561e-06;"all";NA;NA
"171";"RG";140045;"BZE3";"bg";"rbu";3,75410302732748e-07;1,87705151366375e-07;1,13749321728023e-09;"all";NA;NA
"172";"RG";140045;"BZE3";"fwb";"rbu";1,03623326881094;0,518116634405469;0,00476770926979912;"all";NA;NA
"173";"RG";140045;"BZE3";"ndl";"rbu";5,71557813585184e-07;2,85778906792592e-07;0;"all";NA;NA
"174";"RG";140045;"BZE3";"total";"rbu";1,03623421577906;0,518117107889528;0,00476771040729234;"all";NA;NA
"175";"RG";140045;"BZE3";"ag";"all";1,98466573768227;0,992332868841133;0,0088911388080684;"A";NA;NA
"176";"RG";140045;"BZE3";"bg";"all";3,75410302732748e-07;1,87705151366375e-07;1,13749321728023e-09;"A";NA;NA
"177";"RG";140045;"BZE3";"fwb";"all";1,03623326881094;0,518116634405469;0,00476770926979912;"A";NA;NA
"178";"RG";140045;"BZE3";"ndl";"all";5,71557813585184e-07;2,85778906792592e-07;0;"A";NA;NA
"179";"RG";140045;"BZE3";"total";"all";1,03623421577906;0,518117107889528;0,00476771040729234;"A";NA;NA
"180";"RG";140045;"BZE3";"ag";"all";1,98466573768227;0,992332868841133;0,0088911388080684;"all";26599,5267038913;3
"181";"RG";140045;"BZE3";"bg";"all";3,75410302732748e-07;1,87705151366375e-07;1,13749321728023e-09;"all";26599,5267038913;3
"182";"RG";140045;"BZE3";"fwb";"all";1,03623326881094;0,518116634405469;0,00476770926979912;"all";26599,5267038913;3
"183";"RG";140045;"BZE3";"ndl";"all";5,71557813585184e-07;2,85778906792592e-07;0;"all";26599,5267038913;3
"184";"RG";140045;"BZE3";"total";"all";1,03623421577906;0,518117107889528;0,00476771040729234;"all";26599,5267038913;3
"185";"RG";140046;"BZE3";"ag";"as";0,100606848156963;0,0503034240784813;0,000609375679286722;"all";NA;NA
"186";"RG";140046;"BZE3";"ag";"gfi";9,99354736009059;4,99677368004529;0,0717572546039062;"all";NA;NA
"187";"RG";140046;"BZE3";"ag";"sbi";1,33332514185821;0,666662570929106;0,00807595038423519;"all";NA;NA
"188";"RG";140046;"BZE3";"bg";"gfi";4,83869534500228;2,41934767250115;0,0200321987283094;"all";NA;NA
"189";"RG";140046;"BZE3";"fwb";"gfi";9,79973133866374;4,89986566933187;0,0425602332038166;"all";NA;NA
"190";"RG";140046;"BZE3";"ndl";"gfi";3,28334928282722;1,64167464141361;0;"all";NA;NA
"191";"RG";140046;"BZE3";"total";"gfi";4,48044399162331;2,24022199581166;0,031296215966063;"all";NA;NA
"192";"RG";140046;"BZE3";"ag";"all";7,80129004024798;3,90064502012399;0,0631883895050604;"A";NA;NA
"193";"RG";140046;"BZE3";"ag";"all";2,9564013846066;1,4782006923033;0,0135687417156959;"B";NA;NA
"194";"RG";140046;"BZE3";"ag";"all";0,669787925251185;0,334893962625592;0,00368544944667185;"C";NA;NA
"195";"RG";140046;"BZE3";"bg";"all";4,83869534500228;2,41934767250115;0,0200321987283094;"A";NA;NA
"196";"RG";140046;"BZE3";"fwb";"all";9,79973133866374;4,89986566933187;0,0425602332038166;"A";NA;NA
"197";"RG";140046;"BZE3";"ndl";"all";3,28334928282722;1,64167464141361;0;"A";NA;NA
"198";"RG";140046;"BZE3";"total";"all";4,48044399162331;2,24022199581166;0,031296215966063;"A";NA;NA
"199";"RG";140046;"BZE3";"ag";"all";11,4274793501058;5,71373967505288;0,0804425806674281;"all";184665,686509447;3
"200";"RG";140046;"BZE3";"bg";"all";4,83869534500228;2,41934767250115;0,0200321987283094;"all";184665,686509447;3
"201";"RG";140046;"BZE3";"fwb";"all";9,79973133866374;4,89986566933187;0,0425602332038166;"all";184665,686509447;3
"202";"RG";140046;"BZE3";"ndl";"all";3,28334928282722;1,64167464141361;0;"all";184665,686509447;3
"203";"RG";140046;"BZE3";"total";"all";4,48044399162331;2,24022199581166;0,031296215966063;"all";184665,686509447;3
"204";"RG";140047;"BZE3";"ag";"gfi";0,883378795349957;0,441689397674979;0,00315365209983367;"all";NA;NA
"205";"RG";140047;"BZE3";"ag";NA;0;0;0;"all";NA;NA
"206";"RG";140047;"BZE3";"bg";"gfi";0,272804029507737;0,136402014753868;0,00112940868216203;"all";NA;NA
"207";"RG";140047;"BZE3";"bg";NA;0;0;0;"all";NA;NA
"208";"RG";140047;"BZE3";"fwb";"gfi";0,652716517995848;0,326358258997924;0,00283474783765597;"all";NA;NA
"209";"RG";140047;"BZE3";"ndl";"gfi";0,157232790322632;0,0786163951613159;0;"all";NA;NA
"210";"RG";140047;"BZE3";"total";"gfi";1,08275333782622;0,541376668913108;0,003964156519818;"all";NA;NA
"211";"RG";140047;"BZE3";"total";NA;0;0;0;"all";NA;NA
"212";"RG";140047;"BZE3";"ag";"all";0,883378795349957;0,441689397674979;0,00315365209983367;"A";NA;NA
"213";"RG";140047;"BZE3";"ag";"all";0;0;0;NA;NA;NA
"214";"RG";140047;"BZE3";"bg";"all";0,272804029507737;0,136402014753868;0,00112940868216203;"A";NA;NA
"215";"RG";140047;"BZE3";"bg";"all";0;0;0;NA;NA;NA
"216";"RG";140047;"BZE3";"fwb";"all";0,652716517995848;0,326358258997924;0,00283474783765597;"A";NA;NA
"217";"RG";140047;"BZE3";"ndl";"all";0,157232790322632;0,0786163951613159;0;"A";NA;NA
"218";"RG";140047;"BZE3";"total";"all";1,08275333782622;0,541376668913108;0,003964156519818;"A";NA;NA
"219";"RG";140047;"BZE3";"total";"all";0;0;0;NA;NA;NA
"220";"RG";140047;"BZE3";"ag";"all";0,883378795349957;0,441689397674979;0,00315365209983367;"all";1092,48311508913;1
"221";"RG";140047;"BZE3";"bg";"all";0,272804029507737;0,136402014753868;0,00112940868216203;"all";1092,48311508913;1
"222";"RG";140047;"BZE3";"fwb";"all";0,652716517995848;0,326358258997924;0,00283474783765597;"all";1092,48311508913;1
"223";"RG";140047;"BZE3";"ndl";"all";0,157232790322632;0,0786163951613159;0;"all";1092,48311508913;1
"224";"RG";140047;"BZE3";"total";"all";1,08275333782622;0,541376668913108;0,003964156519818;"all";1092,48311508913;1
"225";"RG";140048;"BZE3";"ag";"ela";0,744034249920088;0,372017124960044;0,0022238337264618;"all";NA;NA
"226";"RG";140048;"BZE3";"ag";"gfi";32,9498161725532;16,4749080862766;0,116636238237846;"all";NA;NA
"227";"RG";140048;"BZE3";"ag";"rbu";0,0400047479788964;0,0200023739894482;0,000184061845450903;"all";NA;NA
"228";"RG";140048;"BZE3";"bg";"ela";0,280247746655339;0,14012387332767;0,000784693690634948;"all";NA;NA
"229";"RG";140048;"BZE3";"bg";"gfi";10,5705485534828;5,28527427674139;0,0437620710114186;"all";NA;NA
"230";"RG";140048;"BZE3";"fwb";"ela";0,548012253933415;0,274006126966707;0,0022238337264618;"all";NA;NA
"231";"RG";140048;"BZE3";"fwb";"gfi";25,3369165021771;12,6684582510885;0,110038228368955;"all";NA;NA
"232";"RG";140048;"BZE3";"ndl";"ela";0,196021995986674;0,0980109979933368;0;"all";NA;NA
"233";"RG";140048;"BZE3";"ndl";"gfi";6,09367105677012;3,04683552838506;0;"all";NA;NA
"234";"RG";140048;"BZE3";"total";"ela";1,02428199657543;0,512140998287714;0,00300852741709674;"all";NA;NA
"235";"RG";140048;"BZE3";"total";"gfi";42,00113611243;21,000568056215;0,153800299380374;"all";NA;NA
"236";"RG";140048;"BZE3";"ag";"all";29,2184836136069;14,6092418068034;0,104217686865856;"A";NA;NA
"237";"RG";140048;"BZE3";"ag";"all";4,51537155684532;2,25768577842266;0,0148264469439031;"B";NA;NA
"238";"RG";140048;"BZE3";"bg";"all";9,28913771254359;4,6445688562718;0,0384570301299305;"A";NA;NA
"239";"RG";140048;"BZE3";"bg";"all";1,56165858759451;0,780829293797256;0,00608973457212311;"B";NA;NA
"240";"RG";140048;"BZE3";"fwb";"all";22,7416958734129;11,3708479367064;0,0987671851782322;"A";NA;NA
"241";"RG";140048;"BZE3";"fwb";"all";3,14323288269757;1,57161644134879;0,0134948769171845;"B";NA;NA
"242";"RG";140048;"BZE3";"ndl";"all";5,22415581234576;2,61207790617288;0;"A";NA;NA
"243";"RG";140048;"BZE3";"ndl";"all";1,06553724041103;0,532768620205514;0;"B";NA;NA
"244";"RG";140048;"BZE3";"total";"all";37,2549893983023;18,6274946991511;0,137224215308163;"A";NA;NA
"245";"RG";140048;"BZE3";"total";"all";5,77042871070312;2,88521435535156;0,0195846114893077;"B";NA;NA
"246";"RG";140048;"BZE3";"ag";"all";33,7338551704522;16,8669275852261;0,119044133809759;"all";25404,7886417601;3
"247";"RG";140048;"BZE3";"bg";"all";10,8507963001381;5,42539815006906;0,0445467647020536;"all";25404,7886417601;3
"248";"RG";140048;"BZE3";"fwb";"all";25,8849287561105;12,9424643780552;0,112262062095417;"all";25404,7886417601;3
"249";"RG";140048;"BZE3";"ndl";"all";6,28969305275679;3,1448465263784;0;"all";25404,7886417601;3
"250";"RG";140048;"BZE3";"total";"all";43,0254181090054;21,5127090545027;0,15680882679747;"all";25404,7886417601;3
"251";"RG";140049;"BZE3";"ag";NA;0;0;0;"all";NA;NA
"252";"RG";140049;"BZE3";"bg";NA;0;0;0;"all";NA;NA
"253";"RG";140049;"BZE3";"total";NA;0;0;0;"all";NA;NA
"254";"RG";140049;"BZE3";"ag";"all";0;0;0;NA;NA;NA
"255";"RG";140049;"BZE3";"bg";"all";0;0;0;NA;NA;NA
"256";"RG";140049;"BZE3";"total";"all";0;0;0;NA;NA;NA
"257";"RG";140049;"BZE3";"ag";"all";0;0;0;"all";0;0
"258";"RG";140049;"BZE3";"bg";"all";0;0;0;"all";0;0
"259";"RG";140049;"BZE3";"total";"all";0;0;0;"all";0;0
"260";"RG";140050;"BZE3";"ag";"bah";0,000968995043185818;0,000484497521592907;4,14536079474893e-06;"all";NA;NA
"261";"RG";140050;"BZE3";"ag";"bi";0,00506111200520579;0,0025305560026029;3,06551554155315e-05;"all";NA;NA
"262";"RG";140050;"BZE3";"ag";"gfi";0,00344514292379936;0,00172257146189968;1,49622557180606e-05;"all";NA;NA
"263";"RG";140050;"BZE3";"ag";"rbu";0,0514187365138271;0,0257093682569135;0,000236577478317209;"all";NA;NA
"264";"RG";140050;"BZE3";"ag";"vbe";0,00183464288162011;0,000917321440810052;8,44119189833411e-06;"all";NA;NA
"265";"RG";140050;"BZE3";"ag";NA;0;0;0;"all";NA;NA
"266";"RG";140050;"BZE3";"bg";"rbu";1,83274059608281e-08;9,16370298041405e-09;5,55320400613091e-11;"all";NA;NA
"267";"RG";140050;"BZE3";"bg";NA;0;0;0;"all";NA;NA
"268";"RG";140050;"BZE3";"fwb";"rbu";0,0505885630984768;0,0252942815492384;0,000232757978816092;"all";NA;NA
"269";"RG";140050;"BZE3";"ndl";"rbu";2,79032621198895e-08;1,39516310599448e-08;0;"all";NA;NA
"270";"RG";140050;"BZE3";"total";"rbu";0,0505886093291451;0,0252943046645725;0,000232758034348132;"all";NA;NA
"271";"RG";140050;"BZE3";"total";NA;0;0;0;"all";NA;NA
"272";"RG";140050;"BZE3";"ag";"all";0,0627286293676382;0,0313643146838191;0,000294781442143884;"A";NA;NA
"273";"RG";140050;"BZE3";"ag";"all";0;0;0;NA;NA;NA
"274";"RG";140050;"BZE3";"bg";"all";1,83274059608281e-08;9,16370298041405e-09;5,55320400613091e-11;"A";NA;NA
"275";"RG";140050;"BZE3";"bg";"all";0;0;0;NA;NA;NA
"276";"RG";140050;"BZE3";"fwb";"all";0,0505885630984768;0,0252942815492384;0,000232757978816092;"A";NA;NA
"277";"RG";140050;"BZE3";"ndl";"all";2,79032621198895e-08;1,39516310599448e-08;0;"A";NA;NA
"278";"RG";140050;"BZE3";"total";"all";0,0505886093291451;0,0252943046645725;0,000232758034348132;"A";NA;NA
"279";"RG";140050;"BZE3";"total";"all";0;0;0;NA;NA;NA
"280";"RG";140050;"BZE3";"ag";"all";0,0627286293676382;0,0313643146838191;0,000294781442143884;"all";973,935026661648;5
"281";"RG";140050;"BZE3";"bg";"all";1,83274059608281e-08;9,16370298041405e-09;5,55320400613091e-11;"all";973,935026661648;5
"282";"RG";140050;"BZE3";"fwb";"all";0,0505885630984768;0,0252942815492384;0,000232757978816092;"all";973,935026661648;5
"283";"RG";140050;"BZE3";"ndl";"all";2,79032621198895e-08;1,39516310599448e-08;0;"all";973,935026661648;5
"284";"RG";140050;"BZE3";"total";"all";0,0505886093291451;0,0252943046645725;0,000232758034348132;"all";973,935026661648;5
"285";"RG";140051;"BZE3";"ag";"bah";0,198093425708807;0,0990467128544037;0,000847443207755876;"all";NA;NA
"286";"RG";140051;"BZE3";"ag";"gfi";1,63053111202428;0,815265556012141;0,00598398965549848;"all";NA;NA
"287";"RG";140051;"BZE3";"ag";"sei";0,149725429447226;0,0748627147236128;0,00092964424265687;"all";NA;NA
"288";"RG";140051;"BZE3";"ag";"vbe";0,597472572486418;0,298736286243209;0,00274896979785512;"all";NA;NA
"289";"RG";140051;"BZE3";"ag";"wta";0,00177932785332653;0,000889663926663262;7,7276208669971e-06;"all";NA;NA
"290";"RG";140051;"BZE3";"bg";"bah";7,17659566958812e-08;3,58829783479406e-08;2,1745084878852e-10;"all";NA;NA
"291";"RG";140051;"BZE3";"bg";"gfi";0,444100258436658;0,222050129218329;0,00183857506992776;"all";NA;NA
"292";"RG";140051;"BZE3";"bg";"sei";9,87617129924409e-08;4,93808564962204e-08;3,66405955201956e-10;"all";NA;NA
"293";"RG";140051;"BZE3";"bg";"vbe";2,15297870087643e-07;1,07648935043822e-07;6,52352546365561e-10;"all";NA;NA
"294";"RG";140051;"BZE3";"fwb";"bah";0,198093316445974;0,0990466582229868;0,000847443207755876;"all";NA;NA
"295";"RG";140051;"BZE3";"fwb";"gfi";1,07434035382055;0,537170176910277;0,00466586015664267;"all";NA;NA
"296";"RG";140051;"BZE3";"fwb";"sei";0,145938889448445;0,0729694447242226;0,000906134564585396;"all";NA;NA
"297";"RG";140051;"BZE3";"fwb";"vbe";0,594279949337921;0,297139974668961;0,00273428204690377;"all";NA;NA
"298";"RG";140051;"BZE3";"ndl";"bah";1,09262833226363e-07;5,46314166131816e-08;0;"all";NA;NA
"299";"RG";140051;"BZE3";"ndl";"gfi";0,252684081055256;0,126342040527628;0;"all";NA;NA
"300";"RG";140051;"BZE3";"ndl";"sei";1,52807369407898e-07;7,64036847039489e-08;0;"all";NA;NA
"301";"RG";140051;"BZE3";"ndl";"vbe";3,2778849967909e-07;1,63894249839545e-07;0;"all";NA;NA
"302";"RG";140051;"BZE3";"total";"bah";0,198093497474765;0,099046748737382;0,000847443425206724;"all";NA;NA
"303";"RG";140051;"BZE3";"total";"gfi";1,77112469331247;0,885562346656234;0,00650443522657043;"all";NA;NA
"304";"RG";140051;"BZE3";"total";"sei";0,145939141017527;0,0729695705087636;0,000906134930991351;"all";NA;NA
"305";"RG";140051;"BZE3";"total";"vbe";0,594280492424294;0,297140246212146;0,00273428269925632;"all";NA;NA
"306";"RG";140051;"BZE3";"ag";"all";2,57760186752006;1,28880093376003;0,0105177745246333;"A";NA;NA
"307";"RG";140051;"BZE3";"bg";"all";0,444100644262197;0,222050322131099;0,00183857630613711;"A";NA;NA
"308";"RG";140051;"BZE3";"fwb";"all";2,01265250905289;1,00632625452645;0,00915371997588771;"A";NA;NA
"309";"RG";140051;"BZE3";"ndl";"all";0,252684670913959;0,126342335456979;0;"A";NA;NA
"310";"RG";140051;"BZE3";"total";"all";2,70943782422906;1,35471891211453;0,0109922962820248;"A";NA;NA
"311";"RG";140051;"BZE3";"ag";"all";2,57760186752006;1,28880093376003;0,0105177745246333;"all";5084,94430671327;5
"312";"RG";140051;"BZE3";"bg";"all";0,444100644262197;0,222050322131099;0,00183857630613711;"all";5084,94430671327;5
"313";"RG";140051;"BZE3";"fwb";"all";2,01265250905289;1,00632625452645;0,00915371997588771;"all";5084,94430671327;5
"314";"RG";140051;"BZE3";"ndl";"all";0,252684670913959;0,126342335456979;0;"all";5084,94430671327;5
"315";"RG";140051;"BZE3";"total";"all";2,70943782422906;1,35471891211453;0,0109922962820248;"all";5084,94430671327;5
"316";"RG";140052;"BZE3";"ag";"gfi";0,0482511799491078;0,0241255899745539;0,000209554874518975;"all";NA;NA
"317";"RG";140052;"BZE3";"ag";"vbe";0,00312855196066658;0,00156427598033329;1,43944675710269e-05;"all";NA;NA
"318";"RG";140052;"BZE3";"ag";"all";0,0513797319097743;0,0256898659548872;0,000223949342090002;"A";NA;NA
"319";"RG";140052;"BZE3";"ag";"all";0,0513797319097743;0,0256898659548872;0,000223949342090002;"all";2575,23340994479;2
"320";"RG";140053;"BZE3";"ag";"dgl";6,92650455929556;3,46325227964778;0,100949033664876;"all";NA;NA
"321";"RG";140053;"BZE3";"ag";"ela";0,577175764857985;0,288587882428992;0,00690045079040609;"all";NA;NA
"322";"RG";140053;"BZE3";"ag";"gfi";15,5155863877753;7,75779319388767;0,206339006686965;"all";NA;NA
"323";"RG";140053;"BZE3";"ag";"sei";0,568168589641172;0,284084294820586;0,0140633362430037;"all";NA;NA
"324";"RG";140053;"BZE3";"ag";"ser";2,66531888470661;1,3326594423533;0,0769103846064346;"all";NA;NA
"325";"RG";140053;"BZE3";"ag";"vbe";6,55306577308933;3,27653288654466;0,114927600720619;"all";NA;NA
"326";"RG";140053;"BZE3";"ag";"wta";2,03518953236876;1,01759476618438;0,0204891838636891;"all";NA;NA
"327";"RG";140053;"BZE3";"bg";"dgl";8,79922068323451;4,39961034161725;0,0364287736285908;"all";NA;NA
"328";"RG";140053;"BZE3";"bg";"ela";0,869595492642414;0,434797746321207;0,00243486737939876;"all";NA;NA
"329";"RG";140053;"BZE3";"bg";"gfi";17,9628888629752;8,98144443148761;0,0743663598927174;"all";NA;NA
"330";"RG";140053;"BZE3";"bg";"sei";1,53106331314201e-06;7,65531656571003e-07;5,68024489175685e-09;"all";NA;NA
"331";"RG";140053;"BZE3";"bg";"ser";5,16139123458695e-06;2,58069561729348e-06;1,90971475679717e-08;"all";NA;NA
"332";"RG";140053;"BZE3";"bg";"vbe";8,9004712535119e-06;4,45023562675596e-06;2,69684278981411e-08;"all";NA;NA
"333";"RG";140053;"BZE3";"bg";"wta";1,9880785926073;0,994039296303652;0,00823064537339421;"all";NA;NA
"334";"RG";140053;"BZE3";"fwb";"dgl";23,2440786702455;11,6220393351227;0,100949033664876;"all";NA;NA
"335";"RG";140053;"BZE3";"fwb";"ela";1,70045608437804;0,850228042189021;0,00690045079040609;"all";NA;NA
"336";"RG";140053;"BZE3";"fwb";"gfi";45,8584905063842;22,9292452531921;0,199163424269227;"all";NA;NA
"337";"RG";140053;"BZE3";"fwb";"sei";2,26243219993869;1,13121609996935;0,0140474415294193;"all";NA;NA
"338";"RG";140053;"BZE3";"fwb";"ser";10,6612676194115;5,33063380970575;0,0769103846064346;"all";NA;NA
"339";"RG";140053;"BZE3";"fwb";"vbe";24,5676912803061;12,2838456401531;0,113035947580688;"all";NA;NA
"340";"RG";140053;"BZE3";"fwb";"wta";4,0264233845231;2,01321169226155;0,0174867567589838;"all";NA;NA
"341";"RG";140053;"BZE3";"ndl";"dgl";4,46193956693675;2,23096978346838;0;"all";NA;NA
"342";"RG";140053;"BZE3";"ndl";"ela";0,608246975053896;0,304123487526948;0;"all";NA;NA
"343";"RG";140053;"BZE3";"ndl";"gfi";9,59498337284245;4,79749168642123;0;"all";NA;NA
"344";"RG";140053;"BZE3";"ndl";"sei";2,36891149605797e-06;1,18445574802898e-06;0;"all";NA;NA
"345";"RG";140053;"BZE3";"ndl";"ser";7,91941490023979e-06;3,9597074501199e-06;0;"all";NA;NA
"346";"RG";140053;"BZE3";"ndl";"vbe";1,35508638215412e-05;6,77543191077061e-06;0;"all";NA;NA
"347";"RG";140053;"BZE3";"ndl";"wta";1,34903232293461;0,674516161467306;0;"all";NA;NA
"348";"RG";140053;"BZE3";"total";"dgl";9,12630973010417;4,56315486505209;0,0686889036467334;"all";NA;NA
"349";"RG";140053;"BZE3";"total";"ela";0,794574638018587;0,397287319009294;0,00466765908490243;"all";NA;NA
"350";"RG";140053;"BZE3";"total";"gfi";18,3540906855505;9,17704534277525;0,136764892080972;"all";NA;NA
"351";"RG";140053;"BZE3";"total";"sei";0,565609024978373;0,282804512489187;0,00702372360483211;"all";NA;NA
"352";"RG";140053;"BZE3";"total";"ser";2,66532017505442;1,33266008752721;0,0384552018517911;"all";NA;NA
"353";"RG";140053;"BZE3";"total";"vbe";6,1419284329103;3,07096421645516;0,0565179872745581;"all";NA;NA
"354";"RG";140053;"BZE3";"total";"wta";1,84088357501625;0,920441787508129;0,012858701066189;"all";NA;NA
"355";"RG";140053;"BZE3";"ag";"all";24,6300492799293;12,3150246399646;0,359363055719468;"A";NA;NA
"356";"RG";140053;"BZE3";"ag";"all";10,2109602118055;5,10548010590273;0,181215940856525;"B";NA;NA
"357";"RG";140053;"BZE3";"bg";"all";22,129407463403;11,0647037317015;0,0904504796354074;"A";NA;NA
"358";"RG";140053;"BZE3";"bg";"all";7,49039176098227;3,74519588049114;0,0310102183845141;"B";NA;NA
"359";"RG";140053;"BZE3";"fwb";"all";78,6791830009376;39,3395915004688;0,350986916580639;"A";NA;NA
"360";"RG";140053;"BZE3";"fwb";"all";33,6416567442496;16,8208283721248;0,177506522619396;"B";NA;NA
"361";"RG";140053;"BZE3";"ndl";"all";12,2284990194648;6,1142495097324;0;"A";NA;NA
"362";"RG";140053;"BZE3";"ndl";"all";3,78572705749314;1,89286352874657;0;"B";NA;NA
"363";"RG";140053;"BZE3";"total";"all";28,2592723709513;14,1296361854757;0,220718698108023;"A";NA;NA
"364";"RG";140053;"BZE3";"total";"all";11,2294438906813;5,61472194534063;0,104258370501955;"B";NA;NA
"365";"RG";140053;"BZE3";"ag";"all";34,8410094917348;17,4205047458674;0,540578996575994;"all";37444,1819071939;7
"366";"RG";140053;"BZE3";"bg";"all";29,6197992243852;14,8098996121926;0,121460698019922;"all";37444,1819071939;7
"367";"RG";140053;"BZE3";"fwb";"all";112,320839745187;56,1604198725936;0,528493439200035;"all";37444,1819071939;7
"368";"RG";140053;"BZE3";"ndl";"all";16,0142260769579;8,00711303847897;0;"all";37444,1819071939;7
"369";"RG";140053;"BZE3";"total";"all";39,4887162616326;19,7443581308163;0,324977068609978;"all";37444,1819071939;7
"370";"RG";140054;"BZE3";"ag";"bi";0,0175924544932926;0,00879622724664629;0,000106557417712771;"all";NA;NA
"371";"RG";140054;"BZE3";"ag";"gfi";0,0200042496152975;0,0100021248076487;6,75427761197181e-05;"all";NA;NA
"372";"RG";140054;"BZE3";"ag";"vbe";0,0226457299568648;0,0113228649784324;0,00010419295209088;"all";NA;NA
"373";"RG";140054;"BZE3";"ag";NA;0;0;0;"all";NA;NA
"374";"RG";140054;"BZE3";"bg";"bi";8,51694903540083e-09;4,25847451770042e-09;3,15127114309831e-11;"all";NA;NA
"375";"RG";140054;"BZE3";"bg";"gfi";0,00656116278810352;0,00328058139405177;2,71632139427485e-05;"all";NA;NA
"376";"RG";140054;"BZE3";"bg";"vbe";7,34345224105816e-09;3,67172612052909e-09;2,22506602904063e-11;"all";NA;NA
"377";"RG";140054;"BZE3";"bg";NA;0;0;0;"all";NA;NA
"378";"RG";140054;"BZE3";"fwb";"bi";0,0175924414252553;0,00879622071262764;0,000106557417712771;"all";NA;NA
"379";"RG";140054;"BZE3";"fwb";"gfi";0,0132882167626162;0,00664410838130811;5,77107254000422e-05;"all";NA;NA
"380";"RG";140054;"BZE3";"fwb";"vbe";0,0202699005986681;0,010134950299334;9,32618126544719e-05;"all";NA;NA
"381";"RG";140054;"BZE3";"ndl";"bi";1,30680372848996e-08;6,5340186424498e-09;0;"all";NA;NA
"382";"RG";140054;"BZE3";"ndl";"gfi";0,00445214827527484;0,00222607413763742;0;"all";NA;NA
"383";"RG";140054;"BZE3";"ndl";"vbe";1,11803205093558e-08;5,59016025467791e-09;0;"all";NA;NA
"384";"RG";140054;"BZE3";"total";"bi";0,0175924630102417;0,00879623150512081;0,000106557449225483;"all";NA;NA
"385";"RG";140054;"BZE3";"total";"gfi";0,0243015278259946;0,0121507639129973;8,48739393427908e-05;"all";NA;NA
"386";"RG";140054;"BZE3";"total";"vbe";0,0202699191224409;0,0101349595612204;9,32618349051321e-05;"all";NA;NA
"387";"RG";140054;"BZE3";"total";NA;0;0;0;"all";NA;NA
"388";"RG";140054;"BZE3";"ag";"all";0,0602424340654549;0,0301212170327274;0,00027829314592337;"A";NA;NA
"389";"RG";140054;"BZE3";"ag";"all";0;0;0;NA;NA;NA
"390";"RG";140054;"BZE3";"bg";"all";0,0065611786485048;0,0032805893242524;2,71632677061202e-05;"A";NA;NA
"391";"RG";140054;"BZE3";"bg";"all";0;0;0;NA;NA;NA
"392";"RG";140054;"BZE3";"fwb";"all";0,0511505587865396;0,0255752793932698;0,000257529955767285;"A";NA;NA
"393";"RG";140054;"BZE3";"ndl";"all";0,00445217252363264;0,00222608626181632;0;"A";NA;NA
"394";"RG";140054;"BZE3";"total";"all";0,0621639099586772;0,0310819549793385;0,000284693223473406;"A";NA;NA
"395";"RG";140054;"BZE3";"total";"all";0;0;0;NA;NA;NA
"396";"RG";140054;"BZE3";"ag";"all";0,0602424340654549;0,0301212170327274;0,00027829314592337;"all";117,071319904244;3
"397";"RG";140054;"BZE3";"bg";"all";0,0065611786485048;0,0032805893242524;2,71632677061202e-05;"all";117,071319904244;3
"398";"RG";140054;"BZE3";"fwb";"all";0,0511505587865396;0,0255752793932698;0,000257529955767285;"all";117,071319904244;3
"399";"RG";140054;"BZE3";"ndl";"all";0,00445217252363264;0,00222608626181632;0;"all";117,071319904244;3
"400";"RG";140054;"BZE3";"total";"all";0,0621639099586772;0,0310819549793385;0,000284693223473406;"all";117,071319904244;3
"401";"RG";140055;"BZE3";"ag";"bah";0,0027823184890366;0,0013911592445183;1,19027584960986e-05;"all";NA;NA
"402";"RG";140055;"BZE3";"ag";"gfi";0,00673606749179936;0,00336803374589968;2,92547411168846e-05;"all";NA;NA
"403";"RG";140055;"BZE3";"ag";"sbi";0,315757574039245;0,157878787019623;0,00191254225035474;"all";NA;NA
"404";"RG";140055;"BZE3";"ag";"sei";0,000774326217744288;0,000387163108872143;4,80779148597427e-06;"all";NA;NA
"405";"RG";140055;"BZE3";"ag";"stk";0,00190756796274775;0,000953783981373875;1,15541391503632e-05;"all";NA;NA
"406";"RG";140055;"BZE3";"ag";"vbe";0,644828091940516;0,322414045970258;0,00296685244184239;"all";NA;NA
"407";"RG";140055;"BZE3";"bg";"sbi";1,48015971790844e-07;7,40079858954218e-08;5,47659095626122e-10;"all";NA;NA
"408";"RG";140055;"BZE3";"bg";"vbe";2,29719209007301e-07;1,14859604503651e-07;6,96049203292122e-10;"all";NA;NA
"409";"RG";140055;"BZE3";"fwb";"sbi";0,305738862931931;0,152869431465965;0,00185186029277871;"all";NA;NA
"410";"RG";140055;"BZE3";"fwb";"vbe";0,634086718253332;0,317043359126666;0,00291743299068358;"all";NA;NA
"411";"RG";140055;"BZE3";"ndl";"sbi";2,27109288793855e-07;1,13554644396928e-07;0;"all";NA;NA
"412";"RG";140055;"BZE3";"ndl";"vbe";3,49744820221944e-07;1,74872410110972e-07;0;"all";NA;NA
"413";"RG";140055;"BZE3";"total";"sbi";0,305739238057192;0,152869619028596;0,0018518608404378;"all";NA;NA
"414";"RG";140055;"BZE3";"total";"vbe";0,634087297717364;0,317043648858681;0,00291743368673278;"all";NA;NA
"415";"RG";140055;"BZE3";"ag";"all";0,357881271521417;0,178940635760708;0,00165034191186258;"A";NA;NA
"416";"RG";140055;"BZE3";"ag";"all";0,475711093310416;0,237855546655208;0,00245320227454651;"B";NA;NA
"417";"RG";140055;"BZE3";"ag";"all";0,139193581309257;0,0695967906546283;0,000833369936037362;NA;NA;NA
"418";"RG";140055;"BZE3";"bg";"all";1,27621782781834e-07;6,3810891390917e-08;3,86694001828957e-10;"A";NA;NA
"419";"RG";140055;"BZE3";"bg";"all";1,90907009299973e-07;9,54535046499867e-08;6,37950658838839e-10;"B";NA;NA
"420";"RG";140055;"BZE3";"bg";"all";5,92063887163375e-08;2,96031943581687e-08;2,19063638250449e-10;NA;NA;NA
"421";"RG";140055;"BZE3";"fwb";"all";0,352270399029629;0,176135199514814;0,00162079610593532;"A";NA;NA
"422";"RG";140055;"BZE3";"fwb";"all";0,465259636982861;0,232629818491431;0,00240775306041548;"B";NA;NA
"423";"RG";140055;"BZE3";"fwb";"all";0,122295545172772;0,0611477725863862;0,000740744117111482;NA;NA;NA
"424";"RG";140055;"BZE3";"ndl";"all";1,9430267790108e-07;9,71513389505399e-08;0;"A";NA;NA
"425";"RG";140055;"BZE3";"ndl";"all";2,91707715597177e-07;1,45853857798588e-07;0;"B";NA;NA
"426";"RG";140055;"BZE3";"ndl";"all";9,0843715517542e-08;4,5421857758771e-08;0;NA;NA;NA
"427";"RG";140055;"BZE3";"total";"all";0,352270720954091;0,176135360477045;0,00162079649262932;"A";NA;NA
"428";"RG";140055;"BZE3";"total";"all";0,465260119597588;0,232630059798794;0,00240775369836614;"B";NA;NA
"429";"RG";140055;"BZE3";"total";"all";0,122295695222877;0,0611478476114383;0,00074074433617512;NA;NA;NA
"430";"RG";140055;"BZE3";"ag";"all";0,972785946141089;0,486392973070545;0,00493691412244646;"all";1446,8133642119;6
"431";"RG";140055;"BZE3";"bg";"all";3,77735180798144e-07;1,88867590399072e-07;1,24370829891824e-09;"all";1446,8133642119;6
"432";"RG";140055;"BZE3";"fwb";"all";0,939825581185262;0,469912790592631;0,00476929328346228;"all";1446,8133642119;6
"433";"RG";140055;"BZE3";"ndl";"all";5,76854109015799e-07;2,88427054507899e-07;0;"all";1446,8133642119;6
"434";"RG";140055;"BZE3";"total";"all";0,939826535774556;0,469913267887277;0,00476929452717058;"all";1446,8133642119;6
"435";"RG";140056;"BZE3";"ag";"bah";0,166692908707075;0,0833464543535376;0,000713111880098851;"all";NA;NA
"436";"RG";140056;"BZE3";"ag";"ges";0,000108484660258767;5,42423301293831e-05;4,03671420822869e-07;"all";NA;NA
"437";"RG";140056;"BZE3";"ag";"gfi";0,04692678769246;0,02346339384623;0,000203803038948353;"all";NA;NA
"438";"RG";140056;"BZE3";"ag";"rei";0,000498084779665852;0,000249042389832925;3,09260839694527e-06;"all";NA;NA
"439";"RG";140056;"BZE3";"ag";"sbi";0,000887749720217128;0,000443874860108564;5,37710005535514e-06;"all";NA;NA
"440";"RG";140056;"BZE3";"ag";"sei";0,000200625863967336;0,000100312931983668;1,24568598937319e-06;"all";NA;NA
"441";"RG";140056;"BZE3";"ag";"vbe";0,167259086687603;0,0836295433438014;0,000769558645555732;"all";NA;NA
"442";"RG";140056;"BZE3";"bg";"bah";5,88573528991674e-08;2,94286764495838e-08;1,78337779284478e-10;"all";NA;NA
"443";"RG";140056;"BZE3";"bg";"vbe";5,88573528991674e-08;2,94286764495838e-08;1,78337779284478e-10;"all";NA;NA
"444";"RG";140056;"BZE3";"fwb";"bah";0,162462102782729;0,0812310513913645;0,000695012875704514;"all";NA;NA
"445";"RG";140056;"BZE3";"fwb";"vbe";0,162462102782729;0,0812310513913645;0,000747488134903336;"all";NA;NA
"446";"RG";140056;"BZE3";"ndl";"bah";8,96096342896801e-08;4,48048171448401e-08;0;"all";NA;NA
"447";"RG";140056;"BZE3";"ndl";"vbe";8,96096342896801e-08;4,48048171448401e-08;0;"all";NA;NA
"448";"RG";140056;"BZE3";"total";"bah";0,162462251249717;0,0812311256248582;0,000695013054042294;"all";NA;NA
"449";"RG";140056;"BZE3";"total";"vbe";0,162462251249717;0,0812311256248582;0,000747488313241115;"all";NA;NA
"450";"RG";140056;"BZE3";"ag";"all";0,213231940264257;0,106615970132128;0,000915889714182688;"A";NA;NA
"451";"RG";140056;"BZE3";"ag";"all";0,166375379364883;0,0831876896824413;0,000767370218849438;"warning";NA;NA
"452";"RG";140056;"BZE3";"ag";"all";0,00296640848210784;0,00148320424105392;1,33326974333076e-05;NA;NA;NA
"453";"RG";140056;"BZE3";"bg";"all";5,88573528991674e-08;2,94286764495838e-08;1,78337779284478e-10;"A";NA;NA
"454";"RG";140056;"BZE3";"bg";"all";5,88573528991674e-08;2,94286764495838e-08;1,78337779284478e-10;"warning";NA;NA
"455";"RG";140056;"BZE3";"fwb";"all";0,162462102782729;0,0812310513913645;0,000695012875704514;"A";NA;NA
"456";"RG";140056;"BZE3";"fwb";"all";0,162462102782729;0,0812310513913645;0,000747488134903336;"warning";NA;NA
"457";"RG";140056;"BZE3";"ndl";"all";8,96096342896801e-08;4,48048171448401e-08;0;"A";NA;NA
"458";"RG";140056;"BZE3";"ndl";"all";8,96096342896801e-08;4,48048171448401e-08;0;"warning";NA;NA
"459";"RG";140056;"BZE3";"total";"all";0,162462251249717;0,0812311256248582;0,000695013054042294;"A";NA;NA
"460";"RG";140056;"BZE3";"total";"all";0,162462251249717;0,0812311256248582;0,000747488313241115;"warning";NA;NA
"461";"RG";140056;"BZE3";"ag";"all";0,382573728111247;0,191286864055624;0,00169659263046543;"all";3127,73328029095;7
"462";"RG";140056;"BZE3";"bg";"all";1,17714705798335e-07;5,88573528991675e-08;3,56675558568955e-10;"all";3127,73328029095;7
"463";"RG";140056;"BZE3";"fwb";"all";0,324924205565458;0,162462102782729;0,00144250101060785;"all";3127,73328029095;7
"464";"RG";140056;"BZE3";"ndl";"all";1,7921926857936e-07;8,96096342896801e-08;0;"all";3127,73328029095;7
"465";"RG";140056;"BZE3";"total";"all";0,324924502499434;0,162462251249716;0,00144250136728341;"all";3127,73328029095;7
"466";"RG";140057;"BZE3";"ag";"as";0,00072599543035463;0,000362997715177314;4,39735432165798e-06;"all";NA;NA
"467";"RG";140057;"BZE3";"ag";"gfi";0,078454815966761;0,0392274079833805;0,000269782659647905;"all";NA;NA
"468";"RG";140057;"BZE3";"ag";"sei";0,000467260950865834;0,000233630475432917;2,90122324392596e-06;"all";NA;NA
"469";"RG";140057;"BZE3";"ag";"vbe";0,0777403540791847;0,0388701770395923;0,000357683180371934;"all";NA;NA
"470";"RG";140057;"BZE3";"bg";"gfi";0,0240742623394758;0,0120371311697379;9,96674460854298e-05;"all";NA;NA
"471";"RG";140057;"BZE3";"bg";"vbe";2,69446440269997e-08;1,34723220134999e-08;8,16422714018091e-11;"all";NA;NA
"472";"RG";140057;"BZE3";"fwb";"gfi";0,0487572137284998;0,0243786068642499;0,000211752579222874;"all";NA;NA
"473";"RG";140057;"BZE3";"fwb";"vbe";0,0743744547067523;0,0371872273533761;0,000342196866105767;"all";NA;NA
"474";"RG";140057;"BZE3";"ndl";"gfi";0,0163358521979596;0,00816792609897979;0;"all";NA;NA
"475";"RG";140057;"BZE3";"ndl";"vbe";4,10229067124629e-08;2,05114533562315e-08;0;"all";NA;NA
"476";"RG";140057;"BZE3";"total";"gfi";0,0891673282659354;0,0445836641329676;0,000311420025308305;"all";NA;NA
"477";"RG";140057;"BZE3";"total";"vbe";0,0743745226743034;0,0371872613371516;0,000342196947748039;"all";NA;NA
"478";"RG";140057;"BZE3";"ag";"all";0,152973470369283;0,0764867351846414;0,000615473173474877;"A";NA;NA
"479";"RG";140057;"BZE3";"ag";"all";0,0044149560578835;0,00220747802894175;1,9291244110546e-05;NA;NA;NA
"480";"RG";140057;"BZE3";"bg";"all";0,0240742892841199;0,0120371446420599;9,96675277277012e-05;"A";NA;NA
"481";"RG";140057;"BZE3";"fwb";"all";0,123131668435252;0,061565834217626;0,000553949445328642;"A";NA;NA
"482";"RG";140057;"BZE3";"ndl";"all";0,0163358932208663;0,00816794661043314;0;"A";NA;NA
"483";"RG";140057;"BZE3";"total";"all";0,163541850940239;0,0817709254701192;0,000653616973056343;"A";NA;NA
"484";"RG";140057;"BZE3";"ag";"all";0,157388426427166;0,0786942132135831;0,000634764417585423;"all";1575,04918701559;4
"485";"RG";140057;"BZE3";"bg";"all";0,0240742892841199;0,0120371446420599;9,96675277277012e-05;"all";1575,04918701559;4
"486";"RG";140057;"BZE3";"fwb";"all";0,123131668435252;0,061565834217626;0,000553949445328642;"all";1575,04918701559;4
"487";"RG";140057;"BZE3";"ndl";"all";0,0163358932208663;0,00816794661043314;0;"all";1575,04918701559;4
"488";"RG";140057;"BZE3";"total";"all";0,163541850940239;0,0817709254701192;0,000653616973056343;"all";1575,04918701559;4
"489";"RG";140058;"BZE3";"ag";"gfi";0,0868328940245959;0,0434164470122979;0,00112989542031208;"all";NA;NA
"490";"RG";140058;"BZE3";"ag";"stk";0,00049008135922307;0,000245040679611535;2,96842279281413e-06;"all";NA;NA
"491";"RG";140058;"BZE3";"ag";"vbe";0,0333468855125744;0,0166734427562872;0,000153429020243355;"all";NA;NA
"492";"RG";140058;"BZE3";"ag";NA;0;0;0;"all";NA;NA
"493";"RG";140058;"BZE3";"bg";"gfi";0,128458405864966;0,064229202932483;0,000531817800280958;"all";NA;NA
"494";"RG";140058;"BZE3";"bg";NA;0;0;0;"all";NA;NA
"495";"RG";140058;"BZE3";"fwb";"gfi";0,260164729521548;0,130082364760774;0,00112989542031208;"all";NA;NA
"496";"RG";140058;"BZE3";"ndl";"gfi";0,0871668465768358;0,0435834232884179;0;"all";NA;NA
"497";"RG";140058;"BZE3";"total";"gfi";0,118947495490837;0,0594737477454188;0,000830856610296521;"all";NA;NA
"498";"RG";140058;"BZE3";"total";NA;0;0;0;"all";NA;NA
"499";"RG";140058;"BZE3";"ag";"all";0,0300853917307853;0,0150426958653927;0,000139136445812372;"A";NA;NA
"500";"RG";140058;"BZE3";"ag";"all";0,090584469165608;0,045292234582804;0,00114715641753588;"B";NA;NA
"501";"RG";140058;"BZE3";"ag";"all";0;0;0;NA;NA;NA
"502";"RG";140058;"BZE3";"bg";"all";0,128458405864966;0,064229202932483;0,000531817800280958;"B";NA;NA
"503";"RG";140058;"BZE3";"bg";"all";0;0;0;NA;NA;NA
"504";"RG";140058;"BZE3";"fwb";"all";0,260164729521548;0,130082364760774;0,00112989542031208;"B";NA;NA
"505";"RG";140058;"BZE3";"ndl";"all";0,0871668465768358;0,0435834232884179;0;"B";NA;NA
"506";"RG";140058;"BZE3";"total";"all";0,118947495490837;0,0594737477454188;0,000830856610296521;"B";NA;NA
"507";"RG";140058;"BZE3";"total";"all";0;0;0;NA;NA;NA
"508";"RG";140058;"BZE3";"ag";"all";0,120669860896393;0,0603349304481967;0,00128629286334825;"all";1337,05423479104;3
"509";"RG";140058;"BZE3";"bg";"all";0,128458405864966;0,064229202932483;0,000531817800280958;"all";1337,05423479104;3
"510";"RG";140058;"BZE3";"fwb";"all";0,260164729521548;0,130082364760774;0,00112989542031208;"all";1337,05423479104;3
"511";"RG";140058;"BZE3";"ndl";"all";0,0871668465768358;0,0435834232884179;0;"all";1337,05423479104;3
"512";"RG";140058;"BZE3";"total";"all";0,118947495490837;0,0594737477454188;0,000830856610296521;"all";1337,05423479104;3
"513";"RG";140059;"BZE3";"ag";"bah";0,000141411926161831;7,07059630809153e-05;6,04960220120311e-07;"all";NA;NA
"514";"RG";140059;"BZE3";"ag";"hbu";0,0033237955950498;0,0016618977975249;1,52927835328241e-05;"all";NA;NA
"515";"RG";140059;"BZE3";"ag";"rei";0,000726368819728111;0,000363184409864056;4,51002400169184e-06;"all";NA;NA
"516";"RG";140059;"BZE3";"ag";"sei";0,00169642421718335;0,000848212108591674;1,05330979644914e-05;"all";NA;NA
"517";"RG";140059;"BZE3";"ag";"vbe";7,15363348479112;3,57681674239556;0,032913853172511;"all";NA;NA
"518";"RG";140059;"BZE3";"bg";"vbe";2,07069855455976e-06;1,03534927727988e-06;6,27421662031609e-09;"all";NA;NA
"519";"RG";140059;"BZE3";"fwb";"vbe";7,12006001789673;3,56003000894836;0,0327593961423429;"all";NA;NA
"520";"RG";140059;"BZE3";"ndl";"vbe";3,14953550600811e-06;1,57476775300405e-06;0;"all";NA;NA
"521";"RG";140059;"BZE3";"total";"vbe";7,12006523813081;3,5600326190654;0,0327594024165595;"all";NA;NA
"522";"RG";140059;"BZE3";"ag";"all";7,15952148534925;3,57976074267462;0,0329447940382302;"A";NA;NA
"523";"RG";140059;"BZE3";"bg";"all";2,07069855455976e-06;1,03534927727988e-06;6,27421662031609e-09;"A";NA;NA
"524";"RG";140059;"BZE3";"fwb";"all";7,12006001789673;3,56003000894836;0,0327593961423429;"A";NA;NA
"525";"RG";140059;"BZE3";"ndl";"all";3,14953550600811e-06;1,57476775300405e-06;0;"A";NA;NA
"526";"RG";140059;"BZE3";"total";"all";7,12006523813081;3,5600326190654;0,0327594024165595;"A";NA;NA
"527";"RG";140059;"BZE3";"ag";"all";7,15952148534925;3,57976074267462;0,0329447940382302;"all";6931,30719966445;5
"528";"RG";140059;"BZE3";"bg";"all";2,07069855455976e-06;1,03534927727988e-06;6,27421662031609e-09;"all";6931,30719966445;5
"529";"RG";140059;"BZE3";"fwb";"all";7,12006001789673;3,56003000894836;0,0327593961423429;"all";6931,30719966445;5
"530";"RG";140059;"BZE3";"ndl";"all";3,14953550600811e-06;1,57476775300405e-06;0;"all";6931,30719966445;5
"531";"RG";140059;"BZE3";"total";"all";7,12006523813081;3,5600326190654;0,0327594024165595;"all";6931,30719966445;5
"532";"RG";140060;"BZE3";"ag";"bah";2,85646545077633;1,42823272538816;0,0122199527539296;"all";NA;NA
"533";"RG";140060;"BZE3";"ag";"hbu";0,990349389050879;0,49517469452544;0,00455659522866736;"all";NA;NA
"534";"RG";140060;"BZE3";"ag";"sei";0,335586338016519;0,167793169008259;0,00208365339257575;"all";NA;NA
"535";"RG";140060;"BZE3";"ag";"sli";0,00439489084093505;0,00219744542046753;2,02208927591422e-05;"all";NA;NA
"536";"RG";140060;"BZE3";"ag";"stk";0,397058157333581;0,19852907866679;0,00240497948146663;"all";NA;NA
"537";"RG";140060;"BZE3";"ag";"vbe";1,82076635661074;0,910383178305371;0,00837734138605456;"all";NA;NA
"538";"RG";140060;"BZE3";"bg";"bah";9,89450096849182e-07;4,94725048424592e-07;2,99803379345303e-09;"all";NA;NA
"539";"RG";140060;"BZE3";"bg";"hbu";3,29816698949727e-07;1,64908349474864e-07;9,99344597817676e-10;"all";NA;NA
"540";"RG";140060;"BZE3";"bg";"sei";2,2694090388721e-07;1,13470451943605e-07;8,41950753421549e-10;"all";NA;NA
"541";"RG";140060;"BZE3";"bg";"stk";1,91260998490146e-07;9,56304992450729e-08;7,0766569441354e-10;"all";NA;NA
"542";"RG";140060;"BZE3";"bg";"vbe";6,59633397899455e-07;3,29816698949728e-07;1,99868919563535e-09;"all";NA;NA
"543";"RG";140060;"BZE3";"fwb";"bah";2,73114802848986;1,36557401424493;0,0116838512658796;"all";NA;NA
"544";"RG";140060;"BZE3";"fwb";"hbu";0,910382676163286;0,455191338081643;0,00418867069302728;"all";NA;NA
"545";"RG";140060;"BZE3";"fwb";"sei";0,335347600605719;0,16767380030286;0,00208217325216091;"all";NA;NA
"546";"RG";140060;"BZE3";"fwb";"stk";0,395064934507428;0,197532467253714;0,00239290830831149;"all";NA;NA
"547";"RG";140060;"BZE3";"fwb";"vbe";1,82076535232657;0,910382676163286;0,00837734138605456;"all";NA;NA
"548";"RG";140060;"BZE3";"ndl";"bah";1,50642624853416e-06;7,53213124267079e-07;0;"all";NA;NA
"549";"RG";140060;"BZE3";"ndl";"hbu";5,02142082844719e-07;2,5107104142236e-07;0;"all";NA;NA
"550";"RG";140060;"BZE3";"ndl";"sei";3,5113042780768e-07;1,7556521390384e-07;0;"all";NA;NA
"551";"RG";140060;"BZE3";"ndl";"stk";2,93462582554801e-07;1,46731291277401e-07;0;"all";NA;NA
"552";"RG";140060;"BZE3";"ndl";"vbe";1,00428416568944e-06;5,02142082844719e-07;0;"all";NA;NA
"553";"RG";140060;"BZE3";"total";"bah";2,73115052436622;1,3655752621831;0,0116838542639134;"all";NA;NA
"554";"RG";140060;"BZE3";"total";"hbu";0,910383508122072;0,455191754061035;0,00418867169237188;"all";NA;NA
"555";"RG";140060;"BZE3";"total";"sei";0,33534817867705;0,167674089338525;0,00208217409411166;"all";NA;NA
"556";"RG";140060;"BZE3";"total";"stk";0,39506541923101;0,197532709615505;0,00239290901597718;"all";NA;NA
"557";"RG";140060;"BZE3";"total";"vbe";1,82076701624414;0,91038350812207;0,00837734338474375;"all";NA;NA
"558";"RG";140060;"BZE3";"ag";"all";5,44960104262886;2,72480052131443;0,0252773949376631;"A";NA;NA
"559";"RG";140060;"BZE3";"ag";"all";0,955019540000125;0,477509770000063;0,00438534819778996;"B";NA;NA
"560";"RG";140060;"BZE3";"bg";"all";2,06728539712599e-06;1,033642698563e-06;6,54633943692347e-09;"A";NA;NA
"561";"RG";140060;"BZE3";"bg";"all";3,29816698949727e-07;1,64908349474864e-07;9,99344597817676e-10;"B";NA;NA
"562";"RG";140060;"BZE3";"fwb";"all";5,28232591592958;2,64116295796479;0,0245362742124066;"A";NA;NA
"563";"RG";140060;"BZE3";"fwb";"all";0,910382676163286;0,455191338081643;0,00418867069302728;"B";NA;NA
"564";"RG";140060;"BZE3";"ndl";"all";3,15530342458608e-06;1,57765171229304e-06;0;"A";NA;NA
"565";"RG";140060;"BZE3";"ndl";"all";5,02142082844719e-07;2,5107104142236e-07;0;"B";NA;NA
"566";"RG";140060;"BZE3";"total";"all";5,28233113851842;2,6411655692592;0,024536280758746;"A";NA;NA
"567";"RG";140060;"BZE3";"total";"all";0,910383508122072;0,455191754061035;0,00418867169237188;"B";NA;NA
"568";"RG";140060;"BZE3";"ag";"all";6,40462058262898;3,20231029131449;0,0296627431354531;"all";11684,5062951668;6
"569";"RG";140060;"BZE3";"bg";"all";2,39710209607572e-06;1,19855104803786e-06;7,54568403474115e-09;"all";11684,5062951668;6
"570";"RG";140060;"BZE3";"fwb";"all";6,19270859209286;3,09635429604643;0,0287249449054339;"all";11684,5062951668;6
"571";"RG";140060;"BZE3";"ndl";"all";3,6574455074308e-06;1,8287227537154e-06;0;"all";11684,5062951668;6
"572";"RG";140060;"BZE3";"total";"all";6,19271464664049;3,09635732332024;0,0287249524511179;"all";11684,5062951668;6
"573";"RG";140061;"BZE3";"ag";"bul";8,10736899201585e-05;4,05368449600793e-05;3,7302004732265e-07;"all";NA;NA
"574";"RG";140061;"BZE3";"ag";"rei";0,000276935720197471;0,000138467860098736;1,7194938867061e-06;"all";NA;NA
"575";"RG";140061;"BZE3";"ag";"sei";0,0269851237486867;0,0134925618743433;0,000167550633355596;"all";NA;NA
"576";"RG";140061;"BZE3";"ag";"stk";0,135895570541943;0,0679477852709714;0,000823118936961299;"all";NA;NA
"577";"RG";140061;"BZE3";"ag";"vbe";1,79415121797454;0,897075608987269;0,0082548852439727;"all";NA;NA
"578";"RG";140061;"BZE3";"bg";"stk";5,74385979785606e-08;2,87192989892803e-08;2,12522812520674e-10;"all";NA;NA
"579";"RG";140061;"BZE3";"bg";"vbe";6,43818436724699e-07;3,2190921836235e-07;1,95076986327584e-09;"all";NA;NA
"580";"RG";140061;"BZE3";"fwb";"stk";0,118644031599404;0,0593220157997022;0,000718626899397593;"all";NA;NA
"581";"RG";140061;"BZE3";"fwb";"vbe";1,77711181166735;0,888555905833674;0,00817649144548147;"all";NA;NA
"582";"RG";140061;"BZE3";"ndl";"stk";8,81312940650775e-08;4,40656470325387e-08;0;"all";NA;NA
"583";"RG";140061;"BZE3";"ndl";"vbe";9,80206071494424e-07;4,90103035747212e-07;0;"all";NA;NA
"584";"RG";140061;"BZE3";"total";"stk";0,118644177169297;0,0593220885846483;0,000718627111920405;"all";NA;NA
"585";"RG";140061;"BZE3";"total";"vbe";1,77711343569187;0,88855671784593;0,00817649339625133;"all";NA;NA
"586";"RG";140061;"BZE3";"ag";"all";1,95738992167528;0,978694960837642;0,00924764732822362;"A";NA;NA
"587";"RG";140061;"BZE3";"bg";"all";7,01257034703259e-07;3,5062851735163e-07;2,16329267579652e-09;"A";NA;NA
"588";"RG";140061;"BZE3";"fwb";"all";1,89575584326675;0,947877921633376;0,00889511834487907;"A";NA;NA
"589";"RG";140061;"BZE3";"ndl";"all";1,0683373655595e-06;5,34168682779751e-07;0;"A";NA;NA
"590";"RG";140061;"BZE3";"total";"all";1,89575761286116;0,947878806430578;0,00889512050817174;"A";NA;NA
"591";"RG";140061;"BZE3";"ag";"all";1,95738992167528;0,978694960837642;0,00924764732822362;"all";2982,68029143187;5
"592";"RG";140061;"BZE3";"bg";"all";7,01257034703259e-07;3,5062851735163e-07;2,16329267579652e-09;"all";2982,68029143187;5
"593";"RG";140061;"BZE3";"fwb";"all";1,89575584326675;0,947877921633376;0,00889511834487907;"all";2982,68029143187;5
"594";"RG";140061;"BZE3";"ndl";"all";1,0683373655595e-06;5,34168682779751e-07;0;"all";2982,68029143187;5
"595";"RG";140061;"BZE3";"total";"all";1,89575761286116;0,947878806430578;0,00889512050817174;"all";2982,68029143187;5
"596";"RG";140062;"BZE3";"ag";"rei";4,31419786041199e-05;2,157098930206e-05;2,67868545152981e-07;"all";NA;NA
"597";"RG";140062;"BZE3";"ag";"sbi";0,330795091463336;0,165397545731668;0,00200362444870076;"all";NA;NA
"598";"RG";140062;"BZE3";"ag";"sei";0,184400234605167;0,0922001173025837;0,0011449400114406;"all";NA;NA
"599";"RG";140062;"BZE3";"ag";"stk";0,00023751048544284;0,00011875524272142;1,43860101032729e-06;"all";NA;NA
"600";"RG";140062;"BZE3";"ag";"vbe";0,150858540305708;0,0754292701528538;0,000694099774734069;"all";NA;NA
"601";"RG";140062;"BZE3";"bg";"sbi";1,52824841664544e-07;7,64124208322718e-08;5,65451914158812e-10;"all";NA;NA
"602";"RG";140062;"BZE3";"bg";"sei";1,08800669172157e-07;5,44003345860784e-08;4,03650482628702e-10;"all";NA;NA
"603";"RG";140062;"BZE3";"bg";"vbe";5,27072274987746e-08;2,63536137493873e-08;1,59702899321287e-10;"all";NA;NA
"604";"RG";140062;"BZE3";"fwb";"sbi";0,315671969402699;0,157835984701349;0,00191202511867215;"all";NA;NA
"605";"RG";140062;"BZE3";"fwb";"sei";0,160773323478579;0,0803866617392894;0,000998241565478496;"all";NA;NA
"606";"RG";140062;"BZE3";"fwb";"vbe";0,145486104785724;0,0727430523928619;0,000669381568119115;"all";NA;NA
"607";"RG";140062;"BZE3";"ndl";"sbi";2,34487810204108e-07;1,17243905102054e-07;0;"all";NA;NA
"608";"RG";140062;"BZE3";"ndl";"sei";1,68339972467759e-07;8,41699862338797e-08;0;"all";NA;NA
"609";"RG";140062;"BZE3";"ndl";"vbe";8,02461399968087e-08;4,01230699984044e-08;0;"all";NA;NA
"610";"RG";140062;"BZE3";"total";"sbi";0,315672356715351;0,157836178357675;0,00191202568412406;"all";NA;NA
"611";"RG";140062;"BZE3";"total";"sei";0,16077360061922;0,08038680030961;0,000998241969128978;"all";NA;NA
"612";"RG";140062;"BZE3";"total";"vbe";0,145486237739092;0,0727431188695458;0,000669381727822014;"all";NA;NA
"613";"RG";140062;"BZE3";"ag";"all";0,666334518838258;0,333167259419129;0,00384437070443091;"A";NA;NA
"614";"RG";140062;"BZE3";"bg";"all";3,14332738335475e-07;1,57166369167738e-07;1,1288052961088e-09;"A";NA;NA
"615";"RG";140062;"BZE3";"fwb";"all";0,621931397667001;0,310965698833501;0,00357964825226976;"A";NA;NA
"616";"RG";140062;"BZE3";"ndl";"all";4,83073922668676e-07;2,41536961334338e-07;0;"A";NA;NA
"617";"RG";140062;"BZE3";"total";"all";0,621932195073663;0,310966097536831;0,00357964938107505;"A";NA;NA
"618";"RG";140062;"BZE3";"ag";"all";0,666334518838258;0,333167259419129;0,00384437070443091;"all";1587,18234537748;5
"619";"RG";140062;"BZE3";"bg";"all";3,14332738335475e-07;1,57166369167738e-07;1,1288052961088e-09;"all";1587,18234537748;5
"620";"RG";140062;"BZE3";"fwb";"all";0,621931397667001;0,310965698833501;0,00357964825226976;"all";1587,18234537748;5
"621";"RG";140062;"BZE3";"ndl";"all";4,83073922668676e-07;2,41536961334338e-07;0;"all";1587,18234537748;5
"622";"RG";140062;"BZE3";"total";"all";0,621932195073663;0,310966097536831;0,00357964938107505;"all";1587,18234537748;5
"623";"RG";140063;"BZE3";"ag";"gki";0,492079318982357;0,246039659491178;0,00157529931137699;"all";NA;NA
"624";"RG";140063;"BZE3";"ag";"rbu";0,844204040872512;0,422102020436256;0,00388418252664703;"all";NA;NA
"625";"RG";140063;"BZE3";"ag";"sbi";0,441319911181418;0,220659955590709;0,00267307425704636;"all";NA;NA
"626";"RG";140063;"BZE3";"ag";"sei";0,00171595418648186;0,000857977093240932;1,06543595438659e-05;"all";NA;NA
"627";"RG";140063;"BZE3";"ag";"stk";0,00121380683809774;0,000606903419048868;7,35202801835799e-06;"all";NA;NA
"628";"RG";140063;"BZE3";"ag";"vbe";0,000240232966143985;0,000120116483071992;1,10531187722847e-06;"all";NA;NA
"629";"RG";140063;"BZE3";"bg";"gki";0,146175047774234;0,0730875238871168;0,000258729834560394;"all";NA;NA
"630";"RG";140063;"BZE3";"bg";"rbu";3,84977072617394e-08;1,92488536308697e-08;1,16648053003071e-10;"all";NA;NA
"631";"RG";140063;"BZE3";"bg";"sbi";4,87321146262489e-08;2,43660573131245e-08;1,80308824117121e-10;"all";NA;NA
"632";"RG";140063;"BZE3";"fwb";"gki";0,280622759802481;0,14031137990124;0,00113876715927847;"all";NA;NA
"633";"RG";140063;"BZE3";"fwb";"rbu";0,841622486571569;0,420811243285784;0,00387230506071579;"all";NA;NA
"634";"RG";140063;"BZE3";"fwb";"sbi";0,440008362939008;0,220004181469504;0,00266513065432157;"all";NA;NA
"635";"RG";140063;"BZE3";"ndl";"gki";0,103883332935784;0,0519416664678921;0;"all";NA;NA
"636";"RG";140063;"BZE3";"ndl";"rbu";5,76847212000723e-08;2,88423606000361e-08;0;"all";NA;NA
"637";"RG";140063;"BZE3";"ndl";"sbi";7,34653269582524e-08;3,67326634791262e-08;0;"all";NA;NA
"638";"RG";140063;"BZE3";"total";"gki";0,530681140512498;0,265340570256249;0,00139749699383886;"all";NA;NA
"639";"RG";140063;"BZE3";"total";"rbu";0,841622582753997;0,420811291376998;0,00387230517736384;"all";NA;NA
"640";"RG";140063;"BZE3";"total";"sbi";0,44000848513645;0,220004242568225;0,0026651308346304;"all";NA;NA
"641";"RG";140063;"BZE3";"ag";"all";1,78077326502701;0,890386632513505;0,00815166779450984;"A";NA;NA
"642";"RG";140063;"BZE3";"bg";"all";0,146175135004056;0,0730875675020278;0,000258730131517271;"A";NA;NA
"643";"RG";140063;"BZE3";"fwb";"all";1,56225360931306;0,781126804656529;0,00767620287431583;"A";NA;NA
"644";"RG";140063;"BZE3";"ndl";"all";0,103883464085832;0,0519417320429162;0;"A";NA;NA
"645";"RG";140063;"BZE3";"total";"all";1,81231220840295;0,906156104201473;0,0079349330058331;"A";NA;NA
"646";"RG";140063;"BZE3";"ag";"all";1,78077326502701;0,890386632513505;0,00815166779450984;"all";2085,62874684413;6
"647";"RG";140063;"BZE3";"bg";"all";0,146175135004056;0,0730875675020278;0,000258730131517271;"all";2085,62874684413;6
"648";"RG";140063;"BZE3";"fwb";"all";1,56225360931306;0,781126804656529;0,00767620287431583;"all";2085,62874684413;6
"649";"RG";140063;"BZE3";"ndl";"all";0,103883464085832;0,0519417320429162;0;"all";2085,62874684413;6
"650";"RG";140063;"BZE3";"total";"all";1,81231220840295;0,906156104201473;0,0079349330058331;"all";2085,62874684413;6
"651";"RG";140064;"BZE3";"ag";"rbu";0,18196502881624;0,0909825144081198;0,000837220665565077;"all";NA;NA
"652";"RG";140064;"BZE3";"ag";"sbi";0,599492323782722;0,299746161891361;0,00363112234611894;"all";NA;NA
"653";"RG";140064;"BZE3";"ag";"sei";0,00246277009503288;0,00123138504751644;1,52913395200592e-05;"all";NA;NA
"654";"RG";140064;"BZE3";"ag";"vbe";0,352799570908036;0,176399785454018;0,00162322996171099;"all";NA;NA
"655";"RG";140064;"BZE3";"bg";"rbu";6,16731416678683e-08;3,08365708339342e-08;1,86869619253641e-10;"all";NA;NA
"656";"RG";140064;"BZE3";"bg";"sbi";2,86114479781842e-07;1,43057239890921e-07;1,05862357519282e-09;"all";NA;NA
"657";"RG";140064;"BZE3";"bg";"vbe";1,23346283335737e-07;6,16731416678684e-08;3,73739238507283e-10;"all";NA;NA
"658";"RG";140064;"BZE3";"fwb";"rbu";0,170234436090665;0,0851172180453325;0,000783248640453149;"all";NA;NA
"659";"RG";140064;"BZE3";"fwb";"sbi";0,590992408849439;0,29549620442472;0,00357964102040105;"all";NA;NA
"660";"RG";140064;"BZE3";"fwb";"vbe";0,34046887218133;0,170234436090665;0,0015664972809063;"all";NA;NA
"661";"RG";140064;"BZE3";"ndl";"rbu";9,38966398951233e-08;4,69483199475617e-08;0;"all";NA;NA
"662";"RG";140064;"BZE3";"ndl";"sbi";4,39001651177874e-07;2,19500825588937e-07;0;"all";NA;NA
"663";"RG";140064;"BZE3";"ndl";"vbe";1,87793279790247e-07;9,38966398951233e-08;0;"all";NA;NA
"664";"RG";140064;"BZE3";"total";"rbu";0,170234591660447;0,0851172958302234;0,000783248827322768;"all";NA;NA
"665";"RG";140064;"BZE3";"total";"sbi";0,590993133965572;0,295496566982785;0,00357964207902463;"all";NA;NA
"666";"RG";140064;"BZE3";"total";"vbe";0,340469183320895;0,170234591660447;0,00156649765464554;"all";NA;NA
"667";"RG";140064;"BZE3";"ag";"all";1,13671969360203;0,568359846801015;0,00610686431291507;"A";NA;NA
"668";"RG";140064;"BZE3";"bg";"all";4,71133904785447e-07;2,35566952392724e-07;1,61923243295374e-09;"A";NA;NA
"669";"RG";140064;"BZE3";"fwb";"all";1,10169571712143;0,550847858560717;0,0059293869417605;"A";NA;NA
"670";"RG";140064;"BZE3";"ndl";"all";7,20691570863244e-07;3,60345785431622e-07;0;"A";NA;NA
"671";"RG";140064;"BZE3";"total";"all";1,10169690894691;0,550848454473456;0,00592938856099293;"A";NA;NA
"672";"RG";140064;"BZE3";"ag";"all";1,13671969360203;0,568359846801015;0,00610686431291507;"all";2184,91123813825;4
"673";"RG";140064;"BZE3";"bg";"all";4,71133904785447e-07;2,35566952392724e-07;1,61923243295374e-09;"all";2184,91123813825;4
"674";"RG";140064;"BZE3";"fwb";"all";1,10169571712143;0,550847858560717;0,0059293869417605;"all";2184,91123813825;4
"675";"RG";140064;"BZE3";"ndl";"all";7,20691570863244e-07;3,60345785431622e-07;0;"all";2184,91123813825;4
"676";"RG";140064;"BZE3";"total";"all";1,10169690894691;0,550848454473456;0,00592938856099293;"all";2184,91123813825;4
"677";"RG";140065;"BZE3";"ag";"rbu";3,96917853503576;1,98458926751788;0,0182621806785688;"all";NA;NA
"678";"RG";140065;"BZE3";"ag";"ser";0,333825937844118;0,166912968922059;0,00240821852673185;"all";NA;NA
"679";"RG";140065;"BZE3";"bg";"rbu";1,39345810575743e-06;6,96729052878717e-07;4,22217806044503e-09;"all";NA;NA
"680";"RG";140065;"BZE3";"bg";"ser";1,61613520182601e-07;8,08067600913007e-08;5,97970024675626e-10;"all";NA;NA
"681";"RG";140065;"BZE3";"fwb";"rbu";3,84631864754137;1,92315932377068;0,0176969120973378;"all";NA;NA
"682";"RG";140065;"BZE3";"fwb";"ser";0,33382568987134;0,16691284493567;0,00240821852673185;"all";NA;NA
"683";"RG";140065;"BZE3";"ndl";"rbu";2,12152373670003e-06;1,06076186835001e-06;0;"all";NA;NA
"684";"RG";140065;"BZE3";"ndl";"ser";2,47972777424365e-07;1,23986388712182e-07;0;"all";NA;NA
"685";"RG";140065;"BZE3";"total";"rbu";3,84632216252323;1,92316108126161;0,0176969163195159;"all";NA;NA
"686";"RG";140065;"BZE3";"total";"ser";0,333826099457639;0,166913049728819;0,00240821912470187;"all";NA;NA
"687";"RG";140065;"BZE3";"ag";"all";3,55395158294256;1,77697579147128;0,0163517224481011;"A";NA;NA
"688";"RG";140065;"BZE3";"ag";"all";0,749052889937308;0,374526444968654;0,00431867675719954;"B";NA;NA
"689";"RG";140065;"BZE3";"bg";"all";1,25411229518169e-06;6,27056147590846e-07;3,79996025440053e-09;"A";NA;NA
"690";"RG";140065;"BZE3";"bg";"all";3,00959330758345e-07;1,50479665379172e-07;1,02018783072013e-09;"B";NA;NA
"691";"RG";140065;"BZE3";"fwb";"all";3,46168678278723;1,73084339139362;0,0159272208876041;"A";NA;NA
"692";"RG";140065;"BZE3";"fwb";"all";0,718457554625477;0,359228777312739;0,00417790973646563;"B";NA;NA
"693";"RG";140065;"BZE3";"ndl";"all";1,90937136303003e-06;9,54685681515013e-07;0;"A";NA;NA
"694";"RG";140065;"BZE3";"ndl";"all";4,60125151094368e-07;2,30062575547184e-07;0;"B";NA;NA
"695";"RG";140065;"BZE3";"total";"all";3,46168994627091;1,73084497313545;0,0159272246875643;"A";NA;NA
"696";"RG";140065;"BZE3";"total";"all";0,718458315709962;0,35922915785498;0,00417791075665346;"B";NA;NA
"697";"RG";140065;"BZE3";"ag";"all";4,30300447287987;2,15150223643994;0,0206703992053006;"all";9873,28419732664;2
"698";"RG";140065;"BZE3";"bg";"all";1,55507162594003e-06;7,77535812970018e-07;4,82014808512065e-09;"all";9873,28419732664;2
"699";"RG";140065;"BZE3";"fwb";"all";4,18014433741271;2,09007216870636;0,0201051306240697;"all";9873,28419732664;2
"700";"RG";140065;"BZE3";"ndl";"all";2,36949651412439e-06;1,1847482570622e-06;0;"all";9873,28419732664;2
"701";"RG";140065;"BZE3";"total";"all";4,18014826198087;2,09007413099043;0,0201051354442178;"all";9873,28419732664;2
"702";"RG";140067;"BZE3";"ag";"as";0,00127306896143775;0,000636534480718875;7,71097869942846e-06;"all";NA;NA
"703";"RG";140067;"BZE3";"ag";"rbu";0,191081190293695;0,0955405951468474;0,000879164109643696;"all";NA;NA
"704";"RG";140067;"BZE3";"ag";"rei";0,259468601885911;0,129734300942956;0,0016110388622487;"all";NA;NA
"705";"RG";140067;"BZE3";"ag";"sbi";0,354079605988951;0,177039802994475;0,00214465879816868;"all";NA;NA
"706";"RG";140067;"BZE3";"ag";"sei";0,00374384600909518;0,0018719230045476;2,3245539870472e-05;"all";NA;NA
"707";"RG";140067;"BZE3";"ag";"vbe";1,60276998200752;0,801384991003761;0,00737434066513826;"all";NA;NA
"708";"RG";140067;"BZE3";"bg";"rbu";6,37972271129636e-08;3,18986135564818e-08;1,9330559815228e-10;"all";NA;NA
"709";"RG";140067;"BZE3";"bg";"rei";1,75590871324807e-07;8,77954356624036e-08;6,51442132615035e-10;"all";NA;NA
"710";"RG";140067;"BZE3";"bg";"sbi";1,47984276082854e-07;7,39921380414271e-08;5,47541821506561e-10;"all";NA;NA
"711";"RG";140067;"BZE3";"bg";"vbe";5,74175044016672e-07;2,87087522008337e-07;1,73975038337052e-09;"all";NA;NA
"712";"RG";140067;"BZE3";"fwb";"rbu";0,176097482437509;0,0880487412187544;0,000810224516694978;"all";NA;NA
"713";"RG";140067;"BZE3";"fwb";"rei";0,259468330205943;0,129734165102971;0,0016110388622487;"all";NA;NA
"714";"RG";140067;"BZE3";"fwb";"sbi";0,305673392904587;0,152836696452293;0,00185146374082308;"all";NA;NA
"715";"RG";140067;"BZE3";"fwb";"vbe";1,58487734193758;0,79243867096879;0,0072920206502548;"all";NA;NA
"716";"RG";140067;"BZE3";"ndl";"rbu";9,71305352465011e-08;4,85652676232505e-08;0;"all";NA;NA
"717";"RG";140067;"BZE3";"ndl";"rei";2,71679969151995e-07;1,35839984575997e-07;0;"all";NA;NA
"718";"RG";140067;"BZE3";"ndl";"sbi";2,27060656273917e-07;1,13530328136958e-07;0;"all";NA;NA
"719";"RG";140067;"BZE3";"ndl";"vbe";8,7417481721851e-07;4,37087408609255e-07;0;"all";NA;NA
"720";"RG";140067;"BZE3";"total";"rbu";0,176097643365272;0,0880488216826358;0,000810224710000576;"all";NA;NA
"721";"RG";140067;"BZE3";"total";"rei";0,259468777476782;0,129734388738391;0,00161103951369083;"all";NA;NA
"722";"RG";140067;"BZE3";"total";"sbi";0,30567376794952;0,15283688397476;0,0018514642883649;"all";NA;NA
"723";"RG";140067;"BZE3";"total";"vbe";1,58487879028745;0,792439395143722;0,00729202239000518;"all";NA;NA
"724";"RG";140067;"BZE3";"ag";"all";2,41241629514661;1,20620814757331;0,0120401589537692;"A";NA;NA
"725";"RG";140067;"BZE3";"bg";"all";9,61547418537297e-07;4,80773709268649e-07;3,1320399356444e-09;"A";NA;NA
"726";"RG";140067;"BZE3";"fwb";"all";2,32611654748562;1,16305827374281;0,0115647477700216;"A";NA;NA
"727";"RG";140067;"BZE3";"ndl";"all";1,47004597789092e-06;7,35022988945461e-07;0;"A";NA;NA
"728";"RG";140067;"BZE3";"total";"all";2,32611897907902;1,16305948953951;0,0115647509020615;"A";NA;NA
"729";"RG";140067;"BZE3";"ag";"all";2,41241629514661;1,20620814757331;0,0120401589537692;"all";4520,32358694629;6
"730";"RG";140067;"BZE3";"bg";"all";9,61547418537297e-07;4,80773709268649e-07;3,1320399356444e-09;"all";4520,32358694629;6
"731";"RG";140067;"BZE3";"fwb";"all";2,32611654748562;1,16305827374281;0,0115647477700216;"all";4520,32358694629;6
"732";"RG";140067;"BZE3";"ndl";"all";1,47004597789092e-06;7,35022988945461e-07;0;"all";4520,32358694629;6
"733";"RG";140067;"BZE3";"total";"all";2,32611897907902;1,16305948953951;0,0115647509020615;"all";4520,32358694629;6
"734";"RG";140068;"BZE3";"ag";"bah";0,0246945657160653;0,0123472828580326;0,000105643352133327;"all";NA;NA
"735";"RG";140068;"BZE3";"ag";"ges";0,0016997777986532;0,000849888899326598;6,32487318878854e-06;"all";NA;NA
"736";"RG";140068;"BZE3";"ag";"hbu";0,00182717863164309;0,000913589315821544;8,40684888418985e-06;"all";NA;NA
"737";"RG";140068;"BZE3";"ag";"sbi";0,1187518268937;0,05937591344685;0,000719279815495141;"all";NA;NA
"738";"RG";140068;"BZE3";"ag";"sei";0,00321701711104195;0,00160850855552098;1,99744592424595e-05;"all";NA;NA
"739";"RG";140068;"BZE3";"ag";NA;0;0;0;"all";NA;NA
"740";"RG";140068;"BZE3";"bg";NA;0;0;0;"all";NA;NA
"741";"RG";140068;"BZE3";"total";NA;0;0;0;"all";NA;NA
"742";"RG";140068;"BZE3";"ag";"all";0,0189095508554696;0,00945477542773477;8,02201370651902e-05;"A";NA;NA
"743";"RG";140068;"BZE3";"ag";"all";0,121968844004742;0,060984422002371;0,000739254274737601;"B";NA;NA
"744";"RG";140068;"BZE3";"ag";"all";0,009311971290892;0,004655985645446;4,01549371411154e-05;NA;NA;NA
"745";"RG";140068;"BZE3";"bg";"all";0;0;0;NA;NA;NA
"746";"RG";140068;"BZE3";"total";"all";0;0;0;NA;NA;NA
"747";"RG";140068;"BZE3";"ag";"all";0,150190366151104;0,0750951830755518;0,000859629348943906;"all";15843,4886142381;5
"748";"RG";140068;"BZE3";"bg";"all";0;0;0;"all";15843,4886142381;5
"749";"RG";140068;"BZE3";"total";"all";0;0;0;"all";15843,4886142381;5
"750";"RG";140187;"BZE3";"ag";"gfi";0,0130183227652348;0,00650916138261738;5,65385757694146e-05;"all";NA;NA
"751";"RG";140187;"BZE3";"ag";"rbu";2,24067147090453;1,12033573545226;0,0103093239040463;"all";NA;NA
"752";"RG";140187;"BZE3";"ag";"sbi";0,315409893979016;0,157704946989508;0,00191043630871843;"all";NA;NA
"753";"RG";140187;"BZE3";"ag";"vbe";0,0371312152299147;0,0185656076149574;0,000170840721272838;"all";NA;NA
"754";"RG";140187;"BZE3";"bg";"rbu";7,8995145117762e-07;3,94975725588811e-07;2,39355289706819e-09;"all";NA;NA
"755";"RG";140187;"BZE3";"bg";"sbi";1,52697850848764e-07;7,63489254243819e-08;5,64982048140427e-10;"all";NA;NA
"756";"RG";140187;"BZE3";"fwb";"rbu";2,18047818213041;1,0902390910652;0,010032380115982;"all";NA;NA
"757";"RG";140187;"BZE3";"fwb";"sbi";0,315409659686054;0,157704829843027;0,00191043630871843;"all";NA;NA
"758";"RG";140187;"BZE3";"ndl";"rbu";1,20269188401828e-06;6,01345942009142e-07;0;"all";NA;NA
"759";"RG";140187;"BZE3";"ndl";"sbi";2,34292961002998e-07;1,17146480501499e-07;0;"all";NA;NA
"760";"RG";140187;"BZE3";"total";"rbu";2,18048017477375;1,09024008738687;0,0100323825095349;"all";NA;NA
"761";"RG";140187;"BZE3";"total";"sbi";0,315410046676867;0,157705023338433;0,00191043687370048;"all";NA;NA
"762";"RG";140187;"BZE3";"ag";"all";2,21309005172905;1,10654502586452;0,0106382993759318;"A";NA;NA
"763";"RG";140187;"BZE3";"ag";"all";0,393140851149641;0,196570425574821;0,00180884013387527;"warning";NA;NA
"764";"RG";140187;"BZE3";"bg";"all";8,10990726830114e-07;4,05495363415058e-07;2,55960946236392e-09;"A";NA;NA
"765";"RG";140187;"BZE3";"bg";"all";1,3165857519627e-07;6,58292875981351e-08;3,98925482844699e-10;"warning";NA;NA
"766";"RG";140187;"BZE3";"fwb";"all";2,13247481146139;1,0662374057307;0,0102707530720368;"A";NA;NA
"767";"RG";140187;"BZE3";"fwb";"all";0,363413030355068;0,181706515177534;0,00167206335266367;"warning";NA;NA
"768";"RG";140187;"BZE3";"ndl";"all";1,2365361976849e-06;6,1826809884245e-07;0;"A";NA;NA
"769";"RG";140187;"BZE3";"ndl";"all";2,00448647336381e-07;1,0022432366819e-07;0;"warning";NA;NA
"770";"RG";140187;"BZE3";"total";"all";2,13247685898833;1,06623842949416;0,0102707556316462;"A";NA;NA
"771";"RG";140187;"BZE3";"total";"all";0,363413362462292;0,181706681231146;0,00167206375158915;"warning";NA;NA
"772";"RG";140187;"BZE3";"ag";"all";2,60623090287869;1,30311545143935;0,012447139509807;"all";9328,60862165135;4
"773";"RG";140187;"BZE3";"bg";"all";9,42649302026384e-07;4,71324651013193e-07;2,95853494520862e-09;"all";9328,60862165135;4
"774";"RG";140187;"BZE3";"fwb";"all";2,49588784181646;1,24794392090823;0,0119428164247004;"all";9328,60862165135;4
"775";"RG";140187;"BZE3";"ndl";"all";1,43698484502128e-06;7,18492422510641e-07;0;"all";9328,60862165135;4
"776";"RG";140187;"BZE3";"total";"all";2,49589022145062;1,24794511072531;0,0119428193832354;"all";9328,60862165135;4
"777";"RG";140252;"BZE3";"ag";"as";0,000925192124169902;0,000462596062084951;5,60388869609709e-06;"all";NA;NA
"778";"RG";140252;"BZE3";"ag";"gfi";0,306909358630447;0,153454679315223;0,00133290734453203;"all";NA;NA
"779";"RG";140252;"BZE3";"ag";"rbu";0,000619834310462148;0,000309917155231074;2,85185766243634e-06;"all";NA;NA
"780";"RG";140252;"BZE3";"ag";"sbi";0,00133875021474724;0,000669375107373618;8,10881005072402e-06;"all";NA;NA
"781";"RG";140252;"BZE3";"ag";"vbe";0,0125112806472666;0,0062556403236333;5,75644022580736e-05;"all";NA;NA
"782";"RG";140252;"BZE3";"ag";"all";0,322304415927092;0,161152207963546;0,00140703630319936;"A";NA;NA
"783";"RG";140252;"BZE3";"ag";"all";0,322304415927092;0,161152207963546;0,00140703630319936;"all";6788,87295377804;5
"784";"RG";140254;"BZE3";"ag";"bah";0,484249147193612;0,242124573596806;0,00207161670964548;"all";NA;NA
"785";"RG";140254;"BZE3";"ag";"hbu";1,49636770635707;0,748183853178537;0,00688478413211966;"all";NA;NA
"786";"RG";140254;"BZE3";"ag";"sah";0,0158308216629784;0,00791541083148918;6,77242550742216e-05;"all";NA;NA
"787";"RG";140254;"BZE3";"ag";"stk";5,87133970226947;2,93566985113474;0,0355626892022315;"all";NA;NA
"788";"RG";140254;"BZE3";"bg";"bah";1,75343591563939e-07;8,76717957819696e-08;5,31291082438736e-10;"all";NA;NA
"789";"RG";140254;"BZE3";"bg";"hbu";5,26030774691817e-07;2,63015387345909e-07;1,59387324731621e-09;"all";NA;NA
"790";"RG";140254;"BZE3";"bg";"stk";1,65821603488607e-06;8,29108017443033e-07;6,13539932907845e-09;"all";NA;NA
"791";"RG";140254;"BZE3";"fwb";"bah";0,483995409099624;0,241997704549812;0,00207053236012819;"all";NA;NA
"792";"RG";140254;"BZE3";"fwb";"hbu";1,45198622729887;0,725993113649437;0,00668058863180212;"all";NA;NA
"793";"RG";140254;"BZE3";"fwb";"stk";5,8094760100656;2,9047380050328;0,0351879961929673;"all";NA;NA
"794";"RG";140254;"BZE3";"ndl";"bah";2,66958575965891e-07;1,33479287982945e-07;0;"all";NA;NA
"795";"RG";140254;"BZE3";"ndl";"hbu";8,00875727897672e-07;4,00437863948836e-07;0;"all";NA;NA
"796";"RG";140254;"BZE3";"ndl";"stk";2,53828870629833e-06;1,26914435314916e-06;0;"all";NA;NA
"797";"RG";140254;"BZE3";"total";"bah";0,483995851401794;0,241997925700896;0,00207053289141928;"all";NA;NA
"798";"RG";140254;"BZE3";"total";"hbu";1,45198755420538;0,725993777102689;0,00668059022567536;"all";NA;NA
"799";"RG";140254;"BZE3";"total";"stk";5,80948020657035;2,90474010328517;0,0351880023283666;"all";NA;NA
"800";"RG";140254;"BZE3";"ag";"all";6,37721341419819;3,1886067070991;0,0377320283817385;"A";NA;NA
"801";"RG";140254;"BZE3";"ag";"all";1,49057396328495;0,745286981642474;0,0068547859173324;"warning";NA;NA
"802";"RG";140254;"BZE3";"bg";"all";1,83355962645001e-06;9,16779813225003e-07;6,66669041151719e-09;"A";NA;NA
"803";"RG";140254;"BZE3";"bg";"all";5,26030774691817e-07;2,63015387345909e-07;1,59387324731621e-09;"warning";NA;NA
"804";"RG";140254;"BZE3";"fwb";"all";6,29347141916522;3,14673570958261;0,0372585285530955;"A";NA;NA
"805";"RG";140254;"BZE3";"fwb";"all";1,45198622729887;0,725993113649437;0,00668058863180212;"warning";NA;NA
"806";"RG";140254;"BZE3";"ndl";"all";2,80524728226422e-06;1,40262364113211e-06;0;"A";NA;NA
"807";"RG";140254;"BZE3";"ndl";"all";8,00875727897672e-07;4,00437863948836e-07;0;"warning";NA;NA
"808";"RG";140254;"BZE3";"total";"all";6,29347605797214;3,14673802898607;0,0372585352197859;"A";NA;NA
"809";"RG";140254;"BZE3";"total";"all";1,45198755420538;0,725993777102689;0,00668059022567536;"warning";NA;NA
"810";"RG";140254;"BZE3";"ag";"all";7,86778737748314;3,93389368874157;0,0445868142990709;"all";9317,91797976074;4
"811";"RG";140254;"BZE3";"bg";"all";2,35959040114182e-06;1,17979520057091e-06;8,2605636588334e-09;"all";9317,91797976074;4
"812";"RG";140254;"BZE3";"fwb";"all";7,7454576464641;3,87272882323205;0,0439391171848976;"all";9317,91797976074;4
"813";"RG";140254;"BZE3";"ndl";"all";3,60612301016189e-06;1,80306150508095e-06;0;"all";9317,91797976074;4
"814";"RG";140254;"BZE3";"total";"all";7,74546361217753;3,87273180608876;0,0439391254454613;"all";9317,91797976074;4
"815";"RG";140315;"BZE3";"ag";"gfi";0,140430684172834;0,0702153420864171;0,000609890461362618;"all";NA;NA
"816";"RG";140315;"BZE3";"ag";"all";0,140430684172834;0,0702153420864171;0,000609890461362618;"A";NA;NA
"817";"RG";140315;"BZE3";"ag";"all";0,140430684172834;0,0702153420864171;0,000609890461362618;"all";2627,58501026458;1
"818";"RG";140316;"BZE3";"ag";"bah";3,82203302504912e-05;1,91101651252456e-05;1,63506572811601e-07;"all";NA;NA
"819";"RG";140316;"BZE3";"ag";"ges";0,000282104523527279;0,00014105226176364;1,04971093204501e-06;"all";NA;NA
"820";"RG";140316;"BZE3";"ag";"hbu";0,00035355600372131;0,000176778001860655;1,62671117312175e-06;"all";NA;NA
"821";"RG";140316;"BZE3";"ag";NA;0;0;0;"all";NA;NA
"822";"RG";140316;"BZE3";"bg";NA;0;0;0;"all";NA;NA
"823";"RG";140316;"BZE3";"total";NA;0;0;0;"all";NA;NA
"824";"RG";140316;"BZE3";"ag";"all";0,000673880857499081;0,000336940428749541;2,83992867797835e-06;"A";NA;NA
"825";"RG";140316;"BZE3";"ag";"all";0;0;0;NA;NA;NA
"826";"RG";140316;"BZE3";"bg";"all";0;0;0;NA;NA;NA
"827";"RG";140316;"BZE3";"total";"all";0;0;0;NA;NA;NA
"828";"RG";140316;"BZE3";"ag";"all";0,000673880857499081;0,000336940428749541;2,83992867797835e-06;"all";256,073111840405;3
"829";"RG";140316;"BZE3";"bg";"all";0;0;0;"all";256,073111840405;3
"830";"RG";140316;"BZE3";"total";"all";0;0;0;"all";256,073111840405;3
