"";"plot_ID";"SP_code";"b0";"b1";"b2";"bias";"rsme";"R2";"mean_h";"SSres";"SStot";"pseu_R2";"diff_h"
"1";"50001";"gki";4,76303633041276;0,303029550590057;-2968,56018966074;0,349469601003503;138,002124906471;0,209195732789427;7,27931034482759;2926,51002280524;3700,3275862069;0,209121367061146;0,0254389768178757
"2";"50002";"gki";7,16456727426983;0,000345070549529589;-0,238886524980744;-0,0360177879981981;9,40344835824799;0,166173438066598;21,14;19,7585130423444;23,692;0,166025956342039;-0,00761416038281908
"3";"50003";"dgl";11,7797857079687;0,317994672359713;6,77051651708304;0,000195928261500658;9,16964771289114;0,681221159712387;10,5;4,63504445971645;14,54;0,681221151326241;2,05724674575691e-05
"4";"50003";"vbe";20,7834373884609;0,00455339811259492;0,30087860043644;0,022380073290193;5,38919401249324;0,523122718676449;8,08;0,948069910002857;1,988;0,523103667000574;0,0018083099218476
"5";"50004";"gfi";34,4059033098079;0,075273028136502;1,86122740798086;0,0016056876427766;2,90677716465966;0,926749746274228;30,2;6,16491868195792;84,16;0,926747639235291;0,000484917668118534
"6";"50005";"bah";83,3385011826619;0,000885914022796;0,356926290264096;0,0696069876353006;4,02031984591638;0,927493015811455;20,6666666666667;4,14203087162502;57,0933333333333;0,927451584453088;0,0143854441112955
"7";"50006";"hbu";39,8522001804777;0,00188420083984001;0,280903188543459;0,0161935037972791;1,83685335266207;0,969664153202712;13,975;0,263580085792761;8,68749999999999;0,969659846239682;0,00226304215566975
"8";"50006";"rbu";166,045841486876;0,0026121051617114;0,773740491498718;0,062931374335758;1,5018631680258;0,99657603200673;15,4;0,160480929018917;46,62;0,996557680630225;0,00969143164770673
"9";"50006";"rei";41,2538863286109;0,000341857506807721;0,101414366943472;0,0033783511259151;4,436862229734;0,127744017151055;26,725;5,62402582349154;6,4475;0,127719918807051;0,000902864338400811
"10";"50007";"pa";25,9088853787372;0,101348877474104;1,9999251691872;0,000817304864131355;3,14550347123313;0,939924909479514;21,9714285714286;3,34345104404546;55,6542857142857;0,939924643697525;0,000179573554433432
"11";"50007";"sbi";10,6145733436455;0,000126492471961313;-0,0605727625699739;-0,0202992697616814;6,9762824750698;0,0783552191777796;15,56;5,89165494958326;6,39199999999999;0,0782767600777119;-0,00315856637491763
"12";"50008";"gfi";18,3190274870511;0,213711488716055;4,62876420765797;-0,00161060683228285;3,13887914501311;0,958472815329339;16,38;1,32174290643785;31,828;0,958472322909456;-0,00026381739912793
"13";"50009";"gfi";99,3513855028599;0,000633093168615472;0,345166932650803;0,0638150710591074;5,74591520861513;0,534143371206364;28,06;25,9952356779962;55,7839999999999;0,53400194181134;0,0179065089391855
"14";"50010";"sbi";11,8612698638535;0,267855805967651;3,0314615042755;-0,0046496996005538;8,80784274052937;0,770781903671347;9,48;3,48598715791084;15,208;0,770779382041633;-0,0004407915221325
"15";"50011";"rbu";32,2766356233425;0,00141683101421926;0,163029859105083;0,0134551900041553;1,9166157379839;0,731241076757764;19,98;0,733214545745853;2,728;0,731226339535977;0,00268834696283022
"16";"50011";"tei";16,0845334213501;0,169897330469753;6,52199350123489;0,00379524601510996;8,45714469544565;0,782625239553593;14,7;9,27328147140728;42,66;0,782623500435835;0,000557901164221164
"17";"50012";"mbi";99,3976070868306;0,000807926220211145;0,413755561205444;0,0585124600283189;6,94806549060081;0,792120726128401;18,76;8,49500187569657;40,852;0,792054198675791;0,0109769375013126
"18";"50012";"sei";60,1629180109403;0,00295074963358167;0,409605496030115;0,0129686442546343;2,91732678747469;0,892706588507248;22,4;2,13518839634407;19,9;0,892704100686228;0,00290497631303808
"19";"50013";"mbi";19,0479725118396;0,500143379137094;195,071565968517;0,00019877041940305;3,81322914394872;0,840082187428111;17,94;2,33991827315521;14,632;0,840082130046801;3,56594132409072e-05
"20";"50013";"sei";31,3148403508584;0,0353555481191018;1,24130654451451;-0,0469636989416495;4,00301905993808;0,985610960351797;18,1428571428571;3,69219574790423;256,237142857143;0,985590708252774;-0,00852055680798498
"21";"50014";"sei";22,3747996726818;0,150152652448367;4,08582565699174;-0,000589905431461216;2,07195410143117;0,993892577512079;19,26;0,796237873172625;130,372;0,993892569929336;-0,00011361578609943
"22";"50015";"gfi";31,2157354259548;0,343317210445079;16161,7636613048;-0,00925063498937725;1,16147152047786;0,930933711007105;30,04;0,608677140320851;8,812;0,930926334507393;-0,00277889075080893
"23";"50016";"rbu";32,873395406798;0,0770706544033122;6,46400699302379;0,000307206388932356;4,83427986580034;0,441033684872049;30,1;10,5868454561689;18,94;0,441032446875982;9,24691230686392e-05
"24";"50017";"rbu";297,406649441063;0,0026141571197872;0,997323329206887;0,298739710028011;13,8088564071739;0,661140104037525;12,05;11,0751473316261;32,53;0,659540506251887;0,0359981350583753
"25";"50017";"tei";35,4584471578894;0,00114624788475162;0,165232172172742;0,0279494557448026;4,96439553080625;0,232125177146168;20,36;5,1080872132086;6,652;0,232097532590409;0,0056905091896418
"26";"50018";"eta";97,0116862816022;0,00568346520064818;1,04683603810143;0,0424489038628827;5,57972330822245;0,868341749624326;6,8;0,719802177978938;5,46;0,868168099271257;0,00288652546267603
"27";"50018";"gki";7,77591509689596;0,349576080538047;19,0778650022148;-0,00306931594218868;9,71177384181932;0,600243556661926;5,73333333333333;1,86021334490603;4,65333333333333;0,600240685192113;-0,000175974114018818
"28";"50018";"nta";62,6441659099712;0,00280112068182394;0,681866235369267;0,0141442977926253;6,1601868317609;0,74623266154983;5,34;0,541053594315412;2,132;0,746222516737611;0,000755305502126191
"29";"50019";"gfi";49,8754261247965;0,00162340077928834;0,252694878362714;0,0209060603660686;0,828974141050852;0,970867417959841;24,28;0,202557970017776;6,948;0,970846578869059;0,00507599145688147
"30";"50020";"gfi";37,0491821075382;0,0407719730199299;1,77638067815691;0,00182988989730263;4,1774697321946;0,970703046695785;17,95;2,24913498472861;76,77;0,970702944057202;0,000328465236565822
"31";"50020";"gki";28,873236546183;0,039438407842875;1,04102624595677;-0,000343969228502714;2,70530411971541;0,908126804325686;19,76;1,42881523591206;15,552;0,908126592341045;-6,79683195521363e-05
"32";"50021";"gki";36,1977640174219;0,000616237829570837;0,127176087871019;0,0188194384554869;2,55554099780912;0,433955150729949;22,22;1,61221819724268;2,848;0,433912149844567;0,00418167922480919
"33";"50022";"gki";24,7688888594697;0,0517302886247897;0,950879763194657;-0,00233048878497093;2,33159060333461;0,968919664291372;19,575;1,6664723842936;53,615;0,968917795686028;-0,00045619317965806
"34";"50022";"tei";17,858672746589;0,326941175387714;145,014648851749;-0,0119017788673242;0,128092749341027;0,999982048903766;14,7;0,00106366536702228;57,66;0,999981552803208;-0,00174956149349666
"35";"50023";"ela";28,2808958882872;0,0898220848414911;3,36065551619671;0,0193331427666703;3,40810762801134;0,982982674174847;20,6;2,95741515316785;173,7;0,982974006026668;0,00398262740993408
"36";"50023";"rbu";20,5305730057135;0,29954513772647;9,97617349876816;0,000535598676804558;3,80984482603253;0,980427278139852;15,66;1,77978726310283;90,932;0,980427272433216;8,38747527875938e-05
"37";"50024";"rbu";91,1250527883793;0,00106452909716517;0,435851817260305;0,00774285934318292;6,03129492468312;0,430861798485202;30,375;13,4249814940434;23,5875;0,430843391879453;0,00235189352549181
"38";"50025";"sbi";23,1312016699017;0,476459371741581;4212,2664466197;-0,0236207081634921;1,97820540815444;0,940029737009418;22,1;0,764517284161853;12,74;0,939990794021832;-0,00522017650413176
"39";"50025";"sei";63,1808466438343;0,000783337798412079;0,320844227360531;0,0404753351171473;2,06521397724025;0,935405460562712;20,9714285714286;1,31305882368782;20,3142857142857;0,935362786456999;0,0084882559931389
"40";"50026";"rbu";36,303342259158;0,0117119521644512;0,617086766769844;0,00063565449800225;5,32091161169961;0,957876119977769;12,26;2,12776192950235;50,512;0,957876110043111;7,79312414550759e-05
"41";"50026";"rei";37,8959520071798;0,000509612293409862;0,104984234457209;0,0176237192870161;7,54288784276387;0,0217613766498707;25;14,2237892521287;14,54;0,0217476442827551;0,00440592982175403
"42";"50027";"gki";58,0876348109457;0,00366100421027169;0,473529930200318;0,0245506209833235;2,22363390852678;0,870073349565901;21,32;1,12375330267935;8,648;0,870056278598595;0,00523419239364458
"43";"50027";"rbu";88,9353268037076;0,00148734869908931;0,455503335325547;0,0282408783324444;7,97807297844541;0,893539582901377;18,5285714285714;15,2960016383455;143,674285714286;0,89353695713676;0,00523263131388292
"44";"50028";"gki";27,4941459476768;0,0665005092233092;5,3295302411514;0,00105216748576033;1,31766299341297;0,99364889057828;20,16;0,35282533110526;55,552;0,993648737559309;0,000212116965129283
"45";"50028";"rbu";118,222907905004;0,000869041437392207;0,509587089227374;0,0943671396862228;5,31983253023263;0,957083269520955;16,04;3,64061415927467;84,772;0,957054048986993;0,0151364892056701
"46";"50028";"slb";136,518342706953;0,00468204896367473;0,868419122538998;0,105637322189365;7,63513435628914;0,816237777605664;8,7;2,20618474438732;11,98;0,81584434520974;0,00919044703047476
"47";"50028";"tei";20,5587773536107;0,116320780636376;2,12895382205004;-0,00429950685152081;4,57510150645431;0,940449105636818;17,1833333333333;3,70823755880121;62,2683333333333;0,940447457635483;-0,000738798593986327
"48";"50029";"ski";18,1823773298437;0,243269609139846;14,2036646543663;-0,00186564642986506;2,96979662769038;0,947885058498169;16,6;1,4582125981391;27,98;0,947883752746994;-0,0003096973073576
"49";"50030";"rbu";28,4588383439979;0,0900518888536791;1,87717199013039;-0,0129302549245334;7,30520168026476;0,812255063454305;26,3;44,2952506663593;235,9;0,812228695776349;-0,00340065704515228
"50";"50031";"rbu";31,0275436183504;0,0642415632239414;1,21727073126773;0,000793604119473628;6,50554389681033;0,699578392519082;27,7571428571429;22,825210137579;75,9771428571429;0,699577935162731;0,000220281829162466
"51";"50031";"sei";31,169455397013;0,0795442384084021;4,65860605989195;-4,50210116219253e-05;1,63608732560478;0,818069293786082;28,72;1,10395618255004;6,068;0,818069185472966;-1,29300345378169e-05
"52";"50032";"gfi";24,9303449572243;0,429846456452349;1110,0451422831;-0,00731536356559788;4,71713892274495;0,630267732073907;24,08;6,45119698128733;17,448;0,630261521017462;-0,00176153954659597
"53";"50033";"bah";23,3979737379266;0,770511694196395;276816,460018934;-0,0563190999504726;6,67826816082769;0,679686909536192;22,4857142857143;15,784801458687;49,2485714285714;0,679487120117164;-0,0126637519031491
"54";"50033";"ges";154,088497912448;0,000774734182257328;0,495790803062271;0,154215142073073;16,5756915003973;0,479216667614412;23,25;89,1128791067866;170,955;0,478734876974721;0,0358550205319895
"55";"50033";"sli";181,602156860298;0,00120390265881055;0,592437721388253;0,221706730317263;12,4417379331477;0,86038518648206;18;20,0616708265077;143,46;0,860158435616146;0,0399072114571073
"56";"50033";"wli";414,946621455437;0,00316335413838821;1,0777849487995;0,303189162120237;2,95083055719046;0,994750490241674;16,475;0,945364700950167;173,3275;0,994545789323967;0,049950414459309
"57";"50034";"rbu";35,8854869982117;0,0476703270736616;1,53798864227636;-0,000164728889348489;3,07778302173467;0,715307412216672;32,7714285714286;7,12139026068977;25,0142857142857;0,715307071245983;-5,39840103093476e-05
"58";"50035";"gki";197,915365722932;0,00253131288683342;0,85285556290395;0,143479269313766;6,00350661985754;0,956829356388284;20,84;7,82664113804118;180,932;0,956742637355243;0,0299010797249888
"59";"50036";"gki";85,2578082624087;0,00130718873279378;0,46814313175138;0,0312427073697314;7,57944536746732;0,546183018351613;23,2;18,5524843537739;40,88;0,546172104848976;0,00724830810977769
"60";"50036";"sbi";13,5656471159634;1,22087498686982;257025,59969728;-0,0684401977404096;10,5918550946806;0,450850178159202;12,85;7,40986520920594;13,49;0,450714217256788;-0,00879456540964263
"61";"50036";"sei";149,305348565695;0,000860027524555592;0,650146970683684;0,319774233187422;9,64997765985534;0,916595824962506;9,5;3,36170668496903;39,92;0,915788910697169;0,030378552152805
"62";"50037";"bah";4,95591671672405;0,00344050011785671;-0,283676076722834;-0,0173160547479315;1,31135742550839;0,895557786693786;12,2;0,102381576396149;0,979999999999999;0,895529003677399;-0,00211255867924764
"63";"50037";"hbu";14,1959092942928;0,797863784212801;1993,82011523533;-0,173961060468349;3,20438586652666;0,986172380480409;10,68;0,585601424920949;42,048;0,98607302547277;-0,0185790412580197
"64";"50037";"tei";27,6362388622287;0,31400188117155;12527,0129462976;-0,00284486452479581;7,1967902935922;0,89527792672911;25,0285714285714;22,7116067438317;216,874285714286;0,895277549069361;-0,000712028949634609
"65";"50038";"rbu";26,8706099818143;0,0978594767882838;1,94421189229043;0,1168083031818;7,32735804321692;0,931965806451727;21,46;24,726022608513;362,124;0,931719459056807;0,0250670618628143
"66";"50039";"bah";20,417780792651;0,338103341401746;15,7669569588395;0,0125450708343506;5,58360003547242;0,907003610762981;18,5857142857143;15,0770075202203;162,097142857143;0,906987826839689;0,00233159102221287
"67";"50039";"ser";22,6310351672314;0,0994371388897518;1,33115387889514;-0,00708634561524635;7,93211283663755;0,730723426214143;19,2833333333333;28,0752240179451;104,256666666667;0,730710515542298;-0,00136648364614
"68";"50039";"wli";NA;NA;NA;NA;NA;NA;14,75;NA;8,40999999999999;NA;NA
"69";"50040";"rbu";80,0902136665461;0,00224586398932625;0,429853426319145;0,00722946155150303;6,64725460144348;0,703161013531791;27,9285714285714;24,1257103872012;81,2742857142857;0,703156906576657;0,00201908533331263
"70";"50040";"sei";51,4864924877928;0,000950545924743247;0,179912218972822;0,0181844155789373;8,21641626154909;0,0178096816361652;29,64;29,6545453389475;30,192;0,0178012275123386;0,00538986077759702
"71";"50041";"dgl";34,7155229805908;0,084615340429349;3,70731210505665;0,00172166915790107;4,08032655979876;0,875650681221309;29,5166666666667;8,7031349264825;69,9883333333333;0,875648775846224;0,000508179346440466
"72";"50041";"gfi";30,5792438416716;0,369736513938702;1942,1921094216;0,000730747860762924;1,97742954355543;0,976915170867168;27,9;1,21750410636103;52,74;0,97691497712626;0,000203878653152856
"73";"50042";"gfi";32,1624125658173;0,0590085324958072;1,1516705529245;-0,00132512695835643;3,16968611128312;0,974871628059032;26,1666666666667;8,25487618920207;328,506666666667;0,974871510910376;-0,000346741554103266
"74";"50042";"ser";195,689767911439;0,000990851657661442;0,636993574711744;0,303949313550114;13,7156363706581;0,827832109544147;12,26;28,2756674641097;163,704;0,827275647118521;0,037264185841244
"75";"50043";"jla";33,9248787014996;0,0584852238855096;1,22435433076874;0,00313224028924681;3,63465978982088;0,90408712690843;26,5;4,63862522147046;48,36;0,904081364320296;0,000830043676650405
"76";"50043";"rbu";26,3500336144692;0,0710552950649176;1,21197171398416;0,0375498880567259;4,80601687934161;0,953139038151629;19,7;5,37841471242864;114,62;0,953076123604706;0,007397327947175
"77";"50044";"ela";28,2643515400697;0,00405667939716413;0,381673103664397;0,0321700694119107;7,02589420719994;0,321423351587544;8,88;1,94625234153614;2,868;0,321390396953926;0,00285670216377767
"78";"50044";"sbi";11,8723024667565;0,229644896407599;1,87892528389362;-0,000685699825138475;3,0382292443642;0,935344937709019;8,72;0,350949035839047;5,428;0,93534468757571;-5,9793024752075e-05
"79";"50045";"jla";33,3155663479355;0,577294940946332;12526768,4048298;0,019007690258487;3,94444333591417;0,37807736216808;32,66;8,29800721802188;13,332;0,377587217370096;0,00620791163842185
"80";"50045";"rbu";35,0808182215109;0,0577748807277354;1,59340514924645;0,334503631370991;11,688728731078;0,929742025276045;21,3142857142857;43,4484377883641;615,208571428571;0,929376085109684;0,071297059715074
"81";"50045";"sbi";54,6934845591037;0,0109482706487486;0,45095988812938;0,0108337020931403;2,82465047063356;0,606652052146252;30,04;3,59997338982041;9,152;0,606646264224168;0,00325444410877935
"82";"50046";"rbu";26,1401024212499;0,14270928789926;1,89175979333796;0,00069572145731887;1,58161748123261;0,965823035039378;24,5857142857143;1,05844090050783;30,9685714285714;0,96582209473404;0,000171048089720825
"83";"50047";"gfi";130,465912321589;0,000480607933619571;0,491690762219009;0,155121510039784;14,5360593963021;0,589379780827014;14,3833333333333;26,2279120589154;63,7883333333333;0,588829011696255;0,0223116438607223
"84";"50048";"ela";31,2157805018024;0,356780915549384;8174,58032444535;-0,0062432969492821;0,294797707842918;0,989162579005482;30,55;0,0324437185549648;2,99;0,989149258008373;-0,00190732721800568
"85";"50048";"gfi";29,5427660436034;0,143054613179348;3,52303682178681;0,00128779619839147;6,0025891580584;0,639617109801216;25,76;11,9547076679681;33,172;0,639614504161095;0,000331736300705643
"86";"50049";"gfi";40,132370483;0,000586735931719721;0,0757910909534243;0,00314410160584842;1,60030726980636;0,410180365113237;30,2;1,16785963082171;1,97999999999999;0,410171903625397;0,000949518684966222
"87";"50050";"gfi";15,0192989961668;0,0951311242904874;1,10180100800964;0,0159501578051388;9,07761475116842;0,758697712148421;11,3;5,26102525363691;21,8;0,758668566346931;0,00180236783198069
"88";"50051";"rbu";34,2635975641121;0,239970650146976;274851,039647308;-0,233638617250726;1,68805158375523;0,944792507267885;32,3;1,48643689505343;25,38;0,941432746451796;-0,0754652733719844
"89";"50052";"gfi";662,312384783441;0,281927232750324;78,4590984591677;0,0383425524815126;12,6693221203655;0,456403655077182;6,13333333333333;1,81142829784509;3,32666666666667;0,455482475597669;0,00235167655219944
"90";"50052";"rbu";21,303903989921;0,301459172853275;21,5077690288092;0,0261504658089136;4,08719928514151;0,979159672032832;16,6;2,30164217995243;110,38;0,979148014314618;0,00434097732427965
"91";"50052";"tei";27,7968791558188;0,0359129991355685;0,723673020078607;0,00124696363230824;6,99281474792054;0,59832928570715;21,35;13,3736839435264;33,295;0,598327558386353;0,00026622673549781
"92";"50054";"rbu";28,108143209988;0,0640655802692909;1,45713924534361;-2,55436285059477e-05;3,54154693976474;0,628514691559147;26,38;4,3642095107259;11,748;0,62851468243736;-6,73840919986901e-06
"93";"50055";"rbu";25,8063070760931;0,0499081954195104;1,09773360854505;-0,0220655500206498;12,2678351077246;0,695156678466107;20,7888888888889;58,5384104626634;192,008888888889;0,695126560018072;-0,0045871826765151
"94";"50055";"tei";25,104212259344;0,00401070739461846;0,078532625716206;0,000132429362431022;3,65018005300398;0,252783723305547;21,3857142857143;4,26554114686984;5,70857142857142;0,252783082380157;2,83209650798913e-05
"95";"50056";"rbu";30,2677012740197;0,159785999549285;11,6326928052444;-0,0343206762994316;6,08307123972399;0,942781106848717;26,4;20,6321100623512;360,38;0,942749014755671;-0,00906065854304994
"96";"50057";"rbu";180,062349021041;0,00142353694181549;0,7151528509381;0,120791211056846;8,78971798768147;0,852580779097228;16,5333333333333;25,3426468704104;171,746666666667;0,852441695886905;0,0199708135613985
"97";"50057";"tei";19,4044488601221;0,937513669118261;1849450,44291665;-0,0601508577101958;9,05061135850544;0,478044819724592;18,7285714285714;40,2247331442831;77,0285714285714;0,477794636480004;-0,0112653963511524
"98";"50058";"pa";36,443629606465;0,3202537415825;-1545897,26492493;0,0123001930729686;3,95975655146088;0,0705312748966341;36,78;10,6054823660241;11,408;0,07034691742426;0,00452401101223785
"99";"50058";"ser";125,518215744914;0,00104185223598416;0,522970408470401;0,101282737139357;7,84702309563085;0,711450649547329;15,375;5,82237404043271;20,1275;0,710725423404163;0,0155722208351761
"100";"50059";"rbu";NA;NA;NA;NA;NA;NA;23,8;NA;64;NA;NA
"101";"50059";"sbi";44,9980715347268;0,00777935195017346;0,490883652690726;0,0146904212028612;0,632934970161933;0,993135154324599;17,6;0,0744551544590137;10,84;0,993131443315589;0,00258551413170357
"102";"50059";"sei";NA;NA;NA;NA;NA;NA;23,05;NA;26,01;NA;NA
"103";"50060";"sbi";200,134950727706;0,00142647174115602;0,756854074176242;0,165737886375923;7,10084351534294;0,975812579624485;10,2285714285714;3,69273283946107;152,294285714286;0,975752650060759;0,0169526180921659
"104";"50061";"gfi";20,7833061784219;0,121438966850762;1,10336266597587;-0,00774942395656133;3,60698057493035;0,948642261162872;17,5166666666667;2,39520003096978;46,6283333333333;0,948632089981704;-0,00135744076305766
"105";"50062";"sbi";11,6140674606373;0,191597683378497;0,613466237204278;0,000114018217193711;3,61871405663022;0,467968034437572;10,62;0,738461014580932;1,388;0,467967568745726;1,21087346659721e-05
"106";"50062";"sei";9,05036426302235;0,67956725866085;20,539969559516;-0,041896915114878;9,2377862443714;0,0373995996801892;8,82;3,31927314426169;3,448;0,0373337748661006;-0,00369530791313224
"107";"50063";"ser";24,0277529286382;0,214417258298023;7,12104136822257;0,00326479289584648;4,36377153168864;0,880700328540708;21,7;8,9669237577277;75,16;0,880695532760408;0,000708460058398685
"108";"50065";"gfi";165,320889830426;0,00690511714785295;1,15941934532884;0,066851806436218;8,04905894789552;0,748651684955155;7,56;1,85141514195677;7,352;0,748175307133192;0,00505399656657808
"109";"50065";"sbi";30,2965416805881;0,0322722113650386;0,82471279892255;0,00907731345312399;15,7930058108221;0,451373510328844;11,5666666666667;20,0215308594589;36,4933333333333;0,451364700599409;0,00104994258941134
"110";"50065";"vbe";7,96707259532746;3,93210811438012e-09;-0,00682722072658079;-0,184903339374104;7,05077734748471;0;8,93333333333333;1,190206545834;1,12666666666667;-0,0563963424562093;-0,0165180316507533
"111";"50067";"rbu";26,0411647772869;0,109245314375349;1,76876671470384;-0,000343587429553118;6,35560456004064;0,897938800547554;22,5125;16,3776344944711;160,46875;0,897938791855292;-7,73501200781457e-05
"112";"50067";"tei";26,0717173565448;0,0549061003968052;0,437705348312773;0,00061569789374489;2,16379909429106;0,921400186633023;23,46;1,28842721365257;16,392;0,921399023081224;0,000144442725872551
"113";"50068";"rbu";30,2815290017209;0,0737970530515269;1,35926992416066;-0,00623299062684501;6,42443305134114;0,942024960428123;22,6555555555556;19,066086435523;328,862222222222;0,942024090493923;-0,00141211865423744
"114";"50068";"tei";24,3915955954149;0,267187918411673;-374,740426702964;-0,000216372080770637;4,72981880491246;0,406969663348586;25,42;7,22786619311783;12,188;0,406968641851179;-5,50017829318961e-05
"115";"50069";"ftk";NA;NA;NA;NA;NA;NA;8,3;NA;4;NA;NA
"116";"50069";"ges";26,7472770221972;0,143895565829455;2,3184434131967;0,00633807722910412;3,75418893319464;0,93692091715612;23,12;7,53369284625012;119,416;0,936912198982966;0,00146536345536887
"117";"50069";"pa";NA;NA;NA;NA;NA;NA;37,5;NA;0,639999999999995;NA;NA
"118";"50069";"ser";28,6771538350463;0,0812783482897076;1,26968146880795;0,00747336452615352;5,53115724966446;0,880457929344241;23,6714285714286;23,9998752115581;200,748571428571;0,880448089663754;0,00176905214569091
"119";"50070";"gfi";31,7238475310922;0,0969248733122708;4,0372821521928;-0,000756204613300672;4,41127293073467;0,883880080140546;26,4285714285714;9,51422186509038;81,9342857142857;0,883879846121225;-0,00019985407637232
"120";"50070";"kta";21,5573591916587;0,118666177209521;2,87972197680313;-0,0131746166652297;5,13675874007361;0,986213309218553;10,08;1,34050798609824;97,228;0,986212737214606;-0,00132800135985516
"121";"50072";"gfi";35,9389909777836;0,0645567091748272;1,31578678039458;0,00101771782210351;4,08610820069308;0,680861352968526;32,92;9,04709983231684;28,348;0,68085579821092;0,000335032707036476
"122";"50073";"dgl";27,7597593534455;0,00255489657447541;-0,0488418265639206;-0,00247009838625063;3,10672117078279;0,0403673077268985;30,925;3,69218932063796;3,84750000000001;0,0403666483072239;-0,000763877925948009
"123";"50073";"gfi";27,9162327590262;0,507194190253142;35659,7363310518;-0,0376804231562823;1,03156096141167;0,960615605270657;26,78;0,381575907870466;9,648;0,9604502583053;-0,0100908173212524
"124";"50074";"gfi";42,5966656369633;0,00368123112808841;0,248961666765788;0,0112270037506825;3,02251269036992;0,742985736820077;23,64;2,55270844244464;9,932;0,742981429475973;0,00265406368666135
"125";"50076";"gfi";28,2348896054975;0,0621622733645918;0,972586837564904;0,00440103630123195;4,29045206642562;0,855171213640346;23,6142857142857;7,18544675884007;49,6085714285714;0,85515715224362;0,00103927328656234
"126";"50077";"ges";76,1685487545542;0,000140518018377783;0,19354911631288;0,0278141860039774;13,3068465661101;0,293848820333124;26,46;61,9869092853903;87,772;0,293773535006718;0,00735963361665242
"127";"50077";"kir";15,6754092197651;0,786592597237325;23446,8467237685;-0,0976445185250025;7,0874658040341;0,741225130603948;14,65;4,31238169310831;16,65;0,740998096510011;-0,0143049219639129
"128";"50077";"sei";64,6897512935433;0,000952272076925621;0,294321540633846;0,0339199185591036;6,51824852166252;0,361118029533586;24,92;13,1925245170475;20,648;0,361074945900452;0,00845284370492863
"129";"50078";"dgl";26,216799010109;0,243080044011327;20,5590158348547;-2,13651166250889e-14;6,18768417419405e-14;1;19,4;4,32295776061114e-28;82,46;1;-4,14483262526725e-15
"130";"50078";"ela";34,2817883993928;0,00396413835519915;0,120646790563529;0,00213858880527856;2,93433266946977;0,367239523815958;27,72;3,3080735280016;5,228;0,367239187451874;0,000592816816823216
"131";"50078";"kta";24,5051722718744;0,540564213060251;404,998734867106;-0,00411787708929358;7,06399519082786;0,768157793946715;23,02;13,2215214137337;57,028;0,768157371576529;-0,000947935305955383
"132";"50079";"gfi";20,5394859214172;0,290953404400175;20,3744284298325;-0,00140337281193199;1,85247402108453;0,971764961675814;19,1166666666667;0,752453796558699;26,6483333333333;0,971763570083481;-0,000268278102547666
"133";"50080";"gfi";34,8854330480008;0,539457902491058;6031986,77020715;-0,0254045977163433;3,08241336972284;0,482956533974126;34,1;8,83853944461796;17,08;0,482521109799886;-0,00866296782127307
"134";"50081";"gfi";29,5717869191442;0,13764847077895;6,36142767947471;0,00013678388682634;2,41506938441968;0,93644130350643;26,14;1,99269300243587;31,352;0,936441279585485;3,57553080164053e-05
"135";"50082";"gfi";35,4250493757947;0,117045615604553;9,18768824731326;7,37796634301605e-05;1,15163748931924;0,923771829591276;33,68;0,752221527395574;9,86799999999999;0,923771632813582;2,48489906432781e-05
"136";"50083";"gfi";55,8943712459627;0,00288524067316268;0,318694432855607;0,0186501840912873;3,97304068748099;0,693582243122022;25,6;5,17244593909905;16,88;0,693575477541526;0,00477444712736954
"137";"50085";"gfi";33,6719329199345;0,0781452126606311;1,77889501325298;-0,000211969827369817;3,71543158487743;0,584287512381359;31,5666666666667;8,25329248909533;19,8533333333333;0,584286812167797;-6,69118088397387e-05
"138";"50086";"rbu";31,9934935521832;0,0969726198084248;2,48860830609182;0,00481921621820098;2,90430907793962;0,984519526608673;26,4875;4,73431980193944;305,80875;0,984518690842105;0,00127648989579598
"139";"50086";"sei";28,3044409811026;0,427653054701734;-754063,863526765;0,0540294757147625;5,00515138817709;0,0623600118948882;28,8;8,31149987391183;8,85999999999999;0,0619074634411023;0,0155604890058516
"140";"50087";"sei";38,2612410541536;0,0867815979899856;14,2644280468469;7,03451867845053e-05;3,26440571311775;0,774348109161224;34,02;6,16661565902271;27,328;0,774348080392904;2,39314325440887e-05
"141";"50087";"wli";52,3745040188261;0,002087139177255;0,281217886726952;0,0180052877923605;7,04536817695189;0,701455507942727;19,72;9,65141993710771;32,328;0,701453231344107;0,00355064275265349
"142";"50088";"ela";26,8859082366963;0,149052202719303;13,1030382283768;-9,32378144536501e-06;0,785645198866218;0,989395391835945;24,82;0,190119419840206;17,928;0,989395391575178;-2,3141625547396e-06
"143";"50088";"gfi";78,2917114762793;0,00125036400834351;0,386776573274896;0,0538680304157425;4,54440345927881;0,836160649821739;21,55;5,7543935817927;35,115;0,836127194025553;0,0116085605545925
"144";"50088";"rbu";85,7868801859;0,00123417620779898;0,435160523426647;0,0601400936665065;5,01445408911646;0,903665512302524;16,8166666666667;4,2665653388675;44,2683333333333;0,903620375613851;0,0101135590849175
"145";"50089";"rbu";28,8653949289083;0,196420073288637;75,2730049219892;0,000160724659705672;2,95288593505148;0,797755108582045;27,8;3,36940284817907;16,66;0,797754931081688;4,46814553981767e-05
"146";"50090";"gfi";47,3000293864185;0,00181788147657023;0,242556425140434;0,0174078722582743;0,937248166018006;0,945137701153937;22,8;0,228322597693094;4,16;0,945114760169929;0,00396899487488653
"147";"50091";"gfi";32,1100447771546;0,0784527577524309;1,84775713490851;0,00172718446179727;2,97422695420667;0,913497014203123;27,5;4,01388428621499;46,4;0,913493873141918;0,00047497572699425
"148";"50092";"gfi";79,6956027659327;0,000416673121678444;0,216071311005993;0,0257594265723352;4,71196943195261;0,29059209871858;33,34;12,3397432656295;17,392;0,290493142500603;0,00858819281921654
"149";"50093";"rbu";148,717962816125;0,00754135310191808;1,46314262474713;0,0343530666517546;1,69003480756265;0,877008970535935;32,2;0,88843221270834;7,21999999999998;0,876948446993304;0,011061687461865
"150";"50094";"gfi";28,3753941949714;0,0688520941682428;1,00593539764171;0,00318868612476756;3,53918633723541;0,918489713180942;24,2428571428571;5,15314665171915;63,2171428571429;0,918484980199688;0,000773028621961507
"151";"50095";"rbu";33,4376262470743;0,0813383040470771;1,86290409538476;0,000117767682376626;2,6643603717538;0,965020216643613;28,7142857142857;4,0971324702186;117,128571428571;0,965020213085096;3,3816148796717e-05
"152";"50096";"gfi";28,4956339588123;0,195971193542132;48,7205331713863;-5,56773698747505e-05;1,5082371967989;0,943582976537476;26,8;0,816918793142024;14,48;0,943582956274722;-1,49215351264331e-05
"153";"50096";"jla";46,7674561612424;0,000908605143688563;0,169250404506655;0,0207480749061085;7,15043597331839;0,255986851423692;26,0166666666667;20,7644102206702;27,9083333333333;0,255978134822208;0,00539795748807255
"154";"50096";"rbu";387,689028971952;0,00298792113343229;1,12889323400088;0,336972851782316;4,18434763822712;0,992814391183673;12,425;1,0812056431995;148,2075;0,992704784554091;0,0418688768339528
"155";"50097";"gfi";55,1424624222982;0,0019361839371847;0,236877480187018;0,0152449984787849;5,26357665947712;0,345751744689581;31,0833333333333;16,0608426318334;24,5483333333333;0,345746107739831;0,00473865369382231
"156";"50097";"rbu";30,3277019940964;0,079620707081521;1,90967740975955;0,00238354321380431;3,3057613664326;0,950659020477764;26,48;3,83132475437707;77,648;0,950657779281152;0,000631162243015382
"157";"50098";"gfi";9,80810004050385;0,349677839029305;3,83950450844819;-0,000719642233264924;6,37090980459484;0,531324856739078;8,56666666666667;1,78721952721456;3,81333333333333;0,531323550555623;-6,16493513163618e-05
"158";"50099";"rbu";70,8356580398089;0,000215034773604882;0,16771038875072;0,0249528708959701;4,52263960597049;0,466542412136339;32,2285714285714;14,8718197795915;27,8742857142857;0,466468130088456;0,00804195382018692
"159";"50100";"gfi";21,5047918977172;0,119488506374828;1,9846165829391;-0,00563664301838364;4,53096697605289;0,910994818780262;17,74;3,23042028720178;36,292;0,910988088636565;-0,000999940471461258
"160";"50100";"rbu";15,6236840196477;0,556158748856055;86,0148949367579;-0,0318374805603506;0,119132768235903;0,999911144230626;12,7666666666667;0,000693966905669446;7,00666666666667;0,999900956198049;-0,00406458501820476
"161";"50101";"gfi";26,4136976072547;0,156847192176885;4,11710435388771;0,00105845604769654;3,9674924156127;0,870917147519696;24,5571428571429;6,64486135456125;51,4771428571429;0,870916274957183;0,000259926563712907
"162";"50101";"sbi";110,604536443355;0,000422795835891833;0,349621637224076;0,0669129388637168;5,34944270727738;0,78290853222622;22,14;7,01362139826618;32,272;0,782671622512823;0,0148145246644269
"163";"50102";"rbu";NA;NA;NA;NA;NA;NA;18;NA;324;NA;NA
"164";"50102";"sei";NA;NA;NA;NA;NA;NA;25,7;NA;0;NA;NA
"165";"50103";"dgl";78,4214014818731;0,000855575231560495;0,308141455576678;0,0266954896785454;4,92582619614633;0,75850799293282;26,7142857142857;12,1211364762471;50,1885714285714;0,758488115297366;0,00713150938555428
"166";"50103";"gfi";27,262608258461;0,284020353453073;70,1754831512731;-6,87559428327918e-05;1,53308036046076;0,962020060522072;25,86;0,785881174832412;20,692;0,962020047611037;-1,778028681656e-05
"167";"50104";"gfi";37,5483591966465;0,000563297059725757;0,0838283188795507;0,0105329828587999;2,41076842347016;0,307137252138536;27,24;2,15623057316255;3,112;0,30712385181152;0,0028691845307371
"168";"50104";"rbu";141,727440473411;0,000731137158120334;0,431674609168676;0,0729567655722037;3,43103542883653;0,936649956188735;22,675;2,4210568530804;38,1275;0,936501033294069;0,0165429465934972
"169";"50105";"rbu";24,9509540263762;0,187453622016612;8,25730175951925;0,0093401088223098;2,49945067447321;0,987018680542898;22,0666666666667;2,73782143916306;210,84;0,987014696266538;0,00206105068012303
"170";"50106";"rbu";31,7676929260594;0,270537546815984;548,286557108116;-0,000973511669656484;2,04935350248492;0,944029993442112;29,9571428571429;2,63835103043895;47,1371428571429;0,944028193680832;-0,00029163628160995
"171";"50107";"gfi";42,7795704941659;0,0531823465765387;1,94252206741398;0,00147721931886975;6,14651892734492;0,67369172583356;35,6625;38,4389931027935;117,79875;0,673689295490882;0,000526813339591925
"172";"50108";"rbu";31,1125705708531;0,0781125682699139;1,87329353692472;-0,0475121127823421;12,3944523992396;0,841003243761752;22,46;38,7475454190807;243,652;0,8409717735989;-0,010671220530914
"173";"50108";"tei";31,9222827648169;0,155845834898704;31,5103131074272;-7,75337517903686e-06;1,78734628740298;0,757201277499561;30,22;1,45873475203255;6,008;0,757201272963957;-2,34306997910493e-06
"174";"50109";"gfi";121,687123535426;0,00111456860261615;0,534708964244662;0,0602691972540075;6,65844447280194;0,760271604262026;19,72;8,62043914321764;35,948;0,7601969749856;0,0118850856984903
"175";"50109";"jla";20,4676689655578;0,361334676039702;7422,44549523661;-0,228611409525509;9,58643241080926;0,0621117324920814;19,4666666666667;10,4476464778628;11,1266666666667;0,0610263800602628;-0,0445030210542991
"176";"50109";"rbu";183,926319825443;0,00250135882930824;0,903520883416179;0,0158481174309771;12,7001043059779;0,858219068143542;12,26;12,1217555131789;85,492;0,858211814986444;0,00194297919703779
"177";"50109";"sei";62,4844459128494;0,00224529205505393;0,531711860569701;0,0491083383477404;14,7692471131628;0,385470000981141;11,08;13,3895579466928;21,788;0,385461816289115;0,00544120388892964
"178";"50110";"gfi";38,3774063980997;0,158725485964396;126,311562432176;9,59555785392786e-05;2,28117118690261;0,650239239714019;37,34;7,25545047692358;20,744;0,650238600225435;3,58298130265666e-05
"179";"50111";"gfi";31,7807369979728;0,0474472361717745;0,993556556964158;0,00390778880736493;2,38400043390405;0,988430554772385;23,9166666666667;1,95058649030622;168,588333333333;0,988429884489993;0,000934612823094779
"180";"50111";"rbu";22,1137838431241;0,282004914770283;7,74612878364674;0,0827638998398642;8,79613318189685;0,902280944941536;18,7285714285714;18,9972586664008;194,154285714286;0,90215380208317;0,0155004960985803
"181";"50112";"gfi";31,1673496397882;0,0699214387958788;1,37162529662336;0,00298553866252615;3,2594630482219;0,927251038063632;25,1666666666667;4,03733482615784;55,4933333333334;0,92724648919706;0,000751360563402415
"182";"50113";"fah";170,116850651164;0,000541993359609947;0,558881500614537;0,226304556793722;11,682635431967;0,869253636599559;15;12,2835573572625;93,78;0,869017302652351;0,0339456835190584
"183";"50113";"hbu";17,9060130274283;0,483389436221633;-431,358608674297;1,19324588833194e-05;5,15568611998147;0,0772090203780307;18,08;4,34449994018623;4,708;0,0772090186520314;2,15738856610416e-06
"184";"50113";"sei";1,52173896666473;0,000922292745850186;-0,725073350395488;-0,0435269638130022;6,14417512975561;0,431998677029098;18,5333333333333;3,89005284017653;6,84666666666666;0,431832593937216;-0,00806699729334307
"185";"50114";"gfi";29,7971075356069;7,92017900155551e-05;0,010149238233281;0,00170717341456559;3,57675790798997;0,00526183098569715;28,14;5,06520798197935;5,092;0,00526159034184037;0,000480398598858756
"186";"50114";"rbu";22,484493723442;0,167448012661719;2,35643629331612;0,0102975992087784;13,7235799098029;0,330100012323566;20,7285714285714;56,646308836876;84,5542857142857;0,330059873862722;0,00213454520741964
"187";"50115";"rbu";32,8315970468398;0,420876384750168;342343,887014724;-0,0433121745905959;2,80945660879251;0,488264249704773;32,4166666666667;4,97659866602521;9,70833333333333;0,487388978606845;-0,0140403632631182
"188";"50116";"rbu";29,1266704763969;0,149570111977374;6,09082522921093;0,00305049810455224;2,8606097635601;0,966519196961751;26,05;4,44245129871095;132,68;0,966517551260846;0,000794654756235857
"189";"50117";"rbu";26,2498207015365;0,221251606918662;24,5526518907826;0,031683836484308;2,60031429829858;0,988669127957706;22,8222222222222;6,33928172599699;557,991111111111;0,988639099082826;0,00723095557097429
"190";"50117";"sei";22,9957379163255;0,00153555858238848;-0,0411257239644652;-0,00576333039221995;2,73390730332289;0,0214031270321792;25,65;3,93398134551372;4,02;0,0213976752453431;-0,00147829424560442
"191";"50118";"rbu";34,3155330058275;0,128337653818607;18,2517945086512;0,000438034541487762;3,19536191915605;0,888559544115308;32,1666666666667;9,50812181258328;85,32;0,888559284897055;0,00014090111084523
"192";"50119";"rbu";45,3503401715786;0,00139410654267185;0,118487389121992;0,0110083156395247;3,35613351431405;0,266315219727826;33,2333333333333;7,46410116373072;10,1733333333333;0,266307225059236;0,00365843023086872
"193";"50121";"ela";30,7326634848014;0,325559656079341;101551,62913363;-0,0420075323949816;3,15387754008004;0,689843867606166;29,25;3,40409275223089;10,97;0,689690724500375;-0,0122872032255321
"194";"50121";"rbu";17,2807203151253;0,60673992304353;346,701333808324;0,00706551077240753;2,23519799589814;0,979848750958192;14,96;0,559068714937087;27,732;0,979840303081744;0,00105700041155217
"195";"50121";"rei";34,1943541989827;0,0396431310303343;0,905620338281547;-0,00479103279695586;7,92919884346706;0,911420882306062;22,7166666666667;19,4670022551839;219,768333333333;0,911420349056125;-0,00108836295037514
"196";"50122";"gfi";49,5684004148219;0,00146086834445729;0,308060178909627;0,0275570023005475;6,97689762317154;0,672882305020483;18,9166666666667;20,9023525732504;63,8966666666667;0,672872566541024;0,00521286626852024
"197";"50123";"gki";87,7068485998337;0,000555196405053922;0,380162491348017;0,100140181214083;9,98789400905338;0,862792503968762;17,7;18,7519153176887;136,64;0,862764085789749;0,0177248120748927
"198";"50124";"ela";21,6081376264713;0,154083269834853;2,74276039759262;0,000312166154006405;7,8554125764247;0,48545583952898;18,12;10,1303486014475;19,688;0,485455678512417;5,65645071059606e-05
"199";"50124";"gfi";15,9337461213832;0,247090707571206;5,76860694554523;-0,0206882422138628;4,31013815603029;0,971131064353203;13,2;1,61845358530482;56,04;0,971119671925324;-0,00273084797222989
"200";"50124";"gki";24,8238582821223;0,535431779436336;7361904,98984407;-0,0776234681750498;5,20677231123337;0,548475001006236;24;7,80781763549563;17,24;0,54711034596893;-0,018629632362012
"201";"50125";"ela";21,8911807785635;0,00060272043401312;-0,0296703747973375;-0,00387999136157715;2,65314667552914;0,0190742156588814;24,55;1,69701430910082;1,73;0,0190668733521269;-0,00095253787926719
"202";"50125";"gfi";16,6353308039718;0,206225379519249;6,17124371352617;9,95157893221429e-15;3,22468012997097e-14;1;11,9;4,41762106923767e-29;27,44;1;1,1842378929335e-15
"203";"50125";"gki";24,6404618215357;0,476371127747349;2484,20089070053;-0,0228036501194998;5,37342616704713;0,435921505917757;24;8,31562812653955;14,74;0,435846124386734;-0,00547287602867996
"204";"50126";"rbu";25,8695098901698;0,125243920489779;2,82733491622713;-0,0156686661039175;7,67665264269656;0,813657241660342;22,7;27,3298975416363;146,64;0,813625903289442;-0,00355678720558927
"205";"50127";"bah";27,9376149808251;0,11409694496539;2,83333712286239;-0,000262112283042402;2,13769410309258;0,896677868701552;25,44;1,47875197181374;14,312;0,896677475418268;-6,66813648059872e-05
"206";"50127";"rbu";26,3959137790789;0,208394121105173;187,991667208061;-0,0435725167641139;0,59314157216557;0,967667816258297;23,8666666666667;0,0601203524378842;1,84666666666666;0,96744385247046;-0,0103993073343685
"207";"50128";"gfi";23,254828944329;0,128032251903688;2,66588844290611;0,00444230125088199;3,12049058336505;0,957938264957381;18,62;1,68801037012406;40,128;0,957934350824261;0,000827156492914227
"208";"50129";"gfi";29,6678355757573;0,106273809826607;2,83050255606073;0,00911265477689308;4,82366671420212;0,970219339437707;23,2875;10,0946277605928;338,94875;0,970217834523382;0,00212210948116898
"209";"50130";"ges";19,9249464206533;0,232845239750306;1,98100027481766;0,000230446946250311;2,93634638948854;0,834418308571663;18,58;1,48825036001714;8,988;0,834418072984296;4,28170426133079e-05
"210";"50130";"rbu";202,427726928292;0,000644198176262892;0,539650996175029;0,211975864370561;4,07870237802209;0,989363012022779;25,275;8,50190695490669;792,575;0,989273056865399;0,0535768997196593
"211";"50131";"bah";24,8549546573938;0,0270749826981143;0,62136810926919;0,0022996906185558;4,16799340804411;0,978059496850748;13,68;1,6255347045645;74,088;0,978059406319991;0,000314597676618433
"212";"50131";"rbu";19,1357057960778;0,0625064451874875;0,759733656470248;-0,00233479303315915;4,47642735288084;0,90779000424451;16,0166666666667;3,08431415181144;33,4483333333333;0,907788704415424;-0,000373956017477658
"213";"50132";"rbu";38,2901364380611;0,0257591041505798;0,735259356709719;0,0322570521871634;6,84314109199512;0,877376663466501;24,5;22,4870841183781;183,26;0,877294095174189;0,00790297778585503
"214";"50132";"sei";32,2514910635948;0,220535926019453;29,707396371675;5,13577512654126e-05;4,58771952568613;0,000440219119954689;32,25;13,1342236274215;13,135;5,91071624299611e-05;1,65628747830956e-05
"215";"50133";"rbu";35,1464858987886;0,0325117512022259;0,545778074661228;0,00696935819154254;7,48374230690183;0,624490089042692;29,74;49,5358452339765;131,904;0,624455321794817;0,00207268712616475
"216";"50133";"sei";28,4598986309626;0,271394988463584;-2139,86515087212;-5,08125295009167e-06;3,02148595294972;0,128447098423999;28,68;3,75464998369266;4,308;0,128447078994275;-1,4573033460863e-06
"217";"50134";"ela";26,8008758285467;0,345602611384643;162,089737470434;-0,00778649044995295;2,38017463918197;0,979072483534174;24,0333333333333;0,981673170327951;46,9066666666667;0,979071777210177;-0,00187135320480536
"218";"50134";"gfi";23,3737959625754;0,140908907459475;2,36966909583824;-0,00273521516949352;2,18487205863162;0,974622674351551;19,42;0,900161588538299;35,468;0,97462045820068;-0,000531178785915642
"219";"50135";"gfi";33,8390095198959;0,0470378003149522;0,617533039896063;0,000234155607238934;3,24188113453639;0,846377543873897;29,5571428571429;6,42713046226791;41,8371428571428;0,846377404780867;6,9209707339622e-05
"220";"50136";"rbu";70,5525605820236;0,000752077436159575;0,22495183794399;0,0310675288390036;3,07025316190409;0,548791225598394;33,88;5,4100986245905;11,988;0,548707155105899;0,0105256787706544
"221";"50137";"rbu";26,3676175358901;0,0472609962196909;0,563573891281026;-0,00867766794086029;7,44232752660047;0,754099827183774;21,5875;20,6496286394732;83,96875;0,754079599381041;-0,00187329156673322
"222";"50138";"rbu";48,635735205736;0,000328539680634884;0,0956257261020368;0,0150054178039781;3,26383861791518;0,200462211230828;33,2142857142857;8,2263129632409;10,2885714285714;0,200441672553646;0,00498394234203557
"223";"50139";"rbu";36,0081418733527;0,0878810669307573;3,7536012754985;0,000775329936570217;3,47636388067967;0,914278586577147;32,6;8,9904969509888;104,88;0,914278251802166;0,000252757559321891
"224";"50140";"rbu";79,5596450817263;0,000293195653421358;0,22672461318989;0,0197163711534208;4,78384316539193;0,774763609311975;27,22;8,47813079864593;37,628;0,774685585238495;0,00536679622796115
"225";"50140";"ser";28,7657748105493;0,45836558784017;203778,352095274;-0,0683908395296034;3,86171696708905;0,508337214401346;27,92;5,81248322946359;11,808;0,507750404008843;-0,0190947223966653
"226";"50141";"rbu";17,0805386787153;0,128284971407125;0,727932635002295;0,000155653357270531;8,45139657666099;0,0994546546638252;15,8;8,91540631326236;9,89999999999999;0,0994539077512763;2,4593230448744e-05
"227";"50142";"bah";20,7454121237191;0,0807250295891073;0,849472826971209;-0,000469917344336459;6,10399048027591;0,903078980421956;16,1833333333333;11,7096765874618;120,816666666667;0,903078963271112;-7,60482902251169e-05
"228";"50142";"hbu";84,2386066129918;0,00068116227766254;0,429449291061132;0,0422959327892289;12,4145654995038;0,381650802403264;15,6;30,0055942373857;48,52;0,3815829711998;0,00659816551511971
"229";"50142";"rob";22,1234181841252;0,16031588814118;33,3758356543888;0,000783447377581624;12,0873946491171;0,471821892892019;20,54;61,6405183744198;116,704;0,471821716698487;0,000160920091355266
"230";"50143";"pa";70,2572464835817;0,00556575157100906;0,600953085372335;0,00654199862239593;4,70939894044093;0,926789535762393;26,3625;12,3308818351348;168,41875;0,926784388109193;0,00172463438682913
"231";"50143";"ser";12,1155709132413;1,18246992601229;11002,7434494324;-0,0718288014856228;3,14716454171056;0,965005725242837;10,8333333333333;0,348726030476967;9,94666666666666;0,96494041248556;-0,0077814534942758
"232";"50144";"gfi";33,0703818817251;0,156791501187526;17,5154212955992;-5,99274433998222e-05;1,07594364970167;0,893509277544202;31,96;0,591238353574681;5,552;0,893508942079488;-1,91528109105832e-05
"233";"50145";"gfi";14,6516052076805;0,326416460357684;9,13599297479231;-0,000598742841469977;1,82213735902784;0,979875637237212;13,28;0,585542435853606;29,096;0,979875500554935;-7,95130493472129e-05
"234";"50146";"gfi";31,8070554979599;0,0780262973752119;2,60982919885702;0,00237338440619141;2,99008485434306;0,99302146310396;24,38;2,65707879329224;380,748;0,993021424161671;0,000578631118229467
"235";"50146";"gki";142,510697617684;0,00136525105221567;0,606043435207545;0,0280790399482961;2,29259118525771;0,931311094059532;25,98;1,77378727237648;25,808;0,931269867003391;0,00729493457856734
"236";"50146";"tei";24,4842710714496;0,147055936573833;23,0393005366401;0,00684667652432402;3,06677948539816;0,983657032644276;18,9;1,34384351110064;82,22;0,983655515554602;0,00129402186309724
"237";"all";"bah";21,8883157807854;0,141681986182304;2,27844741558539;0,0163607479113918;14,7019824876787;0,678228633705792;18,2862068965517;419,205579368786;1302,76896551724;0,678219553532005;0,00299176021290037
"238";"all";"dgl";32,7938047242266;0,0788389583928341;2,53740397551514;0,0764646575489092;9,05602221058563;0,927592739762746;23,94;117,506870149452;1621,66;0,927539144981407;0,0183056390172089
"239";"all";"ela";30,2098144481178;0,0800118266177665;2,32825233049099;-0,0160585014185878;9,47688451741943;0,88196903296458;23,7528301886792;268,557802394856;2275,2120754717;0,881963617682023;-0,00381434857280382
"240";"all";"eta";97,0116862816022;0,00568346520064818;1,04683603810143;0,0424489038628827;5,57972330822245;0,868341749624326;6,8;0,719802177978938;5,46;0,868168099271257;0,00288652546267603
"241";"all";"fah";148,696577611745;0,000679422779384283;0,55482373694849;0,108336630672521;10,9706785995829;0,906204573243718;13,4333333333333;13,0312422168005;138,913333333333;0,906191566323364;0,014553220720342
"242";"all";"ftk";0,00462505723994292;0,0404512636029804;-8,44689548048774;0,686127667665011;15,9483683169125;0,917482102576298;9,66666666666667;14,2605820072244;26,4133333333333;0,460099116334262;0,0663256745409511
"243";"all";"ges";29,8715139708608;0,0385667822841911;0,514215262560838;-0,00372970104679643;14,0900321658426;0,494758611817148;23,3096774193548;334,393779328411;661,847096774194;0,494756748260696;-0,000869381282714549
"244";"all";"gfi";39,803028764463;0,0344395552002921;1,14345189035709;-0,0333547335018514;15,6226496109061;0,761568859804675;24,1143695014663;4839,66817992178;20296,6795894428;0,761553698544904;-0,0080432836828658
"245";"all";"gki";177,295280962418;0,000626202840090646;0,611243569576629;0,140286650915464;54,383381358859;0,117481619402665;16,6592233009709;8454,32886849871;9578,68873786408;0,117381397405767;0,0233706664374606
"246";"all";"hbu";19,6535665607804;0,0968579404170317;1,36833974035474;0,0202852526225671;20,9943204262636;0,50679657990887;15,2807692307692;267,588487531603;542,540384615385;0,506786047417834;0,00309974264113305
"247";"all";"jla";88,2670855782251;0,00150849011369243;0,401369941596696;0,0387135003559931;15,1841475034035;0,27827712577506;26,8578947368421;315,993655998708;437,826315789474;0,278267101352923;0,0103976311745596
"248";"all";"kir";302,94556526831;0,00210869255537305;0,927594626761208;0,0912979353744156;14,4093906207177;0,664353022392991;17,4;50,2897773625402;149,74;0,664152682232268;0,0158858407551483
"249";"all";"kta";24,3938447058262;0,180951755509859;6,19524685117517;0,0257727679708695;15,063951463896;0,89150406783615;16,55;62,1546766788264;572,865;0,891502052527513;0,0042653930991789
"250";"all";"mbi";55,0024543060878;0,0020895035892286;0,350691266908144;0,0252213331075851;6,93768736275098;0,716491819602156;18,35;16,2069610099843;57,165;0,716488043208531;0,00462811462524186
"251";"all";"nta";62,6441659099712;0,00280112068182394;0,681866235369267;0,0141442977926253;6,1601868317609;0,74623266154983;5,34;0,541053594315412;2,132;0,746222516737611;0,000755305502126191
"252";"all";"pa";62,2187094238747;0,00826767496260211;0,645989096582085;0,0201842384530642;6,71837311283245;0,922046463518969;29,156;95,9233042182661;1230,3016;0,922032691643849;0,00588491656337538
"253";"all";"rbu";34,517292660276;0,0383296521479597;1,01377296623545;-0,00205343701608021;15,0443177511921;0,773758960642794;23,5878345498783;5175,62691660026;22876,5991727494;0,773758901945292;-0,00048436132593896
"254";"all";"rei";31,4620353491629;0,0436431558100881;0,828260603812985;-0,00723162523088508;7,79072167573805;0,833620356326447;24,6529411764706;62,7107188526751;376,902352941177;0,833615475299348;-0,0017828083142729
"255";"all";"rob";22,1234181841252;0,16031588814118;33,3758356543888;0,000783447377581624;12,0873946491171;0,471821892892019;20,54;61,6405183744198;116,704;0,471821716698487;0,000160920091355266
"256";"all";"sbi";33,9928249012545;0,0389630339013919;1,06420038248072;0,0417387541773545;22,9781893320026;0,7094759969664;15,4625;908,915540107074;3128,44875;0,709467658657642;0,00645385486467344
"257";"all";"sei";40,0926111280817;0,0225462266261673;0,992522287548695;-0,00370976870208722;16,0755759903707;0,772796974738643;22,6732673267327;1341,78420843591;5905,65782178218;0,772796824853798;-0,000841125775027697
"258";"all";"ser";29,45905007622;0,0642678086675819;1,30520250404238;-0,00551810569224662;12,7455588416474;0,821763140934282;19,7433333333333;379,935584184226;2131,62733333333;0,821762660741406;-0,00108945800050589
"259";"all";"ski";18,1823773298437;0,243269609139846;14,2036646543663;-0,00186564642986506;2,96979662769038;0,947885058498169;16,6;1,4582125981391;27,98;0,947883752746994;-0,0003096973073576
"260";"all";"slb";136,518342706953;0,00468204896367473;0,868419122538998;0,105637322189365;7,63513435628914;0,816237777605664;8,7;2,20618474438732;11,98;0,81584434520974;0,00919044703047476
"261";"all";"sli";181,602156860298;0,00120390265881055;0,592437721388253;0,221706730317263;12,4417379331477;0,86038518648206;18;20,0616708265077;143,46;0,860158435616146;0,0399072114571073
"262";"all";"tei";26,5889229054528;0,0495145539824743;0,960935957041201;-0,00331948473107392;20,147706835809;0,339933902176053;21,2303797468354;1445,41934216152;2189,80708860759;0,339933024383165;-0,000704739214045212
"263";"all";"vbe";828,518314193384;0,00167072055968923;1,13828445058246;1,02028643605108;15,9455425309193;0,910624680819503;10,00625;40,7325202134487;449,149375;0,909311862643806;0,102092411507362
"264";"all";"wli";223,55315530877;0,00145996684899139;0,672606466424245;0,265083086442981;15,7946904782256;0,648345875887339;17,1923076923077;95,8592312718368;271,929230769231;0,647484637820395;0,0455738998615432
